DATAFLOW,REF_AREA:Geographic area,INDICATOR:Indicator,ECD_DOMAIN:ECD Domain,SEX:Sex,AGE:Current age,WEALTH_QUINTILE:Wealth Quintile,RESIDENCE:Residence,MOTHER_EDUCATION:Mother's Education Level,FATHER_EDUCATION:Father's Education Level,EC_EDUC_ATTND:Early Childhood Education Attendance,PLAYTHNG_TYPE:Plaything Type,INDQT_SPVN:Inadequate Supervision,TIME_PERIOD:Time period,OBS_VALUE:Observation Value,UNIT_MULTIPLIER:Unit multiplier,UNIT_MEASURE:Unit of measure,SOURCE_LINK:Citation of or link to the data source,SERIES_FOOTNOTE:Series footnote,OBS_STATUS:Observation Status,OBS_CONF:Observation confidentaility,DATA_SOURCE:Data Source,TIME_PERIOD_METHOD:Time period activity related to when the data are collected,COVERAGE_TIME:The period of time for which data are provided,FREQ_COLL:Time interval at which the source data are collected,OBS_FOOTNOTE:Observation footnote
UNICEF:ECD(1.0): Early Childhood Development,BIH: Bosnia and Herzegovina,"ECD_CHLD_36-59M_LMPSL: Percentage of children (aged 36-59 months) developmentally on track in at least 3 of the 4 following domains: literacy-numeracy, physical, social-emotional and learning",_T: Total,_T: Total,M36T59: 36 to 59 months old,_T: Total,_T: Total,_T: Total,_T: Total,_T: Total,_T: Total,_T: Total,2012,96.4,,PCNT: %,,,RP: Reported,F: Free,MICS 2011-12,End of fieldwork,2011 to 2012,0: Not Known,
UNICEF:ECD(1.0): Early Childhood Development,BIH: Bosnia and Herzegovina,"ECD_CHLD_36-59M_LMPSL: Percentage of children (aged 36-59 months) developmentally on track in at least 3 of the 4 following domains: literacy-numeracy, physical, social-emotional and learning",LN_D: Literacy-numeracy development,_T: Total,M36T59: 36 to 59 months old,_T: Total,_T: Total,_T: Total,_T: Total,_T: Total,_T: Total,_T: Total,2012,25.1,,PCNT: %,,,RP: Reported,F: Free,MICS 2011-12,End of fieldwork,2011 to 2012,0: Not Known,
UNICEF:ECD(1.0): Early Childhood Development,BIH: Bosnia and Herzegovina,"ECD_CHLD_36-59M_LMPSL: Percentage of children (aged 36-59 months) developmentally on track in at least 3 of the 4 following domains: literacy-numeracy, physical, social-emotional and learning",PHYS_DEVLP: Physical development,_T: Total,M36T59: 36 to 59 months old,_T: Total,_T: Total,_T: Total,_T: Total,_T: Total,_T: Total,_T: Total,2012,99.6,,PCNT: %,,,RP: Reported,F: Free,MICS 2011-12,End of fieldwork,2011 to 2012,0: Not Known,
UNICEF:ECD(1.0): Early Childhood Development,BIH: Bosnia and Herzegovina,"ECD_CHLD_36-59M_LMPSL: Percentage of children (aged 36-59 months) developmentally on track in at least 3 of the 4 following domains: literacy-numeracy, physical, social-emotional and learning",SE_D: Social-emotional development,_T: Total,M36T59: 36 to 59 months old,_T: Total,_T: Total,_T: Total,_T: Total,_T: Total,_T: Total,_T: Total,2012,95.3,,PCNT: %,,,RP: Reported,F: Free,MICS 2011-12,End of fieldwork,2011 to 2012,0: Not Known,
UNICEF:ECD(1.0): Early Childhood Development,BIH: Bosnia and Herzegovina,"ECD_CHLD_36-59M_LMPSL: Percentage of children (aged 36-59 months) developmentally on track in at least 3 of the 4 following domains: literacy-numeracy, physical, social-emotional and learning",LRN: Learning,_T: Total,M36T59: 36 to 59 months old,_T: Total,_T: Total,_T: Total,_T: Total,_T: Total,_T: Total,_T: Total,2012,99.1,,PCNT: %,,,RP: Reported,F: Free,MICS 2011-12,End of fieldwork,2011 to 2012,0: Not Known,
UNICEF:ECD(1.0): Early Childhood Development,BIH: Bosnia and Herzegovina,"ECD_CHLD_36-59M_LMPSL: Percentage of children (aged 36-59 months) developmentally on track in at least 3 of the 4 following domains: literacy-numeracy, physical, social-emotional and learning",_T: Total,M: Male,M36T59: 36 to 59 months old,_T: Total,_T: Total,_T: Total,_T: Total,_T: Total,_T: Total,_T: Total,2012,95.3,,PCNT: %,,,RP: Reported,F: Free,MICS 2011-12,End of fieldwork,2011 to 2012,0: Not Known,
UNICEF:ECD(1.0): Early Childhood Development,BIH: Bosnia and Herzegovina,"ECD_CHLD_36-59M_LMPSL: Percentage of children (aged 36-59 months) developmentally on track in at least 3 of the 4 following domains: literacy-numeracy, physical, social-emotional and learning",_T: Total,F: Female,M36T59: 36 to 59 months old,_T: Total,_T: Total,_T: Total,_T: Total,_T: Total,_T: Total,_T: Total,2012,97.6,,PCNT: %,,,RP: Reported,F: Free,MICS 2011-12,End of fieldwork,2011 to 2012,0: Not Known,
UNICEF:ECD(1.0): Early Childhood Development,BIH: Bosnia and Herzegovina,"ECD_CHLD_36-59M_LMPSL: Percentage of children (aged 36-59 months) developmentally on track in at least 3 of the 4 following domains: literacy-numeracy, physical, social-emotional and learning",_T: Total,_T: Total,M36T59: 36 to 59 months old,Q1: Lowest,_T: Total,_T: Total,_T: Total,_T: Total,_T: Total,_T: Total,2012,95.2,,PCNT: %,,,RP: Reported,F: Free,MICS 2011-12,End of fieldwork,2011 to 2012,0: Not Known,
UNICEF:ECD(1.0): Early Childhood Development,BIH: Bosnia and Herzegovina,"ECD_CHLD_36-59M_LMPSL: Percentage of children (aged 36-59 months) developmentally on track in at least 3 of the 4 following domains: literacy-numeracy, physical, social-emotional and learning",_T: Total,_T: Total,M36T59: 36 to 59 months old,Q2: Second,_T: Total,_T: Total,_T: Total,_T: Total,_T: Total,_T: Total,2012,97.8,,PCNT: %,,,RP: Reported,F: Free,MICS 2011-12,End of fieldwork,2011 to 2012,0: Not Known,
UNICEF:ECD(1.0): Early Childhood Development,BIH: Bosnia and Herzegovina,"ECD_CHLD_36-59M_LMPSL: Percentage of children (aged 36-59 months) developmentally on track in at least 3 of the 4 following domains: literacy-numeracy, physical, social-emotional and learning",_T: Total,_T: Total,M36T59: 36 to 59 months old,Q3: Middle,_T: Total,_T: Total,_T: Total,_T: Total,_T: Total,_T: Total,2012,96.3,,PCNT: %,,,RP: Reported,F: Free,MICS 2011-12,End of fieldwork,2011 to 2012,0: Not Known,
UNICEF:ECD(1.0): Early Childhood Development,BIH: Bosnia and Herzegovina,"ECD_CHLD_36-59M_LMPSL: Percentage of children (aged 36-59 months) developmentally on track in at least 3 of the 4 following domains: literacy-numeracy, physical, social-emotional and learning",_T: Total,_T: Total,M36T59: 36 to 59 months old,Q4: Fourth,_T: Total,_T: Total,_T: Total,_T: Total,_T: Total,_T: Total,2012,98.4,,PCNT: %,,,RP: Reported,F: Free,MICS 2011-12,End of fieldwork,2011 to 2012,0: Not Known,
UNICEF:ECD(1.0): Early Childhood Development,BIH: Bosnia and Herzegovina,"ECD_CHLD_36-59M_LMPSL: Percentage of children (aged 36-59 months) developmentally on track in at least 3 of the 4 following domains: literacy-numeracy, physical, social-emotional and learning",_T: Total,_T: Total,M36T59: 36 to 59 months old,Q5: Highest,_T: Total,_T: Total,_T: Total,_T: Total,_T: Total,_T: Total,2012,94.4,,PCNT: %,,,RP: Reported,F: Free,MICS 2011-12,End of fieldwork,2011 to 2012,0: Not Known,
UNICEF:ECD(1.0): Early Childhood Development,BIH: Bosnia and Herzegovina,"ECD_CHLD_36-59M_LMPSL: Percentage of children (aged 36-59 months) developmentally on track in at least 3 of the 4 following domains: literacy-numeracy, physical, social-emotional and learning",_T: Total,_T: Total,M36T59: 36 to 59 months old,_T: Total,U: Urban,_T: Total,_T: Total,_T: Total,_T: Total,_T: Total,2012,97.7,,PCNT: %,,,RP: Reported,F: Free,MICS 2011-12,End of fieldwork,2011 to 2012,0: Not Known,
UNICEF:ECD(1.0): Early Childhood Development,BIH: Bosnia and Herzegovina,"ECD_CHLD_36-59M_LMPSL: Percentage of children (aged 36-59 months) developmentally on track in at least 3 of the 4 following domains: literacy-numeracy, physical, social-emotional and learning",_T: Total,_T: Total,M36T59: 36 to 59 months old,_T: Total,R: Rural,_T: Total,_T: Total,_T: Total,_T: Total,_T: Total,2012,95.8,,PCNT: %,,,RP: Reported,F: Free,MICS 2011-12,End of fieldwork,2011 to 2012,0: Not Known,
UNICEF:ECD(1.0): Early Childhood Development,BIH: Bosnia and Herzegovina,"ECD_CHLD_36-59M_LMPSL: Percentage of children (aged 36-59 months) developmentally on track in at least 3 of the 4 following domains: literacy-numeracy, physical, social-emotional and learning",_T: Total,_T: Total,M36T59: 36 to 59 months old,_T: Total,_T: Total,ISCED11_1: Primary education,_T: Total,_T: Total,_T: Total,_T: Total,2012,96.5,,PCNT: %,,,RP: Reported,F: Free,MICS 2011-12,End of fieldwork,2011 to 2012,0: Not Known,
UNICEF:ECD(1.0): Early Childhood Development,BIH: Bosnia and Herzegovina,"ECD_CHLD_36-59M_LMPSL: Percentage of children (aged 36-59 months) developmentally on track in at least 3 of the 4 following domains: literacy-numeracy, physical, social-emotional and learning",_T: Total,_T: Total,M36T59: 36 to 59 months old,_T: Total,_T: Total,AGG_3S_H: Secondary and Higher,_T: Total,_T: Total,_T: Total,_T: Total,2012,96.5,,PCNT: %,,,RP: Reported,F: Free,MICS 2011-12,End of fieldwork,2011 to 2012,0: Not Known,
UNICEF:ECD(1.0): Early Childhood Development,BIH: Bosnia and Herzegovina,"ECD_CHLD_36-59M_LMPSL: Percentage of children (aged 36-59 months) developmentally on track in at least 3 of the 4 following domains: literacy-numeracy, physical, social-emotional and learning",_T: Total,_T: Total,M36T59: 36 to 59 months old,_T: Total,_T: Total,_T: Total,_T: Total,ATTND: attending,_T: Total,_T: Total,2012,92.8,,PCNT: %,,,RP: Reported,F: Free,MICS 2011-12,End of fieldwork,2011 to 2012,0: Not Known,
UNICEF:ECD(1.0): Early Childhood Development,BIH: Bosnia and Herzegovina,"ECD_CHLD_36-59M_LMPSL: Percentage of children (aged 36-59 months) developmentally on track in at least 3 of the 4 following domains: literacy-numeracy, physical, social-emotional and learning",_T: Total,_T: Total,M36T59: 36 to 59 months old,_T: Total,_T: Total,_T: Total,_T: Total,N_ATTND: not attending,_T: Total,_T: Total,2012,97,,PCNT: %,,,RP: Reported,F: Free,MICS 2011-12,End of fieldwork,2011 to 2012,0: Not Known,
UNICEF:ECD(1.0): Early Childhood Development,GEO: Georgia,"ECD_CHLD_36-59M_LMPSL: Percentage of children (aged 36-59 months) developmentally on track in at least 3 of the 4 following domains: literacy-numeracy, physical, social-emotional and learning",_T: Total,_T: Total,M36T59: 36 to 59 months old,_T: Total,_T: Total,_T: Total,_T: Total,_T: Total,_T: Total,_T: Total,2015,88.4,,PCNT: %,,,RP: Reported,F: Free,WMS 2015,End of fieldwork,2015,0: Not Known,
UNICEF:ECD(1.0): Early Childhood Development,KAZ: Kazakhstan,"ECD_CHLD_36-59M_LMPSL: Percentage of children (aged 36-59 months) developmentally on track in at least 3 of the 4 following domains: literacy-numeracy, physical, social-emotional and learning",_T: Total,_T: Total,M36T59: 36 to 59 months old,_T: Total,_T: Total,_T: Total,_T: Total,_T: Total,_T: Total,_T: Total,2015,85.5,,PCNT: %,,,RP: Reported,F: Free,MICS 2015,End of fieldwork,2015,0: Not Known,
UNICEF:ECD(1.0): Early Childhood Development,KAZ: Kazakhstan,"ECD_CHLD_36-59M_LMPSL: Percentage of children (aged 36-59 months) developmentally on track in at least 3 of the 4 following domains: literacy-numeracy, physical, social-emotional and learning",LN_D: Literacy-numeracy development,_T: Total,M36T59: 36 to 59 months old,_T: Total,_T: Total,_T: Total,_T: Total,_T: Total,_T: Total,_T: Total,2015,27.7,,PCNT: %,,,RP: Reported,F: Free,MICS 2015,End of fieldwork,2015,0: Not Known,
UNICEF:ECD(1.0): Early Childhood Development,KAZ: Kazakhstan,"ECD_CHLD_36-59M_LMPSL: Percentage of children (aged 36-59 months) developmentally on track in at least 3 of the 4 following domains: literacy-numeracy, physical, social-emotional and learning",PHYS_DEVLP: Physical development,_T: Total,M36T59: 36 to 59 months old,_T: Total,_T: Total,_T: Total,_T: Total,_T: Total,_T: Total,_T: Total,2015,98.3,,PCNT: %,,,RP: Reported,F: Free,MICS 2015,End of fieldwork,2015,0: Not Known,
UNICEF:ECD(1.0): Early Childhood Development,KAZ: Kazakhstan,"ECD_CHLD_36-59M_LMPSL: Percentage of children (aged 36-59 months) developmentally on track in at least 3 of the 4 following domains: literacy-numeracy, physical, social-emotional and learning",SE_D: Social-emotional development,_T: Total,M36T59: 36 to 59 months old,_T: Total,_T: Total,_T: Total,_T: Total,_T: Total,_T: Total,_T: Total,2015,82.1,,PCNT: %,,,RP: Reported,F: Free,MICS 2015,End of fieldwork,2015,0: Not Known,
UNICEF:ECD(1.0): Early Childhood Development,KAZ: Kazakhstan,"ECD_CHLD_36-59M_LMPSL: Percentage of children (aged 36-59 months) developmentally on track in at least 3 of the 4 following domains: literacy-numeracy, physical, social-emotional and learning",LRN: Learning,_T: Total,M36T59: 36 to 59 months old,_T: Total,_T: Total,_T: Total,_T: Total,_T: Total,_T: Total,_T: Total,2015,97.2,,PCNT: %,,,RP: Reported,F: Free,MICS 2015,End of fieldwork,2015,0: Not Known,
UNICEF:ECD(1.0): Early Childhood Development,KAZ: Kazakhstan,"ECD_CHLD_36-59M_LMPSL: Percentage of children (aged 36-59 months) developmentally on track in at least 3 of the 4 following domains: literacy-numeracy, physical, social-emotional and learning",_T: Total,M: Male,M36T59: 36 to 59 months old,_T: Total,_T: Total,_T: Total,_T: Total,_T: Total,_T: Total,_T: Total,2015,84.8,,PCNT: %,,,RP: Reported,F: Free,MICS 2015,End of fieldwork,2015,0: Not Known,
UNICEF:ECD(1.0): Early Childhood Development,KAZ: Kazakhstan,"ECD_CHLD_36-59M_LMPSL: Percentage of children (aged 36-59 months) developmentally on track in at least 3 of the 4 following domains: literacy-numeracy, physical, social-emotional and learning",_T: Total,F: Female,M36T59: 36 to 59 months old,_T: Total,_T: Total,_T: Total,_T: Total,_T: Total,_T: Total,_T: Total,2015,86.3,,PCNT: %,,,RP: Reported,F: Free,MICS 2015,End of fieldwork,2015,0: Not Known,
UNICEF:ECD(1.0): Early Childhood Development,KAZ: Kazakhstan,"ECD_CHLD_36-59M_LMPSL: Percentage of children (aged 36-59 months) developmentally on track in at least 3 of the 4 following domains: literacy-numeracy, physical, social-emotional and learning",_T: Total,_T: Total,M36T59: 36 to 59 months old,Q1: Lowest,_T: Total,_T: Total,_T: Total,_T: Total,_T: Total,_T: Total,2015,87.2,,PCNT: %,,,RP: Reported,F: Free,MICS 2015,End of fieldwork,2015,0: Not Known,
UNICEF:ECD(1.0): Early Childhood Development,KAZ: Kazakhstan,"ECD_CHLD_36-59M_LMPSL: Percentage of children (aged 36-59 months) developmentally on track in at least 3 of the 4 following domains: literacy-numeracy, physical, social-emotional and learning",_T: Total,_T: Total,M36T59: 36 to 59 months old,Q2: Second,_T: Total,_T: Total,_T: Total,_T: Total,_T: Total,_T: Total,2015,82.4,,PCNT: %,,,RP: Reported,F: Free,MICS 2015,End of fieldwork,2015,0: Not Known,
UNICEF:ECD(1.0): Early Childhood Development,KAZ: Kazakhstan,"ECD_CHLD_36-59M_LMPSL: Percentage of children (aged 36-59 months) developmentally on track in at least 3 of the 4 following domains: literacy-numeracy, physical, social-emotional and learning",_T: Total,_T: Total,M36T59: 36 to 59 months old,Q3: Middle,_T: Total,_T: Total,_T: Total,_T: Total,_T: Total,_T: Total,2015,83.2,,PCNT: %,,,RP: Reported,F: Free,MICS 2015,End of fieldwork,2015,0: Not Known,
UNICEF:ECD(1.0): Early Childhood Development,KAZ: Kazakhstan,"ECD_CHLD_36-59M_LMPSL: Percentage of children (aged 36-59 months) developmentally on track in at least 3 of the 4 following domains: literacy-numeracy, physical, social-emotional and learning",_T: Total,_T: Total,M36T59: 36 to 59 months old,Q4: Fourth,_T: Total,_T: Total,_T: Total,_T: Total,_T: Total,_T: Total,2015,87.3,,PCNT: %,,,RP: Reported,F: Free,MICS 2015,End of fieldwork,2015,0: Not Known,
UNICEF:ECD(1.0): Early Childhood Development,KAZ: Kazakhstan,"ECD_CHLD_36-59M_LMPSL: Percentage of children (aged 36-59 months) developmentally on track in at least 3 of the 4 following domains: literacy-numeracy, physical, social-emotional and learning",_T: Total,_T: Total,M36T59: 36 to 59 months old,Q5: Highest,_T: Total,_T: Total,_T: Total,_T: Total,_T: Total,_T: Total,2015,87.9,,PCNT: %,,,RP: Reported,F: Free,MICS 2015,End of fieldwork,2015,0: Not Known,
UNICEF:ECD(1.0): Early Childhood Development,KAZ: Kazakhstan,"ECD_CHLD_36-59M_LMPSL: Percentage of children (aged 36-59 months) developmentally on track in at least 3 of the 4 following domains: literacy-numeracy, physical, social-emotional and learning",_T: Total,_T: Total,M36T59: 36 to 59 months old,_T: Total,U: Urban,_T: Total,_T: Total,_T: Total,_T: Total,_T: Total,2015,86,,PCNT: %,,,RP: Reported,F: Free,MICS 2015,End of fieldwork,2015,0: Not Known,
UNICEF:ECD(1.0): Early Childhood Development,KAZ: Kazakhstan,"ECD_CHLD_36-59M_LMPSL: Percentage of children (aged 36-59 months) developmentally on track in at least 3 of the 4 following domains: literacy-numeracy, physical, social-emotional and learning",_T: Total,_T: Total,M36T59: 36 to 59 months old,_T: Total,R: Rural,_T: Total,_T: Total,_T: Total,_T: Total,_T: Total,2015,85.1,,PCNT: %,,,RP: Reported,F: Free,MICS 2015,End of fieldwork,2015,0: Not Known,
UNICEF:ECD(1.0): Early Childhood Development,KAZ: Kazakhstan,"ECD_CHLD_36-59M_LMPSL: Percentage of children (aged 36-59 months) developmentally on track in at least 3 of the 4 following domains: literacy-numeracy, physical, social-emotional and learning",_T: Total,_T: Total,M36T59: 36 to 59 months old,_T: Total,_T: Total,AGG_3S_H: Secondary and Higher,_T: Total,_T: Total,_T: Total,_T: Total,2015,85.4,,PCNT: %,,,RP: Reported,F: Free,MICS 2015,End of fieldwork,2015,0: Not Known,
UNICEF:ECD(1.0): Early Childhood Development,KAZ: Kazakhstan,"ECD_CHLD_36-59M_LMPSL: Percentage of children (aged 36-59 months) developmentally on track in at least 3 of the 4 following domains: literacy-numeracy, physical, social-emotional and learning",_T: Total,_T: Total,M36T59: 36 to 59 months old,_T: Total,_T: Total,_T: Total,_T: Total,ATTND: attending,_T: Total,_T: Total,2015,89,,PCNT: %,,,RP: Reported,F: Free,MICS 2015,End of fieldwork,2015,0: Not Known,
UNICEF:ECD(1.0): Early Childhood Development,KAZ: Kazakhstan,"ECD_CHLD_36-59M_LMPSL: Percentage of children (aged 36-59 months) developmentally on track in at least 3 of the 4 following domains: literacy-numeracy, physical, social-emotional and learning",_T: Total,_T: Total,M36T59: 36 to 59 months old,_T: Total,_T: Total,_T: Total,_T: Total,N_ATTND: not attending,_T: Total,_T: Total,2015,81.2,,PCNT: %,,,RP: Reported,F: Free,MICS 2015,End of fieldwork,2015,0: Not Known,
UNICEF:ECD(1.0): Early Childhood Development,MDA: Republic of Moldova,"ECD_CHLD_36-59M_LMPSL: Percentage of children (aged 36-59 months) developmentally on track in at least 3 of the 4 following domains: literacy-numeracy, physical, social-emotional and learning",_T: Total,_T: Total,M36T59: 36 to 59 months old,_T: Total,_T: Total,_T: Total,_T: Total,_T: Total,_T: Total,_T: Total,2012,83.8,,PCNT: %,,,RP: Reported,F: Free,MICS 2012,End of fieldwork,2012,0: Not Known,
UNICEF:ECD(1.0): Early Childhood Development,MDA: Republic of Moldova,"ECD_CHLD_36-59M_LMPSL: Percentage of children (aged 36-59 months) developmentally on track in at least 3 of the 4 following domains: literacy-numeracy, physical, social-emotional and learning",LN_D: Literacy-numeracy development,_T: Total,M36T59: 36 to 59 months old,_T: Total,_T: Total,_T: Total,_T: Total,_T: Total,_T: Total,_T: Total,2012,30.3,,PCNT: %,,,RP: Reported,F: Free,MICS 2012,End of fieldwork,2012,0: Not Known,
UNICEF:ECD(1.0): Early Childhood Development,MDA: Republic of Moldova,"ECD_CHLD_36-59M_LMPSL: Percentage of children (aged 36-59 months) developmentally on track in at least 3 of the 4 following domains: literacy-numeracy, physical, social-emotional and learning",PHYS_DEVLP: Physical development,_T: Total,M36T59: 36 to 59 months old,_T: Total,_T: Total,_T: Total,_T: Total,_T: Total,_T: Total,_T: Total,2012,99.3,,PCNT: %,,,RP: Reported,F: Free,MICS 2012,End of fieldwork,2012,0: Not Known,
UNICEF:ECD(1.0): Early Childhood Development,MDA: Republic of Moldova,"ECD_CHLD_36-59M_LMPSL: Percentage of children (aged 36-59 months) developmentally on track in at least 3 of the 4 following domains: literacy-numeracy, physical, social-emotional and learning",SE_D: Social-emotional development,_T: Total,M36T59: 36 to 59 months old,_T: Total,_T: Total,_T: Total,_T: Total,_T: Total,_T: Total,_T: Total,2012,79.2,,PCNT: %,,,RP: Reported,F: Free,MICS 2012,End of fieldwork,2012,0: Not Known,
UNICEF:ECD(1.0): Early Childhood Development,MDA: Republic of Moldova,"ECD_CHLD_36-59M_LMPSL: Percentage of children (aged 36-59 months) developmentally on track in at least 3 of the 4 following domains: literacy-numeracy, physical, social-emotional and learning",LRN: Learning,_T: Total,M36T59: 36 to 59 months old,_T: Total,_T: Total,_T: Total,_T: Total,_T: Total,_T: Total,_T: Total,2012,99.2,,PCNT: %,,,RP: Reported,F: Free,MICS 2012,End of fieldwork,2012,0: Not Known,
UNICEF:ECD(1.0): Early Childhood Development,MDA: Republic of Moldova,"ECD_CHLD_36-59M_LMPSL: Percentage of children (aged 36-59 months) developmentally on track in at least 3 of the 4 following domains: literacy-numeracy, physical, social-emotional and learning",_T: Total,M: Male,M36T59: 36 to 59 months old,_T: Total,_T: Total,_T: Total,_T: Total,_T: Total,_T: Total,_T: Total,2012,83.4,,PCNT: %,,,RP: Reported,F: Free,MICS 2012,End of fieldwork,2012,0: Not Known,
UNICEF:ECD(1.0): Early Childhood Development,MDA: Republic of Moldova,"ECD_CHLD_36-59M_LMPSL: Percentage of children (aged 36-59 months) developmentally on track in at least 3 of the 4 following domains: literacy-numeracy, physical, social-emotional and learning",_T: Total,F: Female,M36T59: 36 to 59 months old,_T: Total,_T: Total,_T: Total,_T: Total,_T: Total,_T: Total,_T: Total,2012,84.2,,PCNT: %,,,RP: Reported,F: Free,MICS 2012,End of fieldwork,2012,0: Not Known,
UNICEF:ECD(1.0): Early Childhood Development,MDA: Republic of Moldova,"ECD_CHLD_36-59M_LMPSL: Percentage of children (aged 36-59 months) developmentally on track in at least 3 of the 4 following domains: literacy-numeracy, physical, social-emotional and learning",_T: Total,_T: Total,M36T59: 36 to 59 months old,Q1: Lowest,_T: Total,_T: Total,_T: Total,_T: Total,_T: Total,_T: Total,2012,74.5,,PCNT: %,,,RP: Reported,F: Free,MICS 2012,End of fieldwork,2012,0: Not Known,
UNICEF:ECD(1.0): Early Childhood Development,MDA: Republic of Moldova,"ECD_CHLD_36-59M_LMPSL: Percentage of children (aged 36-59 months) developmentally on track in at least 3 of the 4 following domains: literacy-numeracy, physical, social-emotional and learning",_T: Total,_T: Total,M36T59: 36 to 59 months old,Q2: Second,_T: Total,_T: Total,_T: Total,_T: Total,_T: Total,_T: Total,2012,88.4,,PCNT: %,,,RP: Reported,F: Free,MICS 2012,End of fieldwork,2012,0: Not Known,
UNICEF:ECD(1.0): Early Childhood Development,MDA: Republic of Moldova,"ECD_CHLD_36-59M_LMPSL: Percentage of children (aged 36-59 months) developmentally on track in at least 3 of the 4 following domains: literacy-numeracy, physical, social-emotional and learning",_T: Total,_T: Total,M36T59: 36 to 59 months old,Q3: Middle,_T: Total,_T: Total,_T: Total,_T: Total,_T: Total,_T: Total,2012,83.1,,PCNT: %,,,RP: Reported,F: Free,MICS 2012,End of fieldwork,2012,0: Not Known,
UNICEF:ECD(1.0): Early Childhood Development,MDA: Republic of Moldova,"ECD_CHLD_36-59M_LMPSL: Percentage of children (aged 36-59 months) developmentally on track in at least 3 of the 4 following domains: literacy-numeracy, physical, social-emotional and learning",_T: Total,_T: Total,M36T59: 36 to 59 months old,Q4: Fourth,_T: Total,_T: Total,_T: Total,_T: Total,_T: Total,_T: Total,2012,85.8,,PCNT: %,,,RP: Reported,F: Free,MICS 2012,End of fieldwork,2012,0: Not Known,
UNICEF:ECD(1.0): Early Childhood Development,MDA: Republic of Moldova,"ECD_CHLD_36-59M_LMPSL: Percentage of children (aged 36-59 months) developmentally on track in at least 3 of the 4 following domains: literacy-numeracy, physical, social-emotional and learning",_T: Total,_T: Total,M36T59: 36 to 59 months old,Q5: Highest,_T: Total,_T: Total,_T: Total,_T: Total,_T: Total,_T: Total,2012,86.6,,PCNT: %,,,RP: Reported,F: Free,MICS 2012,End of fieldwork,2012,0: Not Known,
UNICEF:ECD(1.0): Early Childhood Development,MDA: Republic of Moldova,"ECD_CHLD_36-59M_LMPSL: Percentage of children (aged 36-59 months) developmentally on track in at least 3 of the 4 following domains: literacy-numeracy, physical, social-emotional and learning",_T: Total,_T: Total,M36T59: 36 to 59 months old,_T: Total,U: Urban,_T: Total,_T: Total,_T: Total,_T: Total,_T: Total,2012,87,,PCNT: %,,,RP: Reported,F: Free,MICS 2012,End of fieldwork,2012,0: Not Known,
UNICEF:ECD(1.0): Early Childhood Development,MDA: Republic of Moldova,"ECD_CHLD_36-59M_LMPSL: Percentage of children (aged 36-59 months) developmentally on track in at least 3 of the 4 following domains: literacy-numeracy, physical, social-emotional and learning",_T: Total,_T: Total,M36T59: 36 to 59 months old,_T: Total,R: Rural,_T: Total,_T: Total,_T: Total,_T: Total,_T: Total,2012,81.9,,PCNT: %,,,RP: Reported,F: Free,MICS 2012,End of fieldwork,2012,0: Not Known,
UNICEF:ECD(1.0): Early Childhood Development,MDA: Republic of Moldova,"ECD_CHLD_36-59M_LMPSL: Percentage of children (aged 36-59 months) developmentally on track in at least 3 of the 4 following domains: literacy-numeracy, physical, social-emotional and learning",_T: Total,_T: Total,M36T59: 36 to 59 months old,_T: Total,_T: Total,AGG_3S_H: Secondary and Higher,_T: Total,_T: Total,_T: Total,_T: Total,2012,84.2,,PCNT: %,,,RP: Reported,F: Free,MICS 2012,End of fieldwork,2012,0: Not Known,
UNICEF:ECD(1.0): Early Childhood Development,MDA: Republic of Moldova,"ECD_CHLD_36-59M_LMPSL: Percentage of children (aged 36-59 months) developmentally on track in at least 3 of the 4 following domains: literacy-numeracy, physical, social-emotional and learning",_T: Total,_T: Total,M36T59: 36 to 59 months old,_T: Total,_T: Total,_T: Total,_T: Total,ATTND: attending,_T: Total,_T: Total,2012,86.3,,PCNT: %,,,RP: Reported,F: Free,MICS 2012,End of fieldwork,2012,0: Not Known,
UNICEF:ECD(1.0): Early Childhood Development,MDA: Republic of Moldova,"ECD_CHLD_36-59M_LMPSL: Percentage of children (aged 36-59 months) developmentally on track in at least 3 of the 4 following domains: literacy-numeracy, physical, social-emotional and learning",_T: Total,_T: Total,M36T59: 36 to 59 months old,_T: Total,_T: Total,_T: Total,_T: Total,N_ATTND: not attending,_T: Total,_T: Total,2012,77.9,,PCNT: %,,,RP: Reported,F: Free,MICS 2012,End of fieldwork,2012,0: Not Known,
UNICEF:ECD(1.0): Early Childhood Development,SRB: Serbia,"ECD_CHLD_36-59M_LMPSL: Percentage of children (aged 36-59 months) developmentally on track in at least 3 of the 4 following domains: literacy-numeracy, physical, social-emotional and learning",_T: Total,_T: Total,M36T59: 36 to 59 months old,_T: Total,_T: Total,_T: Total,_T: Total,_T: Total,_T: Total,_T: Total,2010,94.3,,PCNT: %,,,RP: Reported,F: Free,MICS 2010,End of fieldwork,2010,0: Not Known,
UNICEF:ECD(1.0): Early Childhood Development,SRB: Serbia,"ECD_CHLD_36-59M_LMPSL: Percentage of children (aged 36-59 months) developmentally on track in at least 3 of the 4 following domains: literacy-numeracy, physical, social-emotional and learning",_T: Total,_T: Total,M36T59: 36 to 59 months old,_T: Total,_T: Total,_T: Total,_T: Total,_T: Total,_T: Total,_T: Total,2014,95.1,,PCNT: %,,,RP: Reported,F: Free,MICS 2014,End of fieldwork,2014,0: Not Known,
UNICEF:ECD(1.0): Early Childhood Development,SRB: Serbia,"ECD_CHLD_36-59M_LMPSL: Percentage of children (aged 36-59 months) developmentally on track in at least 3 of the 4 following domains: literacy-numeracy, physical, social-emotional and learning",LN_D: Literacy-numeracy development,_T: Total,M36T59: 36 to 59 months old,_T: Total,_T: Total,_T: Total,_T: Total,_T: Total,_T: Total,_T: Total,2010,31.2,,PCNT: %,,,RP: Reported,F: Free,MICS 2010,End of fieldwork,2010,0: Not Known,
UNICEF:ECD(1.0): Early Childhood Development,SRB: Serbia,"ECD_CHLD_36-59M_LMPSL: Percentage of children (aged 36-59 months) developmentally on track in at least 3 of the 4 following domains: literacy-numeracy, physical, social-emotional and learning",LN_D: Literacy-numeracy development,_T: Total,M36T59: 36 to 59 months old,_T: Total,_T: Total,_T: Total,_T: Total,_T: Total,_T: Total,_T: Total,2014,35.4,,PCNT: %,,,RP: Reported,F: Free,MICS 2014,End of fieldwork,2014,0: Not Known,
UNICEF:ECD(1.0): Early Childhood Development,SRB: Serbia,"ECD_CHLD_36-59M_LMPSL: Percentage of children (aged 36-59 months) developmentally on track in at least 3 of the 4 following domains: literacy-numeracy, physical, social-emotional and learning",PHYS_DEVLP: Physical development,_T: Total,M36T59: 36 to 59 months old,_T: Total,_T: Total,_T: Total,_T: Total,_T: Total,_T: Total,_T: Total,2010,99.8,,PCNT: %,,,RP: Reported,F: Free,MICS 2010,End of fieldwork,2010,0: Not Known,
UNICEF:ECD(1.0): Early Childhood Development,SRB: Serbia,"ECD_CHLD_36-59M_LMPSL: Percentage of children (aged 36-59 months) developmentally on track in at least 3 of the 4 following domains: literacy-numeracy, physical, social-emotional and learning",PHYS_DEVLP: Physical development,_T: Total,M36T59: 36 to 59 months old,_T: Total,_T: Total,_T: Total,_T: Total,_T: Total,_T: Total,_T: Total,2014,98.5,,PCNT: %,,,RP: Reported,F: Free,MICS 2014,End of fieldwork,2014,0: Not Known,
UNICEF:ECD(1.0): Early Childhood Development,SRB: Serbia,"ECD_CHLD_36-59M_LMPSL: Percentage of children (aged 36-59 months) developmentally on track in at least 3 of the 4 following domains: literacy-numeracy, physical, social-emotional and learning",SE_D: Social-emotional development,_T: Total,M36T59: 36 to 59 months old,_T: Total,_T: Total,_T: Total,_T: Total,_T: Total,_T: Total,_T: Total,2010,94.2,,PCNT: %,,,RP: Reported,F: Free,MICS 2010,End of fieldwork,2010,0: Not Known,
UNICEF:ECD(1.0): Early Childhood Development,SRB: Serbia,"ECD_CHLD_36-59M_LMPSL: Percentage of children (aged 36-59 months) developmentally on track in at least 3 of the 4 following domains: literacy-numeracy, physical, social-emotional and learning",SE_D: Social-emotional development,_T: Total,M36T59: 36 to 59 months old,_T: Total,_T: Total,_T: Total,_T: Total,_T: Total,_T: Total,_T: Total,2014,94.6,,PCNT: %,,,RP: Reported,F: Free,MICS 2014,End of fieldwork,2014,0: Not Known,
UNICEF:ECD(1.0): Early Childhood Development,SRB: Serbia,"ECD_CHLD_36-59M_LMPSL: Percentage of children (aged 36-59 months) developmentally on track in at least 3 of the 4 following domains: literacy-numeracy, physical, social-emotional and learning",LRN: Learning,_T: Total,M36T59: 36 to 59 months old,_T: Total,_T: Total,_T: Total,_T: Total,_T: Total,_T: Total,_T: Total,2010,98.8,,PCNT: %,,,RP: Reported,F: Free,MICS 2010,End of fieldwork,2010,0: Not Known,
UNICEF:ECD(1.0): Early Childhood Development,SRB: Serbia,"ECD_CHLD_36-59M_LMPSL: Percentage of children (aged 36-59 months) developmentally on track in at least 3 of the 4 following domains: literacy-numeracy, physical, social-emotional and learning",LRN: Learning,_T: Total,M36T59: 36 to 59 months old,_T: Total,_T: Total,_T: Total,_T: Total,_T: Total,_T: Total,_T: Total,2014,98.4,,PCNT: %,,,RP: Reported,F: Free,MICS 2014,End of fieldwork,2014,0: Not Known,
UNICEF:ECD(1.0): Early Childhood Development,SRB: Serbia,"ECD_CHLD_36-59M_LMPSL: Percentage of children (aged 36-59 months) developmentally on track in at least 3 of the 4 following domains: literacy-numeracy, physical, social-emotional and learning",_T: Total,M: Male,M36T59: 36 to 59 months old,_T: Total,_T: Total,_T: Total,_T: Total,_T: Total,_T: Total,_T: Total,2010,93.9,,PCNT: %,,,RP: Reported,F: Free,MICS 2010,End of fieldwork,2010,0: Not Known,
UNICEF:ECD(1.0): Early Childhood Development,SRB: Serbia,"ECD_CHLD_36-59M_LMPSL: Percentage of children (aged 36-59 months) developmentally on track in at least 3 of the 4 following domains: literacy-numeracy, physical, social-emotional and learning",_T: Total,M: Male,M36T59: 36 to 59 months old,_T: Total,_T: Total,_T: Total,_T: Total,_T: Total,_T: Total,_T: Total,2014,95.1,,PCNT: %,,,RP: Reported,F: Free,MICS 2014,End of fieldwork,2014,0: Not Known,
UNICEF:ECD(1.0): Early Childhood Development,SRB: Serbia,"ECD_CHLD_36-59M_LMPSL: Percentage of children (aged 36-59 months) developmentally on track in at least 3 of the 4 following domains: literacy-numeracy, physical, social-emotional and learning",_T: Total,F: Female,M36T59: 36 to 59 months old,_T: Total,_T: Total,_T: Total,_T: Total,_T: Total,_T: Total,_T: Total,2010,94.7,,PCNT: %,,,RP: Reported,F: Free,MICS 2010,End of fieldwork,2010,0: Not Known,
UNICEF:ECD(1.0): Early Childhood Development,SRB: Serbia,"ECD_CHLD_36-59M_LMPSL: Percentage of children (aged 36-59 months) developmentally on track in at least 3 of the 4 following domains: literacy-numeracy, physical, social-emotional and learning",_T: Total,F: Female,M36T59: 36 to 59 months old,_T: Total,_T: Total,_T: Total,_T: Total,_T: Total,_T: Total,_T: Total,2014,95.1,,PCNT: %,,,RP: Reported,F: Free,MICS 2014,End of fieldwork,2014,0: Not Known,
UNICEF:ECD(1.0): Early Childhood Development,SRB: Serbia,"ECD_CHLD_36-59M_LMPSL: Percentage of children (aged 36-59 months) developmentally on track in at least 3 of the 4 following domains: literacy-numeracy, physical, social-emotional and learning",_T: Total,_T: Total,M36T59: 36 to 59 months old,Q1: Lowest,_T: Total,_T: Total,_T: Total,_T: Total,_T: Total,_T: Total,2010,88.3,,PCNT: %,,,RP: Reported,F: Free,MICS 2010,End of fieldwork,2010,0: Not Known,
UNICEF:ECD(1.0): Early Childhood Development,SRB: Serbia,"ECD_CHLD_36-59M_LMPSL: Percentage of children (aged 36-59 months) developmentally on track in at least 3 of the 4 following domains: literacy-numeracy, physical, social-emotional and learning",_T: Total,_T: Total,M36T59: 36 to 59 months old,Q1: Lowest,_T: Total,_T: Total,_T: Total,_T: Total,_T: Total,_T: Total,2014,90.8,,PCNT: %,,,RP: Reported,F: Free,MICS 2014,End of fieldwork,2014,0: Not Known,
UNICEF:ECD(1.0): Early Childhood Development,SRB: Serbia,"ECD_CHLD_36-59M_LMPSL: Percentage of children (aged 36-59 months) developmentally on track in at least 3 of the 4 following domains: literacy-numeracy, physical, social-emotional and learning",_T: Total,_T: Total,M36T59: 36 to 59 months old,Q2: Second,_T: Total,_T: Total,_T: Total,_T: Total,_T: Total,_T: Total,2010,95.3,,PCNT: %,,,RP: Reported,F: Free,MICS 2010,End of fieldwork,2010,0: Not Known,
UNICEF:ECD(1.0): Early Childhood Development,SRB: Serbia,"ECD_CHLD_36-59M_LMPSL: Percentage of children (aged 36-59 months) developmentally on track in at least 3 of the 4 following domains: literacy-numeracy, physical, social-emotional and learning",_T: Total,_T: Total,M36T59: 36 to 59 months old,Q2: Second,_T: Total,_T: Total,_T: Total,_T: Total,_T: Total,_T: Total,2014,93.8,,PCNT: %,,,RP: Reported,F: Free,MICS 2014,End of fieldwork,2014,0: Not Known,
UNICEF:ECD(1.0): Early Childhood Development,SRB: Serbia,"ECD_CHLD_36-59M_LMPSL: Percentage of children (aged 36-59 months) developmentally on track in at least 3 of the 4 following domains: literacy-numeracy, physical, social-emotional and learning",_T: Total,_T: Total,M36T59: 36 to 59 months old,Q3: Middle,_T: Total,_T: Total,_T: Total,_T: Total,_T: Total,_T: Total,2010,96.8,,PCNT: %,,,RP: Reported,F: Free,MICS 2010,End of fieldwork,2010,0: Not Known,
UNICEF:ECD(1.0): Early Childhood Development,SRB: Serbia,"ECD_CHLD_36-59M_LMPSL: Percentage of children (aged 36-59 months) developmentally on track in at least 3 of the 4 following domains: literacy-numeracy, physical, social-emotional and learning",_T: Total,_T: Total,M36T59: 36 to 59 months old,Q3: Middle,_T: Total,_T: Total,_T: Total,_T: Total,_T: Total,_T: Total,2014,92.6,,PCNT: %,,,RP: Reported,F: Free,MICS 2014,End of fieldwork,2014,0: Not Known,
UNICEF:ECD(1.0): Early Childhood Development,SRB: Serbia,"ECD_CHLD_36-59M_LMPSL: Percentage of children (aged 36-59 months) developmentally on track in at least 3 of the 4 following domains: literacy-numeracy, physical, social-emotional and learning",_T: Total,_T: Total,M36T59: 36 to 59 months old,Q4: Fourth,_T: Total,_T: Total,_T: Total,_T: Total,_T: Total,_T: Total,2010,94.4,,PCNT: %,,,RP: Reported,F: Free,MICS 2010,End of fieldwork,2010,0: Not Known,
UNICEF:ECD(1.0): Early Childhood Development,SRB: Serbia,"ECD_CHLD_36-59M_LMPSL: Percentage of children (aged 36-59 months) developmentally on track in at least 3 of the 4 following domains: literacy-numeracy, physical, social-emotional and learning",_T: Total,_T: Total,M36T59: 36 to 59 months old,Q4: Fourth,_T: Total,_T: Total,_T: Total,_T: Total,_T: Total,_T: Total,2014,96.7,,PCNT: %,,,RP: Reported,F: Free,MICS 2014,End of fieldwork,2014,0: Not Known,
UNICEF:ECD(1.0): Early Childhood Development,SRB: Serbia,"ECD_CHLD_36-59M_LMPSL: Percentage of children (aged 36-59 months) developmentally on track in at least 3 of the 4 following domains: literacy-numeracy, physical, social-emotional and learning",_T: Total,_T: Total,M36T59: 36 to 59 months old,Q5: Highest,_T: Total,_T: Total,_T: Total,_T: Total,_T: Total,_T: Total,2010,95.8,,PCNT: %,,,RP: Reported,F: Free,MICS 2010,End of fieldwork,2010,0: Not Known,
UNICEF:ECD(1.0): Early Childhood Development,SRB: Serbia,"ECD_CHLD_36-59M_LMPSL: Percentage of children (aged 36-59 months) developmentally on track in at least 3 of the 4 following domains: literacy-numeracy, physical, social-emotional and learning",_T: Total,_T: Total,M36T59: 36 to 59 months old,Q5: Highest,_T: Total,_T: Total,_T: Total,_T: Total,_T: Total,_T: Total,2014,97.8,,PCNT: %,,,RP: Reported,F: Free,MICS 2014,End of fieldwork,2014,0: Not Known,
UNICEF:ECD(1.0): Early Childhood Development,SRB: Serbia,"ECD_CHLD_36-59M_LMPSL: Percentage of children (aged 36-59 months) developmentally on track in at least 3 of the 4 following domains: literacy-numeracy, physical, social-emotional and learning",_T: Total,_T: Total,M36T59: 36 to 59 months old,_T: Total,U: Urban,_T: Total,_T: Total,_T: Total,_T: Total,_T: Total,2010,94.8,,PCNT: %,,,RP: Reported,F: Free,MICS 2010,End of fieldwork,2010,0: Not Known,
UNICEF:ECD(1.0): Early Childhood Development,SRB: Serbia,"ECD_CHLD_36-59M_LMPSL: Percentage of children (aged 36-59 months) developmentally on track in at least 3 of the 4 following domains: literacy-numeracy, physical, social-emotional and learning",_T: Total,_T: Total,M36T59: 36 to 59 months old,_T: Total,U: Urban,_T: Total,_T: Total,_T: Total,_T: Total,_T: Total,2014,96.8,,PCNT: %,,,RP: Reported,F: Free,MICS 2014,End of fieldwork,2014,0: Not Known,
UNICEF:ECD(1.0): Early Childhood Development,SRB: Serbia,"ECD_CHLD_36-59M_LMPSL: Percentage of children (aged 36-59 months) developmentally on track in at least 3 of the 4 following domains: literacy-numeracy, physical, social-emotional and learning",_T: Total,_T: Total,M36T59: 36 to 59 months old,_T: Total,R: Rural,_T: Total,_T: Total,_T: Total,_T: Total,_T: Total,2010,93.7,,PCNT: %,,,RP: Reported,F: Free,MICS 2010,End of fieldwork,2010,0: Not Known,
UNICEF:ECD(1.0): Early Childhood Development,SRB: Serbia,"ECD_CHLD_36-59M_LMPSL: Percentage of children (aged 36-59 months) developmentally on track in at least 3 of the 4 following domains: literacy-numeracy, physical, social-emotional and learning",_T: Total,_T: Total,M36T59: 36 to 59 months old,_T: Total,R: Rural,_T: Total,_T: Total,_T: Total,_T: Total,_T: Total,2014,92,,PCNT: %,,,RP: Reported,F: Free,MICS 2014,End of fieldwork,2014,0: Not Known,
UNICEF:ECD(1.0): Early Childhood Development,SRB: Serbia,"ECD_CHLD_36-59M_LMPSL: Percentage of children (aged 36-59 months) developmentally on track in at least 3 of the 4 following domains: literacy-numeracy, physical, social-emotional and learning",_T: Total,_T: Total,M36T59: 36 to 59 months old,_T: Total,_T: Total,ISCED11A_01: Never attended an education programme / No schooling,_T: Total,_T: Total,_T: Total,_T: Total,2010,83.7,,PCNT: %,,,RP: Reported,F: Free,MICS 2010,End of fieldwork,2010,0: Not Known,
UNICEF:ECD(1.0): Early Childhood Development,SRB: Serbia,"ECD_CHLD_36-59M_LMPSL: Percentage of children (aged 36-59 months) developmentally on track in at least 3 of the 4 following domains: literacy-numeracy, physical, social-emotional and learning",_T: Total,_T: Total,M36T59: 36 to 59 months old,_T: Total,_T: Total,ISCED11_1: Primary education,_T: Total,_T: Total,_T: Total,_T: Total,2010,96,,PCNT: %,,,RP: Reported,F: Free,MICS 2010,End of fieldwork,2010,0: Not Known,
UNICEF:ECD(1.0): Early Childhood Development,SRB: Serbia,"ECD_CHLD_36-59M_LMPSL: Percentage of children (aged 36-59 months) developmentally on track in at least 3 of the 4 following domains: literacy-numeracy, physical, social-emotional and learning",_T: Total,_T: Total,M36T59: 36 to 59 months old,_T: Total,_T: Total,ISCED11_1: Primary education,_T: Total,_T: Total,_T: Total,_T: Total,2014,90.2,,PCNT: %,,,RP: Reported,F: Free,MICS 2014,End of fieldwork,2014,0: Not Known,
UNICEF:ECD(1.0): Early Childhood Development,SRB: Serbia,"ECD_CHLD_36-59M_LMPSL: Percentage of children (aged 36-59 months) developmentally on track in at least 3 of the 4 following domains: literacy-numeracy, physical, social-emotional and learning",_T: Total,_T: Total,M36T59: 36 to 59 months old,_T: Total,_T: Total,AGG_3S_H: Secondary and Higher,_T: Total,_T: Total,_T: Total,_T: Total,2010,96,,PCNT: %,,,RP: Reported,F: Free,MICS 2010,End of fieldwork,2010,0: Not Known,
UNICEF:ECD(1.0): Early Childhood Development,SRB: Serbia,"ECD_CHLD_36-59M_LMPSL: Percentage of children (aged 36-59 months) developmentally on track in at least 3 of the 4 following domains: literacy-numeracy, physical, social-emotional and learning",_T: Total,_T: Total,M36T59: 36 to 59 months old,_T: Total,_T: Total,AGG_3S_H: Secondary and Higher,_T: Total,_T: Total,_T: Total,_T: Total,2014,95.9,,PCNT: %,,,RP: Reported,F: Free,MICS 2014,End of fieldwork,2014,0: Not Known,
UNICEF:ECD(1.0): Early Childhood Development,SRB: Serbia,"ECD_CHLD_36-59M_LMPSL: Percentage of children (aged 36-59 months) developmentally on track in at least 3 of the 4 following domains: literacy-numeracy, physical, social-emotional and learning",_T: Total,_T: Total,M36T59: 36 to 59 months old,_T: Total,_T: Total,_T: Total,_T: Total,ATTND: attending,_T: Total,_T: Total,2010,96.5,,PCNT: %,,,RP: Reported,F: Free,MICS 2010,End of fieldwork,2010,0: Not Known,
UNICEF:ECD(1.0): Early Childhood Development,SRB: Serbia,"ECD_CHLD_36-59M_LMPSL: Percentage of children (aged 36-59 months) developmentally on track in at least 3 of the 4 following domains: literacy-numeracy, physical, social-emotional and learning",_T: Total,_T: Total,M36T59: 36 to 59 months old,_T: Total,_T: Total,_T: Total,_T: Total,ATTND: attending,_T: Total,_T: Total,2014,98.1,,PCNT: %,,,RP: Reported,F: Free,MICS 2014,End of fieldwork,2014,0: Not Known,
UNICEF:ECD(1.0): Early Childhood Development,SRB: Serbia,"ECD_CHLD_36-59M_LMPSL: Percentage of children (aged 36-59 months) developmentally on track in at least 3 of the 4 following domains: literacy-numeracy, physical, social-emotional and learning",_T: Total,_T: Total,M36T59: 36 to 59 months old,_T: Total,_T: Total,_T: Total,_T: Total,N_ATTND: not attending,_T: Total,_T: Total,2010,92.6,,PCNT: %,,,RP: Reported,F: Free,MICS 2010,End of fieldwork,2010,0: Not Known,
UNICEF:ECD(1.0): Early Childhood Development,SRB: Serbia,"ECD_CHLD_36-59M_LMPSL: Percentage of children (aged 36-59 months) developmentally on track in at least 3 of the 4 following domains: literacy-numeracy, physical, social-emotional and learning",_T: Total,_T: Total,M36T59: 36 to 59 months old,_T: Total,_T: Total,_T: Total,_T: Total,N_ATTND: not attending,_T: Total,_T: Total,2014,92,,PCNT: %,,,RP: Reported,F: Free,MICS 2014,End of fieldwork,2014,0: Not Known,
UNICEF:ECD(1.0): Early Childhood Development,MKD: North Macedonia,"ECD_CHLD_36-59M_LMPSL: Percentage of children (aged 36-59 months) developmentally on track in at least 3 of the 4 following domains: literacy-numeracy, physical, social-emotional and learning",_T: Total,_T: Total,M36T59: 36 to 59 months old,_T: Total,_T: Total,_T: Total,_T: Total,_T: Total,_T: Total,_T: Total,2011,92.7,,PCNT: %,,,RP: Reported,F: Free,MICS 2011,End of fieldwork,2011,0: Not Known,
UNICEF:ECD(1.0): Early Childhood Development,MKD: North Macedonia,"ECD_CHLD_36-59M_LMPSL: Percentage of children (aged 36-59 months) developmentally on track in at least 3 of the 4 following domains: literacy-numeracy, physical, social-emotional and learning",LN_D: Literacy-numeracy development,_T: Total,M36T59: 36 to 59 months old,_T: Total,_T: Total,_T: Total,_T: Total,_T: Total,_T: Total,_T: Total,2011,43.4,,PCNT: %,,,RP: Reported,F: Free,MICS 2011,End of fieldwork,2011,0: Not Known,
UNICEF:ECD(1.0): Early Childhood Development,MKD: North Macedonia,"ECD_CHLD_36-59M_LMPSL: Percentage of children (aged 36-59 months) developmentally on track in at least 3 of the 4 following domains: literacy-numeracy, physical, social-emotional and learning",PHYS_DEVLP: Physical development,_T: Total,M36T59: 36 to 59 months old,_T: Total,_T: Total,_T: Total,_T: Total,_T: Total,_T: Total,_T: Total,2011,99.6,,PCNT: %,,,RP: Reported,F: Free,MICS 2011,End of fieldwork,2011,0: Not Known,
UNICEF:ECD(1.0): Early Childhood Development,MKD: North Macedonia,"ECD_CHLD_36-59M_LMPSL: Percentage of children (aged 36-59 months) developmentally on track in at least 3 of the 4 following domains: literacy-numeracy, physical, social-emotional and learning",SE_D: Social-emotional development,_T: Total,M36T59: 36 to 59 months old,_T: Total,_T: Total,_T: Total,_T: Total,_T: Total,_T: Total,_T: Total,2011,91.2,,PCNT: %,,,RP: Reported,F: Free,MICS 2011,End of fieldwork,2011,0: Not Known,
UNICEF:ECD(1.0): Early Childhood Development,MKD: North Macedonia,"ECD_CHLD_36-59M_LMPSL: Percentage of children (aged 36-59 months) developmentally on track in at least 3 of the 4 following domains: literacy-numeracy, physical, social-emotional and learning",LRN: Learning,_T: Total,M36T59: 36 to 59 months old,_T: Total,_T: Total,_T: Total,_T: Total,_T: Total,_T: Total,_T: Total,2011,98.5,,PCNT: %,,,RP: Reported,F: Free,MICS 2011,End of fieldwork,2011,0: Not Known,
UNICEF:ECD(1.0): Early Childhood Development,MKD: North Macedonia,"ECD_CHLD_36-59M_LMPSL: Percentage of children (aged 36-59 months) developmentally on track in at least 3 of the 4 following domains: literacy-numeracy, physical, social-emotional and learning",_T: Total,M: Male,M36T59: 36 to 59 months old,_T: Total,_T: Total,_T: Total,_T: Total,_T: Total,_T: Total,_T: Total,2011,92.6,,PCNT: %,,,RP: Reported,F: Free,MICS 2011,End of fieldwork,2011,0: Not Known,
UNICEF:ECD(1.0): Early Childhood Development,MKD: North Macedonia,"ECD_CHLD_36-59M_LMPSL: Percentage of children (aged 36-59 months) developmentally on track in at least 3 of the 4 following domains: literacy-numeracy, physical, social-emotional and learning",_T: Total,F: Female,M36T59: 36 to 59 months old,_T: Total,_T: Total,_T: Total,_T: Total,_T: Total,_T: Total,_T: Total,2011,92.8,,PCNT: %,,,RP: Reported,F: Free,MICS 2011,End of fieldwork,2011,0: Not Known,
UNICEF:ECD(1.0): Early Childhood Development,MKD: North Macedonia,"ECD_CHLD_36-59M_LMPSL: Percentage of children (aged 36-59 months) developmentally on track in at least 3 of the 4 following domains: literacy-numeracy, physical, social-emotional and learning",_T: Total,_T: Total,M36T59: 36 to 59 months old,Q1: Lowest,_T: Total,_T: Total,_T: Total,_T: Total,_T: Total,_T: Total,2011,91.5,,PCNT: %,,,RP: Reported,F: Free,MICS 2011,End of fieldwork,2011,0: Not Known,
UNICEF:ECD(1.0): Early Childhood Development,MKD: North Macedonia,"ECD_CHLD_36-59M_LMPSL: Percentage of children (aged 36-59 months) developmentally on track in at least 3 of the 4 following domains: literacy-numeracy, physical, social-emotional and learning",_T: Total,_T: Total,M36T59: 36 to 59 months old,Q2: Second,_T: Total,_T: Total,_T: Total,_T: Total,_T: Total,_T: Total,2011,90.7,,PCNT: %,,,RP: Reported,F: Free,MICS 2011,End of fieldwork,2011,0: Not Known,
UNICEF:ECD(1.0): Early Childhood Development,MKD: North Macedonia,"ECD_CHLD_36-59M_LMPSL: Percentage of children (aged 36-59 months) developmentally on track in at least 3 of the 4 following domains: literacy-numeracy, physical, social-emotional and learning",_T: Total,_T: Total,M36T59: 36 to 59 months old,Q3: Middle,_T: Total,_T: Total,_T: Total,_T: Total,_T: Total,_T: Total,2011,90.8,,PCNT: %,,,RP: Reported,F: Free,MICS 2011,End of fieldwork,2011,0: Not Known,
UNICEF:ECD(1.0): Early Childhood Development,MKD: North Macedonia,"ECD_CHLD_36-59M_LMPSL: Percentage of children (aged 36-59 months) developmentally on track in at least 3 of the 4 following domains: literacy-numeracy, physical, social-emotional and learning",_T: Total,_T: Total,M36T59: 36 to 59 months old,Q4: Fourth,_T: Total,_T: Total,_T: Total,_T: Total,_T: Total,_T: Total,2011,94.1,,PCNT: %,,,RP: Reported,F: Free,MICS 2011,End of fieldwork,2011,0: Not Known,
UNICEF:ECD(1.0): Early Childhood Development,MKD: North Macedonia,"ECD_CHLD_36-59M_LMPSL: Percentage of children (aged 36-59 months) developmentally on track in at least 3 of the 4 following domains: literacy-numeracy, physical, social-emotional and learning",_T: Total,_T: Total,M36T59: 36 to 59 months old,Q5: Highest,_T: Total,_T: Total,_T: Total,_T: Total,_T: Total,_T: Total,2011,96.5,,PCNT: %,,,RP: Reported,F: Free,MICS 2011,End of fieldwork,2011,0: Not Known,
UNICEF:ECD(1.0): Early Childhood Development,MKD: North Macedonia,"ECD_CHLD_36-59M_LMPSL: Percentage of children (aged 36-59 months) developmentally on track in at least 3 of the 4 following domains: literacy-numeracy, physical, social-emotional and learning",_T: Total,_T: Total,M36T59: 36 to 59 months old,_T: Total,U: Urban,_T: Total,_T: Total,_T: Total,_T: Total,_T: Total,2011,91.7,,PCNT: %,,,RP: Reported,F: Free,MICS 2011,End of fieldwork,2011,0: Not Known,
UNICEF:ECD(1.0): Early Childhood Development,MKD: North Macedonia,"ECD_CHLD_36-59M_LMPSL: Percentage of children (aged 36-59 months) developmentally on track in at least 3 of the 4 following domains: literacy-numeracy, physical, social-emotional and learning",_T: Total,_T: Total,M36T59: 36 to 59 months old,_T: Total,R: Rural,_T: Total,_T: Total,_T: Total,_T: Total,_T: Total,2011,93.7,,PCNT: %,,,RP: Reported,F: Free,MICS 2011,End of fieldwork,2011,0: Not Known,
UNICEF:ECD(1.0): Early Childhood Development,MKD: North Macedonia,"ECD_CHLD_36-59M_LMPSL: Percentage of children (aged 36-59 months) developmentally on track in at least 3 of the 4 following domains: literacy-numeracy, physical, social-emotional and learning",_T: Total,_T: Total,M36T59: 36 to 59 months old,_T: Total,_T: Total,AGG_0_1: None and Primary,_T: Total,_T: Total,_T: Total,_T: Total,2011,91.4,,PCNT: %,,,RP: Reported,F: Free,MICS 2011,End of fieldwork,2011,0: Not Known,
UNICEF:ECD(1.0): Early Childhood Development,MKD: North Macedonia,"ECD_CHLD_36-59M_LMPSL: Percentage of children (aged 36-59 months) developmentally on track in at least 3 of the 4 following domains: literacy-numeracy, physical, social-emotional and learning",_T: Total,_T: Total,M36T59: 36 to 59 months old,_T: Total,_T: Total,AGG_3S_H: Secondary and Higher,_T: Total,_T: Total,_T: Total,_T: Total,2011,93.5,,PCNT: %,,,RP: Reported,F: Free,MICS 2011,End of fieldwork,2011,0: Not Known,
UNICEF:ECD(1.0): Early Childhood Development,MKD: North Macedonia,"ECD_CHLD_36-59M_LMPSL: Percentage of children (aged 36-59 months) developmentally on track in at least 3 of the 4 following domains: literacy-numeracy, physical, social-emotional and learning",_T: Total,_T: Total,M36T59: 36 to 59 months old,_T: Total,_T: Total,_T: Total,_T: Total,ATTND: attending,_T: Total,_T: Total,2011,95.4,,PCNT: %,,,RP: Reported,F: Free,MICS 2011,End of fieldwork,2011,0: Not Known,
UNICEF:ECD(1.0): Early Childhood Development,MKD: North Macedonia,"ECD_CHLD_36-59M_LMPSL: Percentage of children (aged 36-59 months) developmentally on track in at least 3 of the 4 following domains: literacy-numeracy, physical, social-emotional and learning",_T: Total,_T: Total,M36T59: 36 to 59 months old,_T: Total,_T: Total,_T: Total,_T: Total,N_ATTND: not attending,_T: Total,_T: Total,2011,91.9,,PCNT: %,,,RP: Reported,F: Free,MICS 2011,End of fieldwork,2011,0: Not Known,
UNICEF:ECD(1.0): Early Childhood Development,TKM: Turkmenistan,"ECD_CHLD_36-59M_LMPSL: Percentage of children (aged 36-59 months) developmentally on track in at least 3 of the 4 following domains: literacy-numeracy, physical, social-emotional and learning",_T: Total,_T: Total,M36T59: 36 to 59 months old,_T: Total,_T: Total,_T: Total,_T: Total,_T: Total,_T: Total,_T: Total,2016,90.9,,PCNT: %,,,RP: Reported,F: Free,MICS 2015-16,End of fieldwork,2015 to 2016,0: Not Known,
UNICEF:ECD(1.0): Early Childhood Development,TKM: Turkmenistan,"ECD_CHLD_36-59M_LMPSL: Percentage of children (aged 36-59 months) developmentally on track in at least 3 of the 4 following domains: literacy-numeracy, physical, social-emotional and learning",LN_D: Literacy-numeracy development,_T: Total,M36T59: 36 to 59 months old,_T: Total,_T: Total,_T: Total,_T: Total,_T: Total,_T: Total,_T: Total,2016,19.1,,PCNT: %,,,RP: Reported,F: Free,MICS 2015-16,End of fieldwork,2015 to 2016,0: Not Known,
UNICEF:ECD(1.0): Early Childhood Development,TKM: Turkmenistan,"ECD_CHLD_36-59M_LMPSL: Percentage of children (aged 36-59 months) developmentally on track in at least 3 of the 4 following domains: literacy-numeracy, physical, social-emotional and learning",PHYS_DEVLP: Physical development,_T: Total,M36T59: 36 to 59 months old,_T: Total,_T: Total,_T: Total,_T: Total,_T: Total,_T: Total,_T: Total,2016,97.7,,PCNT: %,,,RP: Reported,F: Free,MICS 2015-16,End of fieldwork,2015 to 2016,0: Not Known,
UNICEF:ECD(1.0): Early Childhood Development,TKM: Turkmenistan,"ECD_CHLD_36-59M_LMPSL: Percentage of children (aged 36-59 months) developmentally on track in at least 3 of the 4 following domains: literacy-numeracy, physical, social-emotional and learning",SE_D: Social-emotional development,_T: Total,M36T59: 36 to 59 months old,_T: Total,_T: Total,_T: Total,_T: Total,_T: Total,_T: Total,_T: Total,2016,93.9,,PCNT: %,,,RP: Reported,F: Free,MICS 2015-16,End of fieldwork,2015 to 2016,0: Not Known,
UNICEF:ECD(1.0): Early Childhood Development,TKM: Turkmenistan,"ECD_CHLD_36-59M_LMPSL: Percentage of children (aged 36-59 months) developmentally on track in at least 3 of the 4 following domains: literacy-numeracy, physical, social-emotional and learning",LRN: Learning,_T: Total,M36T59: 36 to 59 months old,_T: Total,_T: Total,_T: Total,_T: Total,_T: Total,_T: Total,_T: Total,2016,94.6,,PCNT: %,,,RP: Reported,F: Free,MICS 2015-16,End of fieldwork,2015 to 2016,0: Not Known,
UNICEF:ECD(1.0): Early Childhood Development,TKM: Turkmenistan,"ECD_CHLD_36-59M_LMPSL: Percentage of children (aged 36-59 months) developmentally on track in at least 3 of the 4 following domains: literacy-numeracy, physical, social-emotional and learning",_T: Total,M: Male,M36T59: 36 to 59 months old,_T: Total,_T: Total,_T: Total,_T: Total,_T: Total,_T: Total,_T: Total,2016,91,,PCNT: %,,,RP: Reported,F: Free,MICS 2015-16,End of fieldwork,2015 to 2016,0: Not Known,
UNICEF:ECD(1.0): Early Childhood Development,TKM: Turkmenistan,"ECD_CHLD_36-59M_LMPSL: Percentage of children (aged 36-59 months) developmentally on track in at least 3 of the 4 following domains: literacy-numeracy, physical, social-emotional and learning",_T: Total,F: Female,M36T59: 36 to 59 months old,_T: Total,_T: Total,_T: Total,_T: Total,_T: Total,_T: Total,_T: Total,2016,90.7,,PCNT: %,,,RP: Reported,F: Free,MICS 2015-16,End of fieldwork,2015 to 2016,0: Not Known,
UNICEF:ECD(1.0): Early Childhood Development,TKM: Turkmenistan,"ECD_CHLD_36-59M_LMPSL: Percentage of children (aged 36-59 months) developmentally on track in at least 3 of the 4 following domains: literacy-numeracy, physical, social-emotional and learning",_T: Total,_T: Total,M36T59: 36 to 59 months old,Q1: Lowest,_T: Total,_T: Total,_T: Total,_T: Total,_T: Total,_T: Total,2016,86.7,,PCNT: %,,,RP: Reported,F: Free,MICS 2015-16,End of fieldwork,2015 to 2016,0: Not Known,
UNICEF:ECD(1.0): Early Childhood Development,TKM: Turkmenistan,"ECD_CHLD_36-59M_LMPSL: Percentage of children (aged 36-59 months) developmentally on track in at least 3 of the 4 following domains: literacy-numeracy, physical, social-emotional and learning",_T: Total,_T: Total,M36T59: 36 to 59 months old,Q2: Second,_T: Total,_T: Total,_T: Total,_T: Total,_T: Total,_T: Total,2016,89.5,,PCNT: %,,,RP: Reported,F: Free,MICS 2015-16,End of fieldwork,2015 to 2016,0: Not Known,
UNICEF:ECD(1.0): Early Childhood Development,TKM: Turkmenistan,"ECD_CHLD_36-59M_LMPSL: Percentage of children (aged 36-59 months) developmentally on track in at least 3 of the 4 following domains: literacy-numeracy, physical, social-emotional and learning",_T: Total,_T: Total,M36T59: 36 to 59 months old,Q3: Middle,_T: Total,_T: Total,_T: Total,_T: Total,_T: Total,_T: Total,2016,93.9,,PCNT: %,,,RP: Reported,F: Free,MICS 2015-16,End of fieldwork,2015 to 2016,0: Not Known,
UNICEF:ECD(1.0): Early Childhood Development,TKM: Turkmenistan,"ECD_CHLD_36-59M_LMPSL: Percentage of children (aged 36-59 months) developmentally on track in at least 3 of the 4 following domains: literacy-numeracy, physical, social-emotional and learning",_T: Total,_T: Total,M36T59: 36 to 59 months old,Q4: Fourth,_T: Total,_T: Total,_T: Total,_T: Total,_T: Total,_T: Total,2016,93,,PCNT: %,,,RP: Reported,F: Free,MICS 2015-16,End of fieldwork,2015 to 2016,0: Not Known,
UNICEF:ECD(1.0): Early Childhood Development,TKM: Turkmenistan,"ECD_CHLD_36-59M_LMPSL: Percentage of children (aged 36-59 months) developmentally on track in at least 3 of the 4 following domains: literacy-numeracy, physical, social-emotional and learning",_T: Total,_T: Total,M36T59: 36 to 59 months old,Q5: Highest,_T: Total,_T: Total,_T: Total,_T: Total,_T: Total,_T: Total,2016,91.9,,PCNT: %,,,RP: Reported,F: Free,MICS 2015-16,End of fieldwork,2015 to 2016,0: Not Known,
UNICEF:ECD(1.0): Early Childhood Development,TKM: Turkmenistan,"ECD_CHLD_36-59M_LMPSL: Percentage of children (aged 36-59 months) developmentally on track in at least 3 of the 4 following domains: literacy-numeracy, physical, social-emotional and learning",_T: Total,_T: Total,M36T59: 36 to 59 months old,_T: Total,U: Urban,_T: Total,_T: Total,_T: Total,_T: Total,_T: Total,2016,91.6,,PCNT: %,,,RP: Reported,F: Free,MICS 2015-16,End of fieldwork,2015 to 2016,0: Not Known,
UNICEF:ECD(1.0): Early Childhood Development,TKM: Turkmenistan,"ECD_CHLD_36-59M_LMPSL: Percentage of children (aged 36-59 months) developmentally on track in at least 3 of the 4 following domains: literacy-numeracy, physical, social-emotional and learning",_T: Total,_T: Total,M36T59: 36 to 59 months old,_T: Total,R: Rural,_T: Total,_T: Total,_T: Total,_T: Total,_T: Total,2016,90.5,,PCNT: %,,,RP: Reported,F: Free,MICS 2015-16,End of fieldwork,2015 to 2016,0: Not Known,
UNICEF:ECD(1.0): Early Childhood Development,TKM: Turkmenistan,"ECD_CHLD_36-59M_LMPSL: Percentage of children (aged 36-59 months) developmentally on track in at least 3 of the 4 following domains: literacy-numeracy, physical, social-emotional and learning",_T: Total,_T: Total,M36T59: 36 to 59 months old,_T: Total,_T: Total,AGG_3S_H: Secondary and Higher,_T: Total,_T: Total,_T: Total,_T: Total,2016,90.1,,PCNT: %,,,RP: Reported,F: Free,MICS 2015-16,End of fieldwork,2015 to 2016,0: Not Known,
UNICEF:ECD(1.0): Early Childhood Development,TKM: Turkmenistan,"ECD_CHLD_36-59M_LMPSL: Percentage of children (aged 36-59 months) developmentally on track in at least 3 of the 4 following domains: literacy-numeracy, physical, social-emotional and learning",_T: Total,_T: Total,M36T59: 36 to 59 months old,_T: Total,_T: Total,_T: Total,_T: Total,ATTND: attending,_T: Total,_T: Total,2016,94.7,,PCNT: %,,,RP: Reported,F: Free,MICS 2015-16,End of fieldwork,2015 to 2016,0: Not Known,
UNICEF:ECD(1.0): Early Childhood Development,TKM: Turkmenistan,"ECD_CHLD_36-59M_LMPSL: Percentage of children (aged 36-59 months) developmentally on track in at least 3 of the 4 following domains: literacy-numeracy, physical, social-emotional and learning",_T: Total,_T: Total,M36T59: 36 to 59 months old,_T: Total,_T: Total,_T: Total,_T: Total,N_ATTND: not attending,_T: Total,_T: Total,2016,88,,PCNT: %,,,RP: Reported,F: Free,MICS 2015-16,End of fieldwork,2015 to 2016,0: Not Known,
UNICEF:ECD(1.0): Early Childhood Development,UKR: Ukraine,"ECD_CHLD_36-59M_LMPSL: Percentage of children (aged 36-59 months) developmentally on track in at least 3 of the 4 following domains: literacy-numeracy, physical, social-emotional and learning",_T: Total,_T: Total,M36T59: 36 to 59 months old,_T: Total,_T: Total,_T: Total,_T: Total,_T: Total,_T: Total,_T: Total,2012,89,,PCNT: %,,,RP: Reported,F: Free,MICS 2012,End of fieldwork,2012,0: Not Known,
UNICEF:ECD(1.0): Early Childhood Development,UKR: Ukraine,"ECD_CHLD_36-59M_LMPSL: Percentage of children (aged 36-59 months) developmentally on track in at least 3 of the 4 following domains: literacy-numeracy, physical, social-emotional and learning",LN_D: Literacy-numeracy development,_T: Total,M36T59: 36 to 59 months old,_T: Total,_T: Total,_T: Total,_T: Total,_T: Total,_T: Total,_T: Total,2012,45.2,,PCNT: %,,,RP: Reported,F: Free,MICS 2012,End of fieldwork,2012,0: Not Known,
UNICEF:ECD(1.0): Early Childhood Development,UKR: Ukraine,"ECD_CHLD_36-59M_LMPSL: Percentage of children (aged 36-59 months) developmentally on track in at least 3 of the 4 following domains: literacy-numeracy, physical, social-emotional and learning",PHYS_DEVLP: Physical development,_T: Total,M36T59: 36 to 59 months old,_T: Total,_T: Total,_T: Total,_T: Total,_T: Total,_T: Total,_T: Total,2012,98.1,,PCNT: %,,,RP: Reported,F: Free,MICS 2012,End of fieldwork,2012,0: Not Known,
UNICEF:ECD(1.0): Early Childhood Development,UKR: Ukraine,"ECD_CHLD_36-59M_LMPSL: Percentage of children (aged 36-59 months) developmentally on track in at least 3 of the 4 following domains: literacy-numeracy, physical, social-emotional and learning",SE_D: Social-emotional development,_T: Total,M36T59: 36 to 59 months old,_T: Total,_T: Total,_T: Total,_T: Total,_T: Total,_T: Total,_T: Total,2012,83.5,,PCNT: %,,,RP: Reported,F: Free,MICS 2012,End of fieldwork,2012,0: Not Known,
UNICEF:ECD(1.0): Early Childhood Development,UKR: Ukraine,"ECD_CHLD_36-59M_LMPSL: Percentage of children (aged 36-59 months) developmentally on track in at least 3 of the 4 following domains: literacy-numeracy, physical, social-emotional and learning",LRN: Learning,_T: Total,M36T59: 36 to 59 months old,_T: Total,_T: Total,_T: Total,_T: Total,_T: Total,_T: Total,_T: Total,2012,97,,PCNT: %,,,RP: Reported,F: Free,MICS 2012,End of fieldwork,2012,0: Not Known,
UNICEF:ECD(1.0): Early Childhood Development,UKR: Ukraine,"ECD_CHLD_36-59M_LMPSL: Percentage of children (aged 36-59 months) developmentally on track in at least 3 of the 4 following domains: literacy-numeracy, physical, social-emotional and learning",_T: Total,M: Male,M36T59: 36 to 59 months old,_T: Total,_T: Total,_T: Total,_T: Total,_T: Total,_T: Total,_T: Total,2012,88.7,,PCNT: %,,,RP: Reported,F: Free,MICS 2012,End of fieldwork,2012,0: Not Known,
UNICEF:ECD(1.0): Early Childhood Development,UKR: Ukraine,"ECD_CHLD_36-59M_LMPSL: Percentage of children (aged 36-59 months) developmentally on track in at least 3 of the 4 following domains: literacy-numeracy, physical, social-emotional and learning",_T: Total,F: Female,M36T59: 36 to 59 months old,_T: Total,_T: Total,_T: Total,_T: Total,_T: Total,_T: Total,_T: Total,2012,89.3,,PCNT: %,,,RP: Reported,F: Free,MICS 2012,End of fieldwork,2012,0: Not Known,
UNICEF:ECD(1.0): Early Childhood Development,UKR: Ukraine,"ECD_CHLD_36-59M_LMPSL: Percentage of children (aged 36-59 months) developmentally on track in at least 3 of the 4 following domains: literacy-numeracy, physical, social-emotional and learning",_T: Total,_T: Total,M36T59: 36 to 59 months old,Q1: Lowest,_T: Total,_T: Total,_T: Total,_T: Total,_T: Total,_T: Total,2012,87.8,,PCNT: %,,,RP: Reported,F: Free,MICS 2012,End of fieldwork,2012,0: Not Known,
UNICEF:ECD(1.0): Early Childhood Development,UKR: Ukraine,"ECD_CHLD_36-59M_LMPSL: Percentage of children (aged 36-59 months) developmentally on track in at least 3 of the 4 following domains: literacy-numeracy, physical, social-emotional and learning",_T: Total,_T: Total,M36T59: 36 to 59 months old,Q2: Second,_T: Total,_T: Total,_T: Total,_T: Total,_T: Total,_T: Total,2012,88.1,,PCNT: %,,,RP: Reported,F: Free,MICS 2012,End of fieldwork,2012,0: Not Known,
UNICEF:ECD(1.0): Early Childhood Development,UKR: Ukraine,"ECD_CHLD_36-59M_LMPSL: Percentage of children (aged 36-59 months) developmentally on track in at least 3 of the 4 following domains: literacy-numeracy, physical, social-emotional and learning",_T: Total,_T: Total,M36T59: 36 to 59 months old,Q3: Middle,_T: Total,_T: Total,_T: Total,_T: Total,_T: Total,_T: Total,2012,86.6,,PCNT: %,,,RP: Reported,F: Free,MICS 2012,End of fieldwork,2012,0: Not Known,
UNICEF:ECD(1.0): Early Childhood Development,UKR: Ukraine,"ECD_CHLD_36-59M_LMPSL: Percentage of children (aged 36-59 months) developmentally on track in at least 3 of the 4 following domains: literacy-numeracy, physical, social-emotional and learning",_T: Total,_T: Total,M36T59: 36 to 59 months old,Q4: Fourth,_T: Total,_T: Total,_T: Total,_T: Total,_T: Total,_T: Total,2012,90.9,,PCNT: %,,,RP: Reported,F: Free,MICS 2012,End of fieldwork,2012,0: Not Known,
UNICEF:ECD(1.0): Early Childhood Development,UKR: Ukraine,"ECD_CHLD_36-59M_LMPSL: Percentage of children (aged 36-59 months) developmentally on track in at least 3 of the 4 following domains: literacy-numeracy, physical, social-emotional and learning",_T: Total,_T: Total,M36T59: 36 to 59 months old,Q5: Highest,_T: Total,_T: Total,_T: Total,_T: Total,_T: Total,_T: Total,2012,91.4,,PCNT: %,,,RP: Reported,F: Free,MICS 2012,End of fieldwork,2012,0: Not Known,
UNICEF:ECD(1.0): Early Childhood Development,UKR: Ukraine,"ECD_CHLD_36-59M_LMPSL: Percentage of children (aged 36-59 months) developmentally on track in at least 3 of the 4 following domains: literacy-numeracy, physical, social-emotional and learning",_T: Total,_T: Total,M36T59: 36 to 59 months old,_T: Total,U: Urban,_T: Total,_T: Total,_T: Total,_T: Total,_T: Total,2012,89.3,,PCNT: %,,,RP: Reported,F: Free,MICS 2012,End of fieldwork,2012,0: Not Known,
UNICEF:ECD(1.0): Early Childhood Development,UKR: Ukraine,"ECD_CHLD_36-59M_LMPSL: Percentage of children (aged 36-59 months) developmentally on track in at least 3 of the 4 following domains: literacy-numeracy, physical, social-emotional and learning",_T: Total,_T: Total,M36T59: 36 to 59 months old,_T: Total,R: Rural,_T: Total,_T: Total,_T: Total,_T: Total,_T: Total,2012,88.1,,PCNT: %,,,RP: Reported,F: Free,MICS 2012,End of fieldwork,2012,0: Not Known,
UNICEF:ECD(1.0): Early Childhood Development,UKR: Ukraine,"ECD_CHLD_36-59M_LMPSL: Percentage of children (aged 36-59 months) developmentally on track in at least 3 of the 4 following domains: literacy-numeracy, physical, social-emotional and learning",_T: Total,_T: Total,M36T59: 36 to 59 months old,_T: Total,_T: Total,AGG_3S_H: Secondary and Higher,_T: Total,_T: Total,_T: Total,_T: Total,2012,89,,PCNT: %,,,RP: Reported,F: Free,MICS 2012,End of fieldwork,2012,0: Not Known,
UNICEF:ECD(1.0): Early Childhood Development,UKR: Ukraine,"ECD_CHLD_36-59M_LMPSL: Percentage of children (aged 36-59 months) developmentally on track in at least 3 of the 4 following domains: literacy-numeracy, physical, social-emotional and learning",_T: Total,_T: Total,M36T59: 36 to 59 months old,_T: Total,_T: Total,_T: Total,_T: Total,ATTND: attending,_T: Total,_T: Total,2012,93.8,,PCNT: %,,,RP: Reported,F: Free,MICS 2012,End of fieldwork,2012,0: Not Known,
UNICEF:ECD(1.0): Early Childhood Development,UKR: Ukraine,"ECD_CHLD_36-59M_LMPSL: Percentage of children (aged 36-59 months) developmentally on track in at least 3 of the 4 following domains: literacy-numeracy, physical, social-emotional and learning",_T: Total,_T: Total,M36T59: 36 to 59 months old,_T: Total,_T: Total,_T: Total,_T: Total,N_ATTND: not attending,_T: Total,_T: Total,2012,83.7,,PCNT: %,,,RP: Reported,F: Free,MICS 2012,End of fieldwork,2012,0: Not Known,
UNICEF:ECD(1.0): Early Childhood Development,BLR: Belarus,"ECD_CHLD_36-59M_LMPSL: Percentage of children (aged 36-59 months) developmentally on track in at least 3 of the 4 following domains: literacy-numeracy, physical, social-emotional and learning",_T: Total,_T: Total,M36T59: 36 to 59 months old,_T: Total,_T: Total,_T: Total,_T: Total,_T: Total,_T: Total,_T: Total,2019,87,,PCNT: %,,,RP: Reported,F: Free,MICS 2019,End of fieldwork,2019,0: Not Known,
UNICEF:ECD(1.0): Early Childhood Development,KGZ: Kyrgyzstan,"ECD_CHLD_36-59M_LMPSL: Percentage of children (aged 36-59 months) developmentally on track in at least 3 of the 4 following domains: literacy-numeracy, physical, social-emotional and learning",_T: Total,_T: Total,M36T59: 36 to 59 months old,_T: Total,_T: Total,_T: Total,_T: Total,_T: Total,_T: Total,_T: Total,2018,71.7,,PCNT: %,,,RP: Reported,F: Free,MICS 2018,End of fieldwork,2018,0: Not Known,
UNICEF:ECD(1.0): Early Childhood Development,KGZ: Kyrgyzstan,"ECD_CHLD_36-59M_LMPSL: Percentage of children (aged 36-59 months) developmentally on track in at least 3 of the 4 following domains: literacy-numeracy, physical, social-emotional and learning",LN_D: Literacy-numeracy development,_T: Total,M36T59: 36 to 59 months old,_T: Total,_T: Total,_T: Total,_T: Total,_T: Total,_T: Total,_T: Total,2018,14.3,,PCNT: %,,,RP: Reported,F: Free,MICS 2018,End of fieldwork,2018,0: Not Known,
UNICEF:ECD(1.0): Early Childhood Development,KGZ: Kyrgyzstan,"ECD_CHLD_36-59M_LMPSL: Percentage of children (aged 36-59 months) developmentally on track in at least 3 of the 4 following domains: literacy-numeracy, physical, social-emotional and learning",PHYS_DEVLP: Physical development,_T: Total,M36T59: 36 to 59 months old,_T: Total,_T: Total,_T: Total,_T: Total,_T: Total,_T: Total,_T: Total,2018,99.2,,PCNT: %,,,RP: Reported,F: Free,MICS 2018,End of fieldwork,2018,0: Not Known,
UNICEF:ECD(1.0): Early Childhood Development,KGZ: Kyrgyzstan,"ECD_CHLD_36-59M_LMPSL: Percentage of children (aged 36-59 months) developmentally on track in at least 3 of the 4 following domains: literacy-numeracy, physical, social-emotional and learning",SE_D: Social-emotional development,_T: Total,M36T59: 36 to 59 months old,_T: Total,_T: Total,_T: Total,_T: Total,_T: Total,_T: Total,_T: Total,2018,74.2,,PCNT: %,,,RP: Reported,F: Free,MICS 2018,End of fieldwork,2018,0: Not Known,
UNICEF:ECD(1.0): Early Childhood Development,KGZ: Kyrgyzstan,"ECD_CHLD_36-59M_LMPSL: Percentage of children (aged 36-59 months) developmentally on track in at least 3 of the 4 following domains: literacy-numeracy, physical, social-emotional and learning",LRN: Learning,_T: Total,M36T59: 36 to 59 months old,_T: Total,_T: Total,_T: Total,_T: Total,_T: Total,_T: Total,_T: Total,2018,91.5,,PCNT: %,,,RP: Reported,F: Free,MICS 2018,End of fieldwork,2018,0: Not Known,
UNICEF:ECD(1.0): Early Childhood Development,KGZ: Kyrgyzstan,"ECD_CHLD_36-59M_LMPSL: Percentage of children (aged 36-59 months) developmentally on track in at least 3 of the 4 following domains: literacy-numeracy, physical, social-emotional and learning",_T: Total,M: Male,M36T59: 36 to 59 months old,_T: Total,_T: Total,_T: Total,_T: Total,_T: Total,_T: Total,_T: Total,2018,68.2,,PCNT: %,,,RP: Reported,F: Free,MICS 2018,End of fieldwork,2018,0: Not Known,
UNICEF:ECD(1.0): Early Childhood Development,KGZ: Kyrgyzstan,"ECD_CHLD_36-59M_LMPSL: Percentage of children (aged 36-59 months) developmentally on track in at least 3 of the 4 following domains: literacy-numeracy, physical, social-emotional and learning",_T: Total,F: Female,M36T59: 36 to 59 months old,_T: Total,_T: Total,_T: Total,_T: Total,_T: Total,_T: Total,_T: Total,2018,75,,PCNT: %,,,RP: Reported,F: Free,MICS 2018,End of fieldwork,2018,0: Not Known,
UNICEF:ECD(1.0): Early Childhood Development,KGZ: Kyrgyzstan,"ECD_CHLD_36-59M_LMPSL: Percentage of children (aged 36-59 months) developmentally on track in at least 3 of the 4 following domains: literacy-numeracy, physical, social-emotional and learning",_T: Total,_T: Total,M36T59: 36 to 59 months old,Q1: Lowest,_T: Total,_T: Total,_T: Total,_T: Total,_T: Total,_T: Total,2018,72.5,,PCNT: %,,,RP: Reported,F: Free,MICS 2018,End of fieldwork,2018,0: Not Known,
UNICEF:ECD(1.0): Early Childhood Development,KGZ: Kyrgyzstan,"ECD_CHLD_36-59M_LMPSL: Percentage of children (aged 36-59 months) developmentally on track in at least 3 of the 4 following domains: literacy-numeracy, physical, social-emotional and learning",_T: Total,_T: Total,M36T59: 36 to 59 months old,Q2: Second,_T: Total,_T: Total,_T: Total,_T: Total,_T: Total,_T: Total,2018,70.6,,PCNT: %,,,RP: Reported,F: Free,MICS 2018,End of fieldwork,2018,0: Not Known,
UNICEF:ECD(1.0): Early Childhood Development,KGZ: Kyrgyzstan,"ECD_CHLD_36-59M_LMPSL: Percentage of children (aged 36-59 months) developmentally on track in at least 3 of the 4 following domains: literacy-numeracy, physical, social-emotional and learning",_T: Total,_T: Total,M36T59: 36 to 59 months old,Q3: Middle,_T: Total,_T: Total,_T: Total,_T: Total,_T: Total,_T: Total,2018,67.2,,PCNT: %,,,RP: Reported,F: Free,MICS 2018,End of fieldwork,2018,0: Not Known,
UNICEF:ECD(1.0): Early Childhood Development,KGZ: Kyrgyzstan,"ECD_CHLD_36-59M_LMPSL: Percentage of children (aged 36-59 months) developmentally on track in at least 3 of the 4 following domains: literacy-numeracy, physical, social-emotional and learning",_T: Total,_T: Total,M36T59: 36 to 59 months old,Q4: Fourth,_T: Total,_T: Total,_T: Total,_T: Total,_T: Total,_T: Total,2018,71,,PCNT: %,,,RP: Reported,F: Free,MICS 2018,End of fieldwork,2018,0: Not Known,
UNICEF:ECD(1.0): Early Childhood Development,KGZ: Kyrgyzstan,"ECD_CHLD_36-59M_LMPSL: Percentage of children (aged 36-59 months) developmentally on track in at least 3 of the 4 following domains: literacy-numeracy, physical, social-emotional and learning",_T: Total,_T: Total,M36T59: 36 to 59 months old,Q5: Highest,_T: Total,_T: Total,_T: Total,_T: Total,_T: Total,_T: Total,2018,78,,PCNT: %,,,RP: Reported,F: Free,MICS 2018,End of fieldwork,2018,0: Not Known,
UNICEF:ECD(1.0): Early Childhood Development,KGZ: Kyrgyzstan,"ECD_CHLD_36-59M_LMPSL: Percentage of children (aged 36-59 months) developmentally on track in at least 3 of the 4 following domains: literacy-numeracy, physical, social-emotional and learning",_T: Total,_T: Total,M36T59: 36 to 59 months old,_T: Total,U: Urban,_T: Total,_T: Total,_T: Total,_T: Total,_T: Total,2018,75.8,,PCNT: %,,,RP: Reported,F: Free,MICS 2018,End of fieldwork,2018,0: Not Known,
UNICEF:ECD(1.0): Early Childhood Development,KGZ: Kyrgyzstan,"ECD_CHLD_36-59M_LMPSL: Percentage of children (aged 36-59 months) developmentally on track in at least 3 of the 4 following domains: literacy-numeracy, physical, social-emotional and learning",_T: Total,_T: Total,M36T59: 36 to 59 months old,_T: Total,R: Rural,_T: Total,_T: Total,_T: Total,_T: Total,_T: Total,2018,69.8,,PCNT: %,,,RP: Reported,F: Free,MICS 2018,End of fieldwork,2018,0: Not Known,
UNICEF:ECD(1.0): Early Childhood Development,KGZ: Kyrgyzstan,"ECD_CHLD_36-59M_LMPSL: Percentage of children (aged 36-59 months) developmentally on track in at least 3 of the 4 following domains: literacy-numeracy, physical, social-emotional and learning",_T: Total,_T: Total,M36T59: 36 to 59 months old,_T: Total,_T: Total,AGG_3S_H: Secondary and Higher,_T: Total,_T: Total,_T: Total,_T: Total,2018,71.6,,PCNT: %,,,RP: Reported,F: Free,MICS 2018,End of fieldwork,2018,0: Not Known,
UNICEF:ECD(1.0): Early Childhood Development,KGZ: Kyrgyzstan,"ECD_CHLD_36-59M_LMPSL: Percentage of children (aged 36-59 months) developmentally on track in at least 3 of the 4 following domains: literacy-numeracy, physical, social-emotional and learning",_T: Total,_T: Total,M36T59: 36 to 59 months old,_T: Total,_T: Total,_T: Total,_T: Total,ATTND: attending,_T: Total,_T: Total,2018,73.1,,PCNT: %,,,RP: Reported,F: Free,MICS 2018,End of fieldwork,2018,0: Not Known,
UNICEF:ECD(1.0): Early Childhood Development,KGZ: Kyrgyzstan,"ECD_CHLD_36-59M_LMPSL: Percentage of children (aged 36-59 months) developmentally on track in at least 3 of the 4 following domains: literacy-numeracy, physical, social-emotional and learning",_T: Total,_T: Total,M36T59: 36 to 59 months old,_T: Total,_T: Total,_T: Total,_T: Total,N_ATTND: not attending,_T: Total,_T: Total,2018,70.7,,PCNT: %,,,RP: Reported,F: Free,MICS 2018,End of fieldwork,2018,0: Not Known,
UNICEF:ECD(1.0): Early Childhood Development,MNE: Montenegro,"ECD_CHLD_36-59M_LMPSL: Percentage of children (aged 36-59 months) developmentally on track in at least 3 of the 4 following domains: literacy-numeracy, physical, social-emotional and learning",_T: Total,_T: Total,M36T59: 36 to 59 months old,_T: Total,_T: Total,_T: Total,_T: Total,_T: Total,_T: Total,_T: Total,2018,90.2,,PCNT: %,,,RP: Reported,F: Free,MICS 2018,End of fieldwork,2018,0: Not Known,
UNICEF:ECD(1.0): Early Childhood Development,MNE: Montenegro,"ECD_CHLD_36-59M_LMPSL: Percentage of children (aged 36-59 months) developmentally on track in at least 3 of the 4 following domains: literacy-numeracy, physical, social-emotional and learning",LN_D: Literacy-numeracy development,_T: Total,M36T59: 36 to 59 months old,_T: Total,_T: Total,_T: Total,_T: Total,_T: Total,_T: Total,_T: Total,2018,27.6,,PCNT: %,,,RP: Reported,F: Free,MICS 2018,End of fieldwork,2018,0: Not Known,
UNICEF:ECD(1.0): Early Childhood Development,MNE: Montenegro,"ECD_CHLD_36-59M_LMPSL: Percentage of children (aged 36-59 months) developmentally on track in at least 3 of the 4 following domains: literacy-numeracy, physical, social-emotional and learning",PHYS_DEVLP: Physical development,_T: Total,M36T59: 36 to 59 months old,_T: Total,_T: Total,_T: Total,_T: Total,_T: Total,_T: Total,_T: Total,2018,99.7,,PCNT: %,,,RP: Reported,F: Free,MICS 2018,End of fieldwork,2018,0: Not Known,
UNICEF:ECD(1.0): Early Childhood Development,MNE: Montenegro,"ECD_CHLD_36-59M_LMPSL: Percentage of children (aged 36-59 months) developmentally on track in at least 3 of the 4 following domains: literacy-numeracy, physical, social-emotional and learning",SE_D: Social-emotional development,_T: Total,M36T59: 36 to 59 months old,_T: Total,_T: Total,_T: Total,_T: Total,_T: Total,_T: Total,_T: Total,2018,91.2,,PCNT: %,,,RP: Reported,F: Free,MICS 2018,End of fieldwork,2018,0: Not Known,
UNICEF:ECD(1.0): Early Childhood Development,MNE: Montenegro,"ECD_CHLD_36-59M_LMPSL: Percentage of children (aged 36-59 months) developmentally on track in at least 3 of the 4 following domains: literacy-numeracy, physical, social-emotional and learning",LRN: Learning,_T: Total,M36T59: 36 to 59 months old,_T: Total,_T: Total,_T: Total,_T: Total,_T: Total,_T: Total,_T: Total,2018,96.8,,PCNT: %,,,RP: Reported,F: Free,MICS 2018,End of fieldwork,2018,0: Not Known,
UNICEF:ECD(1.0): Early Childhood Development,MNE: Montenegro,"ECD_CHLD_36-59M_LMPSL: Percentage of children (aged 36-59 months) developmentally on track in at least 3 of the 4 following domains: literacy-numeracy, physical, social-emotional and learning",_T: Total,M: Male,M36T59: 36 to 59 months old,_T: Total,_T: Total,_T: Total,_T: Total,_T: Total,_T: Total,_T: Total,2018,90,,PCNT: %,,,RP: Reported,F: Free,MICS 2018,End of fieldwork,2018,0: Not Known,
UNICEF:ECD(1.0): Early Childhood Development,MNE: Montenegro,"ECD_CHLD_36-59M_LMPSL: Percentage of children (aged 36-59 months) developmentally on track in at least 3 of the 4 following domains: literacy-numeracy, physical, social-emotional and learning",_T: Total,F: Female,M36T59: 36 to 59 months old,_T: Total,_T: Total,_T: Total,_T: Total,_T: Total,_T: Total,_T: Total,2018,90.6,,PCNT: %,,,RP: Reported,F: Free,MICS 2018,End of fieldwork,2018,0: Not Known,
UNICEF:ECD(1.0): Early Childhood Development,MNE: Montenegro,"ECD_CHLD_36-59M_LMPSL: Percentage of children (aged 36-59 months) developmentally on track in at least 3 of the 4 following domains: literacy-numeracy, physical, social-emotional and learning",_T: Total,_T: Total,M36T59: 36 to 59 months old,Q1: Lowest,_T: Total,_T: Total,_T: Total,_T: Total,_T: Total,_T: Total,2018,76.2,,PCNT: %,,,RP: Reported,F: Free,MICS 2018,End of fieldwork,2018,0: Not Known,
UNICEF:ECD(1.0): Early Childhood Development,MNE: Montenegro,"ECD_CHLD_36-59M_LMPSL: Percentage of children (aged 36-59 months) developmentally on track in at least 3 of the 4 following domains: literacy-numeracy, physical, social-emotional and learning",_T: Total,_T: Total,M36T59: 36 to 59 months old,Q2: Second,_T: Total,_T: Total,_T: Total,_T: Total,_T: Total,_T: Total,2018,90.7,,PCNT: %,,,RP: Reported,F: Free,MICS 2018,End of fieldwork,2018,0: Not Known,
UNICEF:ECD(1.0): Early Childhood Development,MNE: Montenegro,"ECD_CHLD_36-59M_LMPSL: Percentage of children (aged 36-59 months) developmentally on track in at least 3 of the 4 following domains: literacy-numeracy, physical, social-emotional and learning",_T: Total,_T: Total,M36T59: 36 to 59 months old,Q3: Middle,_T: Total,_T: Total,_T: Total,_T: Total,_T: Total,_T: Total,2018,97.2,,PCNT: %,,,RP: Reported,F: Free,MICS 2018,End of fieldwork,2018,0: Not Known,
UNICEF:ECD(1.0): Early Childhood Development,MNE: Montenegro,"ECD_CHLD_36-59M_LMPSL: Percentage of children (aged 36-59 months) developmentally on track in at least 3 of the 4 following domains: literacy-numeracy, physical, social-emotional and learning",_T: Total,_T: Total,M36T59: 36 to 59 months old,Q4: Fourth,_T: Total,_T: Total,_T: Total,_T: Total,_T: Total,_T: Total,2018,92.3,,PCNT: %,,,RP: Reported,F: Free,MICS 2018,End of fieldwork,2018,0: Not Known,
UNICEF:ECD(1.0): Early Childhood Development,MNE: Montenegro,"ECD_CHLD_36-59M_LMPSL: Percentage of children (aged 36-59 months) developmentally on track in at least 3 of the 4 following domains: literacy-numeracy, physical, social-emotional and learning",_T: Total,_T: Total,M36T59: 36 to 59 months old,Q5: Highest,_T: Total,_T: Total,_T: Total,_T: Total,_T: Total,_T: Total,2018,92.3,,PCNT: %,,,RP: Reported,F: Free,MICS 2018,End of fieldwork,2018,0: Not Known,
UNICEF:ECD(1.0): Early Childhood Development,MNE: Montenegro,"ECD_CHLD_36-59M_LMPSL: Percentage of children (aged 36-59 months) developmentally on track in at least 3 of the 4 following domains: literacy-numeracy, physical, social-emotional and learning",_T: Total,_T: Total,M36T59: 36 to 59 months old,_T: Total,U: Urban,_T: Total,_T: Total,_T: Total,_T: Total,_T: Total,2018,91.5,,PCNT: %,,,RP: Reported,F: Free,MICS 2018,End of fieldwork,2018,0: Not Known,
UNICEF:ECD(1.0): Early Childhood Development,MNE: Montenegro,"ECD_CHLD_36-59M_LMPSL: Percentage of children (aged 36-59 months) developmentally on track in at least 3 of the 4 following domains: literacy-numeracy, physical, social-emotional and learning",_T: Total,_T: Total,M36T59: 36 to 59 months old,_T: Total,R: Rural,_T: Total,_T: Total,_T: Total,_T: Total,_T: Total,2018,87.6,,PCNT: %,,,RP: Reported,F: Free,MICS 2018,End of fieldwork,2018,0: Not Known,
UNICEF:ECD(1.0): Early Childhood Development,MNE: Montenegro,"ECD_CHLD_36-59M_LMPSL: Percentage of children (aged 36-59 months) developmentally on track in at least 3 of the 4 following domains: literacy-numeracy, physical, social-emotional and learning",_T: Total,_T: Total,M36T59: 36 to 59 months old,_T: Total,_T: Total,AGG_0_1: None and Primary,_T: Total,_T: Total,_T: Total,_T: Total,2018,75.8,,PCNT: %,,,RP: Reported,F: Free,MICS 2018,End of fieldwork,2018,0: Not Known,
UNICEF:ECD(1.0): Early Childhood Development,MNE: Montenegro,"ECD_CHLD_36-59M_LMPSL: Percentage of children (aged 36-59 months) developmentally on track in at least 3 of the 4 following domains: literacy-numeracy, physical, social-emotional and learning",_T: Total,_T: Total,M36T59: 36 to 59 months old,_T: Total,_T: Total,AGG_3S_H: Secondary and Higher,_T: Total,_T: Total,_T: Total,_T: Total,2018,94.2,,PCNT: %,,,RP: Reported,F: Free,MICS 2018,End of fieldwork,2018,0: Not Known,
UNICEF:ECD(1.0): Early Childhood Development,MNE: Montenegro,"ECD_CHLD_36-59M_LMPSL: Percentage of children (aged 36-59 months) developmentally on track in at least 3 of the 4 following domains: literacy-numeracy, physical, social-emotional and learning",_T: Total,_T: Total,M36T59: 36 to 59 months old,_T: Total,_T: Total,_T: Total,_T: Total,ATTND: attending,_T: Total,_T: Total,2018,96.8,,PCNT: %,,,RP: Reported,F: Free,MICS 2018,End of fieldwork,2018,0: Not Known,
UNICEF:ECD(1.0): Early Childhood Development,MNE: Montenegro,"ECD_CHLD_36-59M_LMPSL: Percentage of children (aged 36-59 months) developmentally on track in at least 3 of the 4 following domains: literacy-numeracy, physical, social-emotional and learning",_T: Total,_T: Total,M36T59: 36 to 59 months old,_T: Total,_T: Total,_T: Total,_T: Total,N_ATTND: not attending,_T: Total,_T: Total,2018,82.9,,PCNT: %,,,RP: Reported,F: Free,MICS 2018,End of fieldwork,2018,0: Not Known,
UNICEF:ECD(1.0): Early Childhood Development,TUR: Turkey,"ECD_CHLD_36-59M_LMPSL: Percentage of children (aged 36-59 months) developmentally on track in at least 3 of the 4 following domains: literacy-numeracy, physical, social-emotional and learning",_T: Total,_T: Total,M36T59: 36 to 59 months old,_T: Total,_T: Total,_T: Total,_T: Total,_T: Total,_T: Total,_T: Total,2018,73.7,,PCNT: %,,,RP: Reported,F: Free,DHS 2018,End of fieldwork,2018,0: Not Known,
UNICEF:ECD(1.0): Early Childhood Development,TUR: Turkey,"ECD_CHLD_36-59M_LMPSL: Percentage of children (aged 36-59 months) developmentally on track in at least 3 of the 4 following domains: literacy-numeracy, physical, social-emotional and learning",LN_D: Literacy-numeracy development,_T: Total,M36T59: 36 to 59 months old,_T: Total,_T: Total,_T: Total,_T: Total,_T: Total,_T: Total,_T: Total,2018,14.4,,PCNT: %,,,RP: Reported,F: Free,DHS 2018,End of fieldwork,2018,0: Not Known,
UNICEF:ECD(1.0): Early Childhood Development,TUR: Turkey,"ECD_CHLD_36-59M_LMPSL: Percentage of children (aged 36-59 months) developmentally on track in at least 3 of the 4 following domains: literacy-numeracy, physical, social-emotional and learning",PHYS_DEVLP: Physical development,_T: Total,M36T59: 36 to 59 months old,_T: Total,_T: Total,_T: Total,_T: Total,_T: Total,_T: Total,_T: Total,2018,97.9,,PCNT: %,,,RP: Reported,F: Free,DHS 2018,End of fieldwork,2018,0: Not Known,
UNICEF:ECD(1.0): Early Childhood Development,TUR: Turkey,"ECD_CHLD_36-59M_LMPSL: Percentage of children (aged 36-59 months) developmentally on track in at least 3 of the 4 following domains: literacy-numeracy, physical, social-emotional and learning",SE_D: Social-emotional development,_T: Total,M36T59: 36 to 59 months old,_T: Total,_T: Total,_T: Total,_T: Total,_T: Total,_T: Total,_T: Total,2018,73.3,,PCNT: %,,,RP: Reported,F: Free,DHS 2018,End of fieldwork,2018,0: Not Known,
UNICEF:ECD(1.0): Early Childhood Development,TUR: Turkey,"ECD_CHLD_36-59M_LMPSL: Percentage of children (aged 36-59 months) developmentally on track in at least 3 of the 4 following domains: literacy-numeracy, physical, social-emotional and learning",LRN: Learning,_T: Total,M36T59: 36 to 59 months old,_T: Total,_T: Total,_T: Total,_T: Total,_T: Total,_T: Total,_T: Total,2018,95.7,,PCNT: %,,,RP: Reported,F: Free,DHS 2018,End of fieldwork,2018,0: Not Known,
UNICEF:ECD(1.0): Early Childhood Development,TUR: Turkey,"ECD_CHLD_36-59M_LMPSL: Percentage of children (aged 36-59 months) developmentally on track in at least 3 of the 4 following domains: literacy-numeracy, physical, social-emotional and learning",_T: Total,M: Male,M36T59: 36 to 59 months old,_T: Total,_T: Total,_T: Total,_T: Total,_T: Total,_T: Total,_T: Total,2018,69.8,,PCNT: %,,,RP: Reported,F: Free,DHS 2018,End of fieldwork,2018,0: Not Known,
UNICEF:ECD(1.0): Early Childhood Development,TUR: Turkey,"ECD_CHLD_36-59M_LMPSL: Percentage of children (aged 36-59 months) developmentally on track in at least 3 of the 4 following domains: literacy-numeracy, physical, social-emotional and learning",_T: Total,F: Female,M36T59: 36 to 59 months old,_T: Total,_T: Total,_T: Total,_T: Total,_T: Total,_T: Total,_T: Total,2018,78,,PCNT: %,,,RP: Reported,F: Free,DHS 2018,End of fieldwork,2018,0: Not Known,
UNICEF:ECD(1.0): Early Childhood Development,TUR: Turkey,"ECD_CHLD_36-59M_LMPSL: Percentage of children (aged 36-59 months) developmentally on track in at least 3 of the 4 following domains: literacy-numeracy, physical, social-emotional and learning",_T: Total,_T: Total,M36T59: 36 to 59 months old,Q1: Lowest,_T: Total,_T: Total,_T: Total,_T: Total,_T: Total,_T: Total,2018,62.1,,PCNT: %,,,RP: Reported,F: Free,DHS 2018,End of fieldwork,2018,0: Not Known,
UNICEF:ECD(1.0): Early Childhood Development,TUR: Turkey,"ECD_CHLD_36-59M_LMPSL: Percentage of children (aged 36-59 months) developmentally on track in at least 3 of the 4 following domains: literacy-numeracy, physical, social-emotional and learning",_T: Total,_T: Total,M36T59: 36 to 59 months old,Q2: Second,_T: Total,_T: Total,_T: Total,_T: Total,_T: Total,_T: Total,2018,68.2,,PCNT: %,,,RP: Reported,F: Free,DHS 2018,End of fieldwork,2018,0: Not Known,
UNICEF:ECD(1.0): Early Childhood Development,TUR: Turkey,"ECD_CHLD_36-59M_LMPSL: Percentage of children (aged 36-59 months) developmentally on track in at least 3 of the 4 following domains: literacy-numeracy, physical, social-emotional and learning",_T: Total,_T: Total,M36T59: 36 to 59 months old,Q3: Middle,_T: Total,_T: Total,_T: Total,_T: Total,_T: Total,_T: Total,2018,79.4,,PCNT: %,,,RP: Reported,F: Free,DHS 2018,End of fieldwork,2018,0: Not Known,
UNICEF:ECD(1.0): Early Childhood Development,TUR: Turkey,"ECD_CHLD_36-59M_LMPSL: Percentage of children (aged 36-59 months) developmentally on track in at least 3 of the 4 following domains: literacy-numeracy, physical, social-emotional and learning",_T: Total,_T: Total,M36T59: 36 to 59 months old,Q4: Fourth,_T: Total,_T: Total,_T: Total,_T: Total,_T: Total,_T: Total,2018,79.7,,PCNT: %,,,RP: Reported,F: Free,DHS 2018,End of fieldwork,2018,0: Not Known,
UNICEF:ECD(1.0): Early Childhood Development,TUR: Turkey,"ECD_CHLD_36-59M_LMPSL: Percentage of children (aged 36-59 months) developmentally on track in at least 3 of the 4 following domains: literacy-numeracy, physical, social-emotional and learning",_T: Total,_T: Total,M36T59: 36 to 59 months old,Q5: Highest,_T: Total,_T: Total,_T: Total,_T: Total,_T: Total,_T: Total,2018,84.6,,PCNT: %,,,RP: Reported,F: Free,DHS 2018,End of fieldwork,2018,0: Not Known,
UNICEF:ECD(1.0): Early Childhood Development,TUR: Turkey,"ECD_CHLD_36-59M_LMPSL: Percentage of children (aged 36-59 months) developmentally on track in at least 3 of the 4 following domains: literacy-numeracy, physical, social-emotional and learning",_T: Total,_T: Total,M36T59: 36 to 59 months old,_T: Total,U: Urban,_T: Total,_T: Total,_T: Total,_T: Total,_T: Total,2018,74.2,,PCNT: %,,,RP: Reported,F: Free,DHS 2018,End of fieldwork,2018,0: Not Known,
UNICEF:ECD(1.0): Early Childhood Development,TUR: Turkey,"ECD_CHLD_36-59M_LMPSL: Percentage of children (aged 36-59 months) developmentally on track in at least 3 of the 4 following domains: literacy-numeracy, physical, social-emotional and learning",_T: Total,_T: Total,M36T59: 36 to 59 months old,_T: Total,R: Rural,_T: Total,_T: Total,_T: Total,_T: Total,_T: Total,2018,72.3,,PCNT: %,,,RP: Reported,F: Free,DHS 2018,End of fieldwork,2018,0: Not Known,
UNICEF:ECD(1.0): Early Childhood Development,TUR: Turkey,"ECD_CHLD_36-59M_LMPSL: Percentage of children (aged 36-59 months) developmentally on track in at least 3 of the 4 following domains: literacy-numeracy, physical, social-emotional and learning",_T: Total,_T: Total,M36T59: 36 to 59 months old,_T: Total,_T: Total,ISCED11_1: Primary education,_T: Total,_T: Total,_T: Total,_T: Total,2018,69.3,,PCNT: %,,,RP: Reported,F: Free,DHS 2018,End of fieldwork,2018,0: Not Known,
UNICEF:ECD(1.0): Early Childhood Development,TUR: Turkey,"ECD_CHLD_36-59M_LMPSL: Percentage of children (aged 36-59 months) developmentally on track in at least 3 of the 4 following domains: literacy-numeracy, physical, social-emotional and learning",_T: Total,_T: Total,M36T59: 36 to 59 months old,_T: Total,_T: Total,AGG_0_1: None and Primary,_T: Total,_T: Total,_T: Total,_T: Total,2018,61.8,,PCNT: %,,,RP: Reported,F: Free,DHS 2018,End of fieldwork,2018,0: Not Known,
UNICEF:ECD(1.0): Early Childhood Development,TUR: Turkey,"ECD_CHLD_36-59M_LMPSL: Percentage of children (aged 36-59 months) developmentally on track in at least 3 of the 4 following domains: literacy-numeracy, physical, social-emotional and learning",_T: Total,_T: Total,M36T59: 36 to 59 months old,_T: Total,_T: Total,AGG_3S_H: Secondary and Higher,_T: Total,_T: Total,_T: Total,_T: Total,2018,80,,PCNT: %,,,RP: Reported,F: Free,DHS 2018,End of fieldwork,2018,0: Not Known,
