Dataflow,STAT_UNIT,UNIT_MEASURE,EDU_LEVEL,EDU_CAT,SEX,AGE,GRADE,SECTOR_EDU,EDU_ATTAIN,SUBJECT,WEALTH_QUINTILE,INFRASTR,LOCATION,EDU_TYPE,SE_BKGRD,SOURCE_FUND,FUND_FLOW,IMM_STATUS,REF_AREA,TIME_PERIOD,OBS_VALUE,UNIT_MULT,OBS_STATUS,FREQ,DECIMALS
UNESCO:SDG4(2.0),GER,PT,L01,_T,_T,_T,_T,INST_T,_Z,_T,_Z,_Z,_T,_T,_T,_Z,_Z,_Z,AL,1998,0,0,Z,A,5
UNESCO:SDG4(2.0),GER,PT,L01,_T,_T,_T,_T,INST_T,_Z,_T,_Z,_Z,_T,_T,_T,_Z,_Z,_Z,AL,1999,0,0,Z,A,5
UNESCO:SDG4(2.0),GER,PT,L01,_T,_T,_T,_T,INST_T,_Z,_T,_Z,_Z,_T,_T,_T,_Z,_Z,_Z,AL,2000,0,0,Z,A,5
UNESCO:SDG4(2.0),GER,PT,L01,_T,_T,_T,_T,INST_T,_Z,_T,_Z,_Z,_T,_T,_T,_Z,_Z,_Z,AL,2001,0,0,Z,A,5
UNESCO:SDG4(2.0),GER,PT,L01,_T,_T,_T,_T,INST_T,_Z,_T,_Z,_Z,_T,_T,_T,_Z,_Z,_Z,AL,2003,0,0,Z,A,5
UNESCO:SDG4(2.0),GER,PT,L01,_T,_T,_T,_T,INST_T,_Z,_T,_Z,_Z,_T,_T,_T,_Z,_Z,_Z,AL,2004,0,0,Z,A,5
UNESCO:SDG4(2.0),GER,PT,L01,_T,_T,_T,_T,INST_T,_Z,_T,_Z,_Z,_T,_T,_T,_Z,_Z,_Z,AL,2008,0,0,Z,A,5
UNESCO:SDG4(2.0),GER,PT,L01,_T,_T,_T,_T,INST_T,_Z,_T,_Z,_Z,_T,_T,_T,_Z,_Z,_Z,AL,2009,0,0,Z,A,5
UNESCO:SDG4(2.0),GER,PT,L01,_T,_T,_T,_T,INST_T,_Z,_T,_Z,_Z,_T,_T,_T,_Z,_Z,_Z,AL,2010,0,0,Z,A,5
UNESCO:SDG4(2.0),GER,PT,L01,_T,_T,_T,_T,INST_T,_Z,_T,_Z,_Z,_T,_T,_T,_Z,_Z,_Z,AL,2011,0,0,Z,A,5
UNESCO:SDG4(2.0),GER,PT,L01,_T,_T,_T,_T,INST_T,_Z,_T,_Z,_Z,_T,_T,_T,_Z,_Z,_Z,AL,2012,0,0,Z,A,5
UNESCO:SDG4(2.0),GER,PT,L01,_T,_T,_T,_T,INST_T,_Z,_T,_Z,_Z,_T,_T,_T,_Z,_Z,_Z,AM,2003,0,0,Z,A,5
UNESCO:SDG4(2.0),GER,PT,L01,_T,_T,_T,_T,INST_T,_Z,_T,_Z,_Z,_T,_T,_T,_Z,_Z,_Z,AM,2004,0,0,Z,A,5
UNESCO:SDG4(2.0),GER,PT,L01,_T,_T,_T,_T,INST_T,_Z,_T,_Z,_Z,_T,_T,_T,_Z,_Z,_Z,AM,2005,0,0,Z,A,5
UNESCO:SDG4(2.0),GER,PT,L01,_T,_T,_T,_T,INST_T,_Z,_T,_Z,_Z,_T,_T,_T,_Z,_Z,_Z,AM,2006,0,0,Z,A,5
UNESCO:SDG4(2.0),GER,PT,L01,_T,_T,_T,_T,INST_T,_Z,_T,_Z,_Z,_T,_T,_T,_Z,_Z,_Z,AM,2007,0,0,Z,A,5
UNESCO:SDG4(2.0),GER,PT,L01,_T,_T,_T,_T,INST_T,_Z,_T,_Z,_Z,_T,_T,_T,_Z,_Z,_Z,AM,2008,0,0,Z,A,5
UNESCO:SDG4(2.0),GER,PT,L01,_T,_T,_T,_T,INST_T,_Z,_T,_Z,_Z,_T,_T,_T,_Z,_Z,_Z,AM,2009,0,0,Z,A,5
UNESCO:SDG4(2.0),GER,PT,L01,_T,_T,_T,_T,INST_T,_Z,_T,_Z,_Z,_T,_T,_T,_Z,_Z,_Z,AM,2010,0,0,Z,A,5
UNESCO:SDG4(2.0),GER,PT,L01,_T,_T,_T,_T,INST_T,_Z,_T,_Z,_Z,_T,_T,_T,_Z,_Z,_Z,AM,2011,0,0,Z,A,5
UNESCO:SDG4(2.0),GER,PT,L01,_T,_T,_T,_T,INST_T,_Z,_T,_Z,_Z,_T,_T,_T,_Z,_Z,_Z,AM,2012,0,0,Z,A,5
UNESCO:SDG4(2.0),GER,PT,L01,_T,_T,_T,_T,INST_T,_Z,_T,_Z,_Z,_T,_T,_T,_Z,_Z,_Z,AM,2013,0,0,Z,A,5
UNESCO:SDG4(2.0),GER,PT,L01,_T,_T,_T,_T,INST_T,_Z,_T,_Z,_Z,_T,_T,_T,_Z,_Z,_Z,AM,2014,0,0,Z,A,5
UNESCO:SDG4(2.0),GER,PT,L01,_T,_T,_T,_T,INST_T,_Z,_T,_Z,_Z,_T,_T,_T,_Z,_Z,_Z,AM,2015,0,0,Z,A,5
UNESCO:SDG4(2.0),GER,PT,L01,_T,_T,_T,_T,INST_T,_Z,_T,_Z,_Z,_T,_T,_T,_Z,_Z,_Z,AM,2016,0,0,Z,A,5
UNESCO:SDG4(2.0),GER,PT,L01,_T,_T,_T,_T,INST_T,_Z,_T,_Z,_Z,_T,_T,_T,_Z,_Z,_Z,AM,2017,0,0,Z,A,5
UNESCO:SDG4(2.0),GER,PT,L01,_T,_T,_T,_T,INST_T,_Z,_T,_Z,_Z,_T,_T,_T,_Z,_Z,_Z,AM,2018,0,0,Z,A,5
UNESCO:SDG4(2.0),GER,PT,L01,_T,_T,_T,_T,INST_T,_Z,_T,_Z,_Z,_T,_T,_T,_Z,_Z,_Z,AZ,2006,6.75991,0,E,A,5
UNESCO:SDG4(2.0),GER,PT,L01,_T,_T,_T,_T,INST_T,_Z,_T,_Z,_Z,_T,_T,_T,_Z,_Z,_Z,AZ,2007,7.07594,0,E,A,5
UNESCO:SDG4(2.0),GER,PT,L01,_T,_T,_T,_T,INST_T,_Z,_T,_Z,_Z,_T,_T,_T,_Z,_Z,_Z,AZ,2008,6.37051,0,E,A,5
UNESCO:SDG4(2.0),GER,PT,L01,_T,_T,_T,_T,INST_T,_Z,_T,_Z,_Z,_T,_T,_T,_Z,_Z,_Z,AZ,2009,6.25378,0,E,A,5
UNESCO:SDG4(2.0),GER,PT,L01,_T,_T,_T,_T,INST_T,_Z,_T,_Z,_Z,_T,_T,_T,_Z,_Z,_Z,AZ,2010,5.41075,0,E,A,5
UNESCO:SDG4(2.0),GER,PT,L01,_T,_T,_T,_T,INST_T,_Z,_T,_Z,_Z,_T,_T,_T,_Z,_Z,_Z,AZ,2011,5.11262,0,E,A,5
UNESCO:SDG4(2.0),GER,PT,L01,_T,_T,_T,_T,INST_T,_Z,_T,_Z,_Z,_T,_T,_T,_Z,_Z,_Z,AZ,2012,4.78331,0,E,A,5
UNESCO:SDG4(2.0),GER,PT,L01,_T,_T,_T,_T,INST_T,_Z,_T,_Z,_Z,_T,_T,_T,_Z,_Z,_Z,AZ,2013,4.09943,0,E,A,5
UNESCO:SDG4(2.0),GER,PT,L01,_T,_T,_T,_T,INST_T,_Z,_T,_Z,_Z,_T,_T,_T,_Z,_Z,_Z,AZ,2014,3.78423,0,E,A,5
UNESCO:SDG4(2.0),GER,PT,L01,_T,_T,_T,_T,INST_T,_Z,_T,_Z,_Z,_T,_T,_T,_Z,_Z,_Z,AZ,2015,3.78486,0,E,A,5
UNESCO:SDG4(2.0),GER,PT,L01,_T,_T,_T,_T,INST_T,_Z,_T,_Z,_Z,_T,_T,_T,_Z,_Z,_Z,AZ,2016,3.96385,0,E,A,5
UNESCO:SDG4(2.0),GER,PT,L01,_T,_T,_T,_T,INST_T,_Z,_T,_Z,_Z,_T,_T,_T,_Z,_Z,_Z,AZ,2018,4.89063,0,E,A,5
UNESCO:SDG4(2.0),GER,PT,L01,_T,_T,_T,_T,INST_T,_Z,_T,_Z,_Z,_T,_T,_T,_Z,_Z,_Z,BG,1999,0,0,Z,A,5
UNESCO:SDG4(2.0),GER,PT,L01,_T,_T,_T,_T,INST_T,_Z,_T,_Z,_Z,_T,_T,_T,_Z,_Z,_Z,BG,2000,0,0,Z,A,5
UNESCO:SDG4(2.0),GER,PT,L01,_T,_T,_T,_T,INST_T,_Z,_T,_Z,_Z,_T,_T,_T,_Z,_Z,_Z,BG,2001,0,0,Z,A,5
UNESCO:SDG4(2.0),GER,PT,L01,_T,_T,_T,_T,INST_T,_Z,_T,_Z,_Z,_T,_T,_T,_Z,_Z,_Z,BG,2002,0,0,Z,A,5
UNESCO:SDG4(2.0),GER,PT,L01,_T,_T,_T,_T,INST_T,_Z,_T,_Z,_Z,_T,_T,_T,_Z,_Z,_Z,BG,2003,0,0,Z,A,5
UNESCO:SDG4(2.0),GER,PT,L01,_T,_T,_T,_T,INST_T,_Z,_T,_Z,_Z,_T,_T,_T,_Z,_Z,_Z,BG,2004,0,0,Z,A,5
UNESCO:SDG4(2.0),GER,PT,L01,_T,_T,_T,_T,INST_T,_Z,_T,_Z,_Z,_T,_T,_T,_Z,_Z,_Z,BG,2005,0,0,Z,A,5
UNESCO:SDG4(2.0),GER,PT,L01,_T,_T,_T,_T,INST_T,_Z,_T,_Z,_Z,_T,_T,_T,_Z,_Z,_Z,BG,2006,0,0,Z,A,5
UNESCO:SDG4(2.0),GER,PT,L01,_T,_T,_T,_T,INST_T,_Z,_T,_Z,_Z,_T,_T,_T,_Z,_Z,_Z,BG,2007,0,0,Z,A,5
UNESCO:SDG4(2.0),GER,PT,L01,_T,_T,_T,_T,INST_T,_Z,_T,_Z,_Z,_T,_T,_T,_Z,_Z,_Z,BG,2008,0,0,Z,A,5
UNESCO:SDG4(2.0),GER,PT,L01,_T,_T,_T,_T,INST_T,_Z,_T,_Z,_Z,_T,_T,_T,_Z,_Z,_Z,BG,2009,0,0,Z,A,5
UNESCO:SDG4(2.0),GER,PT,L01,_T,_T,_T,_T,INST_T,_Z,_T,_Z,_Z,_T,_T,_T,_Z,_Z,_Z,BG,2010,0,0,Z,A,5
UNESCO:SDG4(2.0),GER,PT,L01,_T,_T,_T,_T,INST_T,_Z,_T,_Z,_Z,_T,_T,_T,_Z,_Z,_Z,BG,2011,0,0,Z,A,5
UNESCO:SDG4(2.0),GER,PT,L01,_T,_T,_T,_T,INST_T,_Z,_T,_Z,_Z,_T,_T,_T,_Z,_Z,_Z,BG,2012,0,0,Z,A,5
UNESCO:SDG4(2.0),GER,PT,L01,_T,_T,_T,_T,INST_T,_Z,_T,_Z,_Z,_T,_T,_T,_Z,_Z,_Z,BG,2013,0,0,Z,A,5
UNESCO:SDG4(2.0),GER,PT,L01,_T,_T,_T,_T,INST_T,_Z,_T,_Z,_Z,_T,_T,_T,_Z,_Z,_Z,BG,2014,0,0,Z,A,5
UNESCO:SDG4(2.0),GER,PT,L01,_T,_T,_T,_T,INST_T,_Z,_T,_Z,_Z,_T,_T,_T,_Z,_Z,_Z,BG,2015,0,0,Z,A,5
UNESCO:SDG4(2.0),GER,PT,L01,_T,_T,_T,_T,INST_T,_Z,_T,_Z,_Z,_T,_T,_T,_Z,_Z,_Z,BG,2016,0,0,Z,A,5
UNESCO:SDG4(2.0),GER,PT,L01,_T,_T,_T,_T,INST_T,_Z,_T,_Z,_Z,_T,_T,_T,_Z,_Z,_Z,BG,2017,0,0,Z,A,5
UNESCO:SDG4(2.0),GER,PT,L01,_T,_T,_T,_T,INST_T,_Z,_T,_Z,_Z,_T,_T,_T,_Z,_Z,_Z,BY,2010,58.49548,0,A,A,5
UNESCO:SDG4(2.0),GER,PT,L01,_T,_T,_T,_T,INST_T,_Z,_T,_Z,_Z,_T,_T,_T,_Z,_Z,_Z,BY,2011,58.27539,0,A,A,5
UNESCO:SDG4(2.0),GER,PT,L01,_T,_T,_T,_T,INST_T,_Z,_T,_Z,_Z,_T,_T,_T,_Z,_Z,_Z,BY,2012,61.84415,0,A,A,5
UNESCO:SDG4(2.0),GER,PT,L01,_T,_T,_T,_T,INST_T,_Z,_T,_Z,_Z,_T,_T,_T,_Z,_Z,_Z,BY,2013,58.01756,0,A,A,5
UNESCO:SDG4(2.0),GER,PT,L01,_T,_T,_T,_T,INST_T,_Z,_T,_Z,_Z,_T,_T,_T,_Z,_Z,_Z,BY,2014,59.25510,0,A,A,5
UNESCO:SDG4(2.0),GER,PT,L01,_T,_T,_T,_T,INST_T,_Z,_T,_Z,_Z,_T,_T,_T,_Z,_Z,_Z,BY,2015,60.03103,0,A,A,5
UNESCO:SDG4(2.0),GER,PT,L01,_T,_T,_T,_T,INST_T,_Z,_T,_Z,_Z,_T,_T,_T,_Z,_Z,_Z,BY,2016,59.52532,0,A,A,5
UNESCO:SDG4(2.0),GER,PT,L01,_T,_T,_T,_T,INST_T,_Z,_T,_Z,_Z,_T,_T,_T,_Z,_Z,_Z,BY,2017,59.52149,0,A,A,5
UNESCO:SDG4(2.0),GER,PT,L01,_T,_T,_T,_T,INST_T,_Z,_T,_Z,_Z,_T,_T,_T,_Z,_Z,_Z,BY,2018,58.20248,0,A,A,5
UNESCO:SDG4(2.0),GER,PT,L01,_T,_T,_T,_T,INST_T,_Z,_T,_Z,_Z,_T,_T,_T,_Z,_Z,_Z,CZ,1999,0,0,Z,A,5
UNESCO:SDG4(2.0),GER,PT,L01,_T,_T,_T,_T,INST_T,_Z,_T,_Z,_Z,_T,_T,_T,_Z,_Z,_Z,CZ,2000,0,0,Z,A,5
UNESCO:SDG4(2.0),GER,PT,L01,_T,_T,_T,_T,INST_T,_Z,_T,_Z,_Z,_T,_T,_T,_Z,_Z,_Z,CZ,2001,0,0,Z,A,5
UNESCO:SDG4(2.0),GER,PT,L01,_T,_T,_T,_T,INST_T,_Z,_T,_Z,_Z,_T,_T,_T,_Z,_Z,_Z,CZ,2002,0,0,Z,A,5
UNESCO:SDG4(2.0),GER,PT,L01,_T,_T,_T,_T,INST_T,_Z,_T,_Z,_Z,_T,_T,_T,_Z,_Z,_Z,CZ,2003,0,0,Z,A,5
UNESCO:SDG4(2.0),GER,PT,L01,_T,_T,_T,_T,INST_T,_Z,_T,_Z,_Z,_T,_T,_T,_Z,_Z,_Z,CZ,2004,0,0,Z,A,5
UNESCO:SDG4(2.0),GER,PT,L01,_T,_T,_T,_T,INST_T,_Z,_T,_Z,_Z,_T,_T,_T,_Z,_Z,_Z,CZ,2005,0,0,Z,A,5
UNESCO:SDG4(2.0),GER,PT,L01,_T,_T,_T,_T,INST_T,_Z,_T,_Z,_Z,_T,_T,_T,_Z,_Z,_Z,CZ,2006,0,0,Z,A,5
UNESCO:SDG4(2.0),GER,PT,L01,_T,_T,_T,_T,INST_T,_Z,_T,_Z,_Z,_T,_T,_T,_Z,_Z,_Z,CZ,2007,0,0,Z,A,5
UNESCO:SDG4(2.0),GER,PT,L01,_T,_T,_T,_T,INST_T,_Z,_T,_Z,_Z,_T,_T,_T,_Z,_Z,_Z,CZ,2008,0,0,Z,A,5
UNESCO:SDG4(2.0),GER,PT,L01,_T,_T,_T,_T,INST_T,_Z,_T,_Z,_Z,_T,_T,_T,_Z,_Z,_Z,CZ,2009,0,0,Z,A,5
UNESCO:SDG4(2.0),GER,PT,L01,_T,_T,_T,_T,INST_T,_Z,_T,_Z,_Z,_T,_T,_T,_Z,_Z,_Z,CZ,2010,0,0,Z,A,5
UNESCO:SDG4(2.0),GER,PT,L01,_T,_T,_T,_T,INST_T,_Z,_T,_Z,_Z,_T,_T,_T,_Z,_Z,_Z,CZ,2011,0,0,Z,A,5
UNESCO:SDG4(2.0),GER,PT,L01,_T,_T,_T,_T,INST_T,_Z,_T,_Z,_Z,_T,_T,_T,_Z,_Z,_Z,CZ,2012,0,0,Z,A,5
UNESCO:SDG4(2.0),GER,PT,L01,_T,_T,_T,_T,INST_T,_Z,_T,_Z,_Z,_T,_T,_T,_Z,_Z,_Z,CZ,2013,0,0,Z,A,5
UNESCO:SDG4(2.0),GER,PT,L01,_T,_T,_T,_T,INST_T,_Z,_T,_Z,_Z,_T,_T,_T,_Z,_Z,_Z,CZ,2014,0,0,Z,A,5
UNESCO:SDG4(2.0),GER,PT,L01,_T,_T,_T,_T,INST_T,_Z,_T,_Z,_Z,_T,_T,_T,_Z,_Z,_Z,CZ,2015,0,0,Z,A,5
UNESCO:SDG4(2.0),GER,PT,L01,_T,_T,_T,_T,INST_T,_Z,_T,_Z,_Z,_T,_T,_T,_Z,_Z,_Z,CZ,2016,0,0,Z,A,5
UNESCO:SDG4(2.0),GER,PT,L01,_T,_T,_T,_T,INST_T,_Z,_T,_Z,_Z,_T,_T,_T,_Z,_Z,_Z,CZ,2017,0,0,Z,A,5
UNESCO:SDG4(2.0),GER,PT,L01,_T,_T,_T,_T,INST_T,_Z,_T,_Z,_Z,_T,_T,_T,_Z,_Z,_Z,EE,1999,0,0,Z,A,5
UNESCO:SDG4(2.0),GER,PT,L01,_T,_T,_T,_T,INST_T,_Z,_T,_Z,_Z,_T,_T,_T,_Z,_Z,_Z,EE,2000,0,0,Z,A,5
UNESCO:SDG4(2.0),GER,PT,L01,_T,_T,_T,_T,INST_T,_Z,_T,_Z,_Z,_T,_T,_T,_Z,_Z,_Z,EE,2001,0,0,Z,A,5
UNESCO:SDG4(2.0),GER,PT,L01,_T,_T,_T,_T,INST_T,_Z,_T,_Z,_Z,_T,_T,_T,_Z,_Z,_Z,EE,2002,0,0,Z,A,5
UNESCO:SDG4(2.0),GER,PT,L01,_T,_T,_T,_T,INST_T,_Z,_T,_Z,_Z,_T,_T,_T,_Z,_Z,_Z,EE,2003,0,0,Z,A,5
UNESCO:SDG4(2.0),GER,PT,L01,_T,_T,_T,_T,INST_T,_Z,_T,_Z,_Z,_T,_T,_T,_Z,_Z,_Z,EE,2004,0,0,Z,A,5
UNESCO:SDG4(2.0),GER,PT,L01,_T,_T,_T,_T,INST_T,_Z,_T,_Z,_Z,_T,_T,_T,_Z,_Z,_Z,EE,2005,0,0,Z,A,5
UNESCO:SDG4(2.0),GER,PT,L01,_T,_T,_T,_T,INST_T,_Z,_T,_Z,_Z,_T,_T,_T,_Z,_Z,_Z,EE,2006,0,0,Z,A,5
UNESCO:SDG4(2.0),GER,PT,L01,_T,_T,_T,_T,INST_T,_Z,_T,_Z,_Z,_T,_T,_T,_Z,_Z,_Z,EE,2007,0,0,Z,A,5
UNESCO:SDG4(2.0),GER,PT,L01,_T,_T,_T,_T,INST_T,_Z,_T,_Z,_Z,_T,_T,_T,_Z,_Z,_Z,EE,2008,0,0,Z,A,5
UNESCO:SDG4(2.0),GER,PT,L01,_T,_T,_T,_T,INST_T,_Z,_T,_Z,_Z,_T,_T,_T,_Z,_Z,_Z,EE,2009,0,0,Z,A,5
UNESCO:SDG4(2.0),GER,PT,L01,_T,_T,_T,_T,INST_T,_Z,_T,_Z,_Z,_T,_T,_T,_Z,_Z,_Z,EE,2010,0,0,Z,A,5
UNESCO:SDG4(2.0),GER,PT,L01,_T,_T,_T,_T,INST_T,_Z,_T,_Z,_Z,_T,_T,_T,_Z,_Z,_Z,EE,2011,0,0,Z,A,5
UNESCO:SDG4(2.0),GER,PT,L01,_T,_T,_T,_T,INST_T,_Z,_T,_Z,_Z,_T,_T,_T,_Z,_Z,_Z,EE,2012,0,0,Z,A,5
UNESCO:SDG4(2.0),GER,PT,L01,_T,_T,_T,_T,INST_T,_Z,_T,_Z,_Z,_T,_T,_T,_Z,_Z,_Z,EE,2013,29.57074,0,A,A,5
UNESCO:SDG4(2.0),GER,PT,L01,_T,_T,_T,_T,INST_T,_Z,_T,_Z,_Z,_T,_T,_T,_Z,_Z,_Z,EE,2014,22.24852,0,A,A,5
UNESCO:SDG4(2.0),GER,PT,L01,_T,_T,_T,_T,INST_T,_Z,_T,_Z,_Z,_T,_T,_T,_Z,_Z,_Z,EE,2015,24.40219,0,A,A,5
UNESCO:SDG4(2.0),GER,PT,L01,_T,_T,_T,_T,INST_T,_Z,_T,_Z,_Z,_T,_T,_T,_Z,_Z,_Z,EE,2016,26.18084,0,A,A,5
UNESCO:SDG4(2.0),GER,PT,L01,_T,_T,_T,_T,INST_T,_Z,_T,_Z,_Z,_T,_T,_T,_Z,_Z,_Z,EE,2017,28.49078,0,A,A,5
UNESCO:SDG4(2.0),GER,PT,L01,_T,_T,_T,_T,INST_T,_Z,_T,_Z,_Z,_T,_T,_T,_Z,_Z,_Z,GE,1999,0,0,Z,A,5
UNESCO:SDG4(2.0),GER,PT,L01,_T,_T,_T,_T,INST_T,_Z,_T,_Z,_Z,_T,_T,_T,_Z,_Z,_Z,GE,2000,0,0,Z,A,5
UNESCO:SDG4(2.0),GER,PT,L01,_T,_T,_T,_T,INST_T,_Z,_T,_Z,_Z,_T,_T,_T,_Z,_Z,_Z,GE,2001,0,0,Z,A,5
UNESCO:SDG4(2.0),GER,PT,L01,_T,_T,_T,_T,INST_T,_Z,_T,_Z,_Z,_T,_T,_T,_Z,_Z,_Z,GE,2002,0,0,Z,A,5
UNESCO:SDG4(2.0),GER,PT,L01,_T,_T,_T,_T,INST_T,_Z,_T,_Z,_Z,_T,_T,_T,_Z,_Z,_Z,GE,2003,0,0,Z,A,5
UNESCO:SDG4(2.0),GER,PT,L01,_T,_T,_T,_T,INST_T,_Z,_T,_Z,_Z,_T,_T,_T,_Z,_Z,_Z,GE,2004,0,0,Z,A,5
UNESCO:SDG4(2.0),GER,PT,L01,_T,_T,_T,_T,INST_T,_Z,_T,_Z,_Z,_T,_T,_T,_Z,_Z,_Z,GE,2005,0,0,Z,A,5
UNESCO:SDG4(2.0),GER,PT,L01,_T,_T,_T,_T,INST_T,_Z,_T,_Z,_Z,_T,_T,_T,_Z,_Z,_Z,GE,2006,0,0,Z,A,5
UNESCO:SDG4(2.0),GER,PT,L01,_T,_T,_T,_T,INST_T,_Z,_T,_Z,_Z,_T,_T,_T,_Z,_Z,_Z,GE,2009,0,0,Z,A,5
UNESCO:SDG4(2.0),GER,PT,L01,_T,_T,_T,_T,INST_T,_Z,_T,_Z,_Z,_T,_T,_T,_Z,_Z,_Z,GE,2011,0,0,Z,A,5
UNESCO:SDG4(2.0),GER,PT,L01,_T,_T,_T,_T,INST_T,_Z,_T,_Z,_Z,_T,_T,_T,_Z,_Z,_Z,GE,2012,0,0,Z,A,5
UNESCO:SDG4(2.0),GER,PT,L01,_T,_T,_T,_T,INST_T,_Z,_T,_Z,_Z,_T,_T,_T,_Z,_Z,_Z,GE,2013,0,0,Z,A,5
UNESCO:SDG4(2.0),GER,PT,L01,_T,_T,_T,_T,INST_T,_Z,_T,_Z,_Z,_T,_T,_T,_Z,_Z,_Z,GE,2014,0,0,Z,A,5
UNESCO:SDG4(2.0),GER,PT,L01,_T,_T,_T,_T,INST_T,_Z,_T,_Z,_Z,_T,_T,_T,_Z,_Z,_Z,GE,2015,0,0,Z,A,5
UNESCO:SDG4(2.0),GER,PT,L01,_T,_T,_T,_T,INST_T,_Z,_T,_Z,_Z,_T,_T,_T,_Z,_Z,_Z,GE,2016,0,0,Z,A,5
UNESCO:SDG4(2.0),GER,PT,L01,_T,_T,_T,_T,INST_T,_Z,_T,_Z,_Z,_T,_T,_T,_Z,_Z,_Z,GE,2017,0,0,Z,A,5
UNESCO:SDG4(2.0),GER,PT,L01,_T,_T,_T,_T,INST_T,_Z,_T,_Z,_Z,_T,_T,_T,_Z,_Z,_Z,GE,2018,0,0,Z,A,5
UNESCO:SDG4(2.0),GER,PT,L01,_T,_T,_T,_T,INST_T,_Z,_T,_Z,_Z,_T,_T,_T,_Z,_Z,_Z,HR,1999,0,0,Z,A,5
UNESCO:SDG4(2.0),GER,PT,L01,_T,_T,_T,_T,INST_T,_Z,_T,_Z,_Z,_T,_T,_T,_Z,_Z,_Z,HR,2000,0,0,Z,A,5
UNESCO:SDG4(2.0),GER,PT,L01,_T,_T,_T,_T,INST_T,_Z,_T,_Z,_Z,_T,_T,_T,_Z,_Z,_Z,HR,2001,0,0,Z,A,5
UNESCO:SDG4(2.0),GER,PT,L01,_T,_T,_T,_T,INST_T,_Z,_T,_Z,_Z,_T,_T,_T,_Z,_Z,_Z,HR,2002,0,0,Z,A,5
UNESCO:SDG4(2.0),GER,PT,L01,_T,_T,_T,_T,INST_T,_Z,_T,_Z,_Z,_T,_T,_T,_Z,_Z,_Z,HR,2003,0,0,Z,A,5
UNESCO:SDG4(2.0),GER,PT,L01,_T,_T,_T,_T,INST_T,_Z,_T,_Z,_Z,_T,_T,_T,_Z,_Z,_Z,HR,2004,0,0,Z,A,5
UNESCO:SDG4(2.0),GER,PT,L01,_T,_T,_T,_T,INST_T,_Z,_T,_Z,_Z,_T,_T,_T,_Z,_Z,_Z,HR,2005,0,0,Z,A,5
UNESCO:SDG4(2.0),GER,PT,L01,_T,_T,_T,_T,INST_T,_Z,_T,_Z,_Z,_T,_T,_T,_Z,_Z,_Z,HR,2006,0,0,Z,A,5
UNESCO:SDG4(2.0),GER,PT,L01,_T,_T,_T,_T,INST_T,_Z,_T,_Z,_Z,_T,_T,_T,_Z,_Z,_Z,HR,2007,0,0,Z,A,5
UNESCO:SDG4(2.0),GER,PT,L01,_T,_T,_T,_T,INST_T,_Z,_T,_Z,_Z,_T,_T,_T,_Z,_Z,_Z,HR,2008,0,0,Z,A,5
UNESCO:SDG4(2.0),GER,PT,L01,_T,_T,_T,_T,INST_T,_Z,_T,_Z,_Z,_T,_T,_T,_Z,_Z,_Z,HR,2009,0,0,Z,A,5
UNESCO:SDG4(2.0),GER,PT,L01,_T,_T,_T,_T,INST_T,_Z,_T,_Z,_Z,_T,_T,_T,_Z,_Z,_Z,HR,2010,0,0,Z,A,5
UNESCO:SDG4(2.0),GER,PT,L01,_T,_T,_T,_T,INST_T,_Z,_T,_Z,_Z,_T,_T,_T,_Z,_Z,_Z,HR,2011,0,0,Z,A,5
UNESCO:SDG4(2.0),GER,PT,L01,_T,_T,_T,_T,INST_T,_Z,_T,_Z,_Z,_T,_T,_T,_Z,_Z,_Z,HR,2012,0,0,Z,A,5
UNESCO:SDG4(2.0),GER,PT,L01,_T,_T,_T,_T,INST_T,_Z,_T,_Z,_Z,_T,_T,_T,_Z,_Z,_Z,HR,2013,25.20814,0,A,A,5
UNESCO:SDG4(2.0),GER,PT,L01,_T,_T,_T,_T,INST_T,_Z,_T,_Z,_Z,_T,_T,_T,_Z,_Z,_Z,HR,2014,26.75697,0,A,A,5
UNESCO:SDG4(2.0),GER,PT,L01,_T,_T,_T,_T,INST_T,_Z,_T,_Z,_Z,_T,_T,_T,_Z,_Z,_Z,HR,2015,27.96845,0,A,A,5
UNESCO:SDG4(2.0),GER,PT,L01,_T,_T,_T,_T,INST_T,_Z,_T,_Z,_Z,_T,_T,_T,_Z,_Z,_Z,HR,2016,28.50891,0,A,A,5
UNESCO:SDG4(2.0),GER,PT,L01,_T,_T,_T,_T,INST_T,_Z,_T,_Z,_Z,_T,_T,_T,_Z,_Z,_Z,HR,2017,32.29225,0,A,A,5
UNESCO:SDG4(2.0),GER,PT,L01,_T,_T,_T,_T,INST_T,_Z,_T,_Z,_Z,_T,_T,_T,_Z,_Z,_Z,HU,2003,0,0,Z,A,5
UNESCO:SDG4(2.0),GER,PT,L01,_T,_T,_T,_T,INST_T,_Z,_T,_Z,_Z,_T,_T,_T,_Z,_Z,_Z,HU,2004,0,0,Z,A,5
UNESCO:SDG4(2.0),GER,PT,L01,_T,_T,_T,_T,INST_T,_Z,_T,_Z,_Z,_T,_T,_T,_Z,_Z,_Z,HU,2005,0,0,Z,A,5
UNESCO:SDG4(2.0),GER,PT,L01,_T,_T,_T,_T,INST_T,_Z,_T,_Z,_Z,_T,_T,_T,_Z,_Z,_Z,HU,2006,0,0,Z,A,5
UNESCO:SDG4(2.0),GER,PT,L01,_T,_T,_T,_T,INST_T,_Z,_T,_Z,_Z,_T,_T,_T,_Z,_Z,_Z,HU,2007,0,0,Z,A,5
UNESCO:SDG4(2.0),GER,PT,L01,_T,_T,_T,_T,INST_T,_Z,_T,_Z,_Z,_T,_T,_T,_Z,_Z,_Z,HU,2008,0,0,Z,A,5
UNESCO:SDG4(2.0),GER,PT,L01,_T,_T,_T,_T,INST_T,_Z,_T,_Z,_Z,_T,_T,_T,_Z,_Z,_Z,HU,2009,0,0,Z,A,5
UNESCO:SDG4(2.0),GER,PT,L01,_T,_T,_T,_T,INST_T,_Z,_T,_Z,_Z,_T,_T,_T,_Z,_Z,_Z,HU,2010,0,0,Z,A,5
UNESCO:SDG4(2.0),GER,PT,L01,_T,_T,_T,_T,INST_T,_Z,_T,_Z,_Z,_T,_T,_T,_Z,_Z,_Z,HU,2011,0,0,Z,A,5
UNESCO:SDG4(2.0),GER,PT,L01,_T,_T,_T,_T,INST_T,_Z,_T,_Z,_Z,_T,_T,_T,_Z,_Z,_Z,HU,2012,0,0,Z,A,5
UNESCO:SDG4(2.0),GER,PT,L01,_T,_T,_T,_T,INST_T,_Z,_T,_Z,_Z,_T,_T,_T,_Z,_Z,_Z,HU,2015,15.45071,0,A,A,5
UNESCO:SDG4(2.0),GER,PT,L01,_T,_T,_T,_T,INST_T,_Z,_T,_Z,_Z,_T,_T,_T,_Z,_Z,_Z,HU,2016,16.80951,0,A,A,5
UNESCO:SDG4(2.0),GER,PT,L01,_T,_T,_T,_T,INST_T,_Z,_T,_Z,_Z,_T,_T,_T,_Z,_Z,_Z,HU,2017,18.31637,0,A,A,5
UNESCO:SDG4(2.0),GER,PT,L01,_T,_T,_T,_T,INST_T,_Z,_T,_Z,_Z,_T,_T,_T,_Z,_Z,_Z,KG,1999,0,0,Z,A,5
UNESCO:SDG4(2.0),GER,PT,L01,_T,_T,_T,_T,INST_T,_Z,_T,_Z,_Z,_T,_T,_T,_Z,_Z,_Z,KG,2000,0,0,Z,A,5
UNESCO:SDG4(2.0),GER,PT,L01,_T,_T,_T,_T,INST_T,_Z,_T,_Z,_Z,_T,_T,_T,_Z,_Z,_Z,KG,2001,0,0,Z,A,5
UNESCO:SDG4(2.0),GER,PT,L01,_T,_T,_T,_T,INST_T,_Z,_T,_Z,_Z,_T,_T,_T,_Z,_Z,_Z,KG,2002,0,0,Z,A,5
UNESCO:SDG4(2.0),GER,PT,L01,_T,_T,_T,_T,INST_T,_Z,_T,_Z,_Z,_T,_T,_T,_Z,_Z,_Z,KG,2003,0,0,Z,A,5
UNESCO:SDG4(2.0),GER,PT,L01,_T,_T,_T,_T,INST_T,_Z,_T,_Z,_Z,_T,_T,_T,_Z,_Z,_Z,KG,2004,0,0,Z,A,5
UNESCO:SDG4(2.0),GER,PT,L01,_T,_T,_T,_T,INST_T,_Z,_T,_Z,_Z,_T,_T,_T,_Z,_Z,_Z,KG,2005,0,0,Z,A,5
UNESCO:SDG4(2.0),GER,PT,L01,_T,_T,_T,_T,INST_T,_Z,_T,_Z,_Z,_T,_T,_T,_Z,_Z,_Z,KG,2006,0,0,Z,A,5
UNESCO:SDG4(2.0),GER,PT,L01,_T,_T,_T,_T,INST_T,_Z,_T,_Z,_Z,_T,_T,_T,_Z,_Z,_Z,KG,2007,0,0,Z,A,5
UNESCO:SDG4(2.0),GER,PT,L01,_T,_T,_T,_T,INST_T,_Z,_T,_Z,_Z,_T,_T,_T,_Z,_Z,_Z,KG,2008,0,0,Z,A,5
UNESCO:SDG4(2.0),GER,PT,L01,_T,_T,_T,_T,INST_T,_Z,_T,_Z,_Z,_T,_T,_T,_Z,_Z,_Z,KG,2009,0,0,Z,A,5
UNESCO:SDG4(2.0),GER,PT,L01,_T,_T,_T,_T,INST_T,_Z,_T,_Z,_Z,_T,_T,_T,_Z,_Z,_Z,KG,2010,0,0,Z,A,5
UNESCO:SDG4(2.0),GER,PT,L01,_T,_T,_T,_T,INST_T,_Z,_T,_Z,_Z,_T,_T,_T,_Z,_Z,_Z,KG,2011,0,0,Z,A,5
UNESCO:SDG4(2.0),GER,PT,L01,_T,_T,_T,_T,INST_T,_Z,_T,_Z,_Z,_T,_T,_T,_Z,_Z,_Z,KG,2012,0,0,Z,A,5
UNESCO:SDG4(2.0),GER,PT,L01,_T,_T,_T,_T,INST_T,_Z,_T,_Z,_Z,_T,_T,_T,_Z,_Z,_Z,KG,2013,0,0,Z,A,5
UNESCO:SDG4(2.0),GER,PT,L01,_T,_T,_T,_T,INST_T,_Z,_T,_Z,_Z,_T,_T,_T,_Z,_Z,_Z,KG,2014,5.07180,0,A,A,5
UNESCO:SDG4(2.0),GER,PT,L01,_T,_T,_T,_T,INST_T,_Z,_T,_Z,_Z,_T,_T,_T,_Z,_Z,_Z,KG,2015,5.26158,0,A,A,5
UNESCO:SDG4(2.0),GER,PT,L01,_T,_T,_T,_T,INST_T,_Z,_T,_Z,_Z,_T,_T,_T,_Z,_Z,_Z,KG,2016,5.60408,0,A,A,5
UNESCO:SDG4(2.0),GER,PT,L01,_T,_T,_T,_T,INST_T,_Z,_T,_Z,_Z,_T,_T,_T,_Z,_Z,_Z,KG,2017,5.94258,0,A,A,5
UNESCO:SDG4(2.0),GER,PT,L01,_T,_T,_T,_T,INST_T,_Z,_T,_Z,_Z,_T,_T,_T,_Z,_Z,_Z,KG,2018,6.27854,0,A,A,5
UNESCO:SDG4(2.0),GER,PT,L01,_T,_T,_T,_T,INST_T,_Z,_T,_Z,_Z,_T,_T,_T,_Z,_Z,_Z,KZ,2010,0,0,Z,A,5
UNESCO:SDG4(2.0),GER,PT,L01,_T,_T,_T,_T,INST_T,_Z,_T,_Z,_Z,_T,_T,_T,_Z,_Z,_Z,KZ,2011,0,0,Z,A,5
UNESCO:SDG4(2.0),GER,PT,L01,_T,_T,_T,_T,INST_T,_Z,_T,_Z,_Z,_T,_T,_T,_Z,_Z,_Z,KZ,2012,0,0,Z,A,5
UNESCO:SDG4(2.0),GER,PT,L01,_T,_T,_T,_T,INST_T,_Z,_T,_Z,_Z,_T,_T,_T,_Z,_Z,_Z,KZ,2013,0,0,Z,A,5
UNESCO:SDG4(2.0),GER,PT,L01,_T,_T,_T,_T,INST_T,_Z,_T,_Z,_Z,_T,_T,_T,_Z,_Z,_Z,KZ,2014,0,0,Z,A,5
UNESCO:SDG4(2.0),GER,PT,L01,_T,_T,_T,_T,INST_T,_Z,_T,_Z,_Z,_T,_T,_T,_Z,_Z,_Z,KZ,2015,12.40507,0,A,A,5
UNESCO:SDG4(2.0),GER,PT,L01,_T,_T,_T,_T,INST_T,_Z,_T,_Z,_Z,_T,_T,_T,_Z,_Z,_Z,KZ,2016,12.62145,0,A,A,5
UNESCO:SDG4(2.0),GER,PT,L01,_T,_T,_T,_T,INST_T,_Z,_T,_Z,_Z,_T,_T,_T,_Z,_Z,_Z,KZ,2019,16.59236,0,A,A,5
UNESCO:SDG4(2.0),GER,PT,L01,_T,_T,_T,_T,INST_T,_Z,_T,_Z,_Z,_T,_T,_T,_Z,_Z,_Z,LT,1999,12.99813,0,E,A,5
UNESCO:SDG4(2.0),GER,PT,L01,_T,_T,_T,_T,INST_T,_Z,_T,_Z,_Z,_T,_T,_T,_Z,_Z,_Z,LT,2000,13.48432,0,E,A,5
UNESCO:SDG4(2.0),GER,PT,L01,_T,_T,_T,_T,INST_T,_Z,_T,_Z,_Z,_T,_T,_T,_Z,_Z,_Z,LT,2001,13.81959,0,E,A,5
UNESCO:SDG4(2.0),GER,PT,L01,_T,_T,_T,_T,INST_T,_Z,_T,_Z,_Z,_T,_T,_T,_Z,_Z,_Z,LT,2002,14.89519,0,E,A,5
UNESCO:SDG4(2.0),GER,PT,L01,_T,_T,_T,_T,INST_T,_Z,_T,_Z,_Z,_T,_T,_T,_Z,_Z,_Z,LT,2013,20.89155,0,E,A,5
UNESCO:SDG4(2.0),GER,PT,L01,_T,_T,_T,_T,INST_T,_Z,_T,_Z,_Z,_T,_T,_T,_Z,_Z,_Z,LT,2014,21.35632,0,E,A,5
UNESCO:SDG4(2.0),GER,PT,L01,_T,_T,_T,_T,INST_T,_Z,_T,_Z,_Z,_T,_T,_T,_Z,_Z,_Z,LT,2015,22.07971,0,E,A,5
UNESCO:SDG4(2.0),GER,PT,L01,_T,_T,_T,_T,INST_T,_Z,_T,_Z,_Z,_T,_T,_T,_Z,_Z,_Z,LT,2016,23.08690,0,E,A,5
UNESCO:SDG4(2.0),GER,PT,L01,_T,_T,_T,_T,INST_T,_Z,_T,_Z,_Z,_T,_T,_T,_Z,_Z,_Z,LT,2017,24.84142,0,E,A,5
UNESCO:SDG4(2.0),GER,PT,L01,_T,_T,_T,_T,INST_T,_Z,_T,_Z,_Z,_T,_T,_T,_Z,_Z,_Z,LV,2017,43.52555,0,E,A,5
UNESCO:SDG4(2.0),GER,PT,L01,_T,_T,_T,_T,INST_T,_Z,_T,_Z,_Z,_T,_T,_T,_Z,_Z,_Z,MD,1999,0,0,Z,A,5
UNESCO:SDG4(2.0),GER,PT,L01,_T,_T,_T,_T,INST_T,_Z,_T,_Z,_Z,_T,_T,_T,_Z,_Z,_Z,MD,2000,0,0,Z,A,5
UNESCO:SDG4(2.0),GER,PT,L01,_T,_T,_T,_T,INST_T,_Z,_T,_Z,_Z,_T,_T,_T,_Z,_Z,_Z,MD,2001,0,0,Z,A,5
UNESCO:SDG4(2.0),GER,PT,L01,_T,_T,_T,_T,INST_T,_Z,_T,_Z,_Z,_T,_T,_T,_Z,_Z,_Z,MD,2002,0,0,Z,A,5
UNESCO:SDG4(2.0),GER,PT,L01,_T,_T,_T,_T,INST_T,_Z,_T,_Z,_Z,_T,_T,_T,_Z,_Z,_Z,MD,2003,0,0,Z,A,5
UNESCO:SDG4(2.0),GER,PT,L01,_T,_T,_T,_T,INST_T,_Z,_T,_Z,_Z,_T,_T,_T,_Z,_Z,_Z,MD,2004,0,0,Z,A,5
UNESCO:SDG4(2.0),GER,PT,L01,_T,_T,_T,_T,INST_T,_Z,_T,_Z,_Z,_T,_T,_T,_Z,_Z,_Z,MD,2005,0,0,Z,A,5
UNESCO:SDG4(2.0),GER,PT,L01,_T,_T,_T,_T,INST_T,_Z,_T,_Z,_Z,_T,_T,_T,_Z,_Z,_Z,MD,2006,0,0,Z,A,5
UNESCO:SDG4(2.0),GER,PT,L01,_T,_T,_T,_T,INST_T,_Z,_T,_Z,_Z,_T,_T,_T,_Z,_Z,_Z,MD,2007,0,0,Z,A,5
UNESCO:SDG4(2.0),GER,PT,L01,_T,_T,_T,_T,INST_T,_Z,_T,_Z,_Z,_T,_T,_T,_Z,_Z,_Z,MD,2008,0,0,Z,A,5
UNESCO:SDG4(2.0),GER,PT,L01,_T,_T,_T,_T,INST_T,_Z,_T,_Z,_Z,_T,_T,_T,_Z,_Z,_Z,MD,2009,0,0,Z,A,5
UNESCO:SDG4(2.0),GER,PT,L01,_T,_T,_T,_T,INST_T,_Z,_T,_Z,_Z,_T,_T,_T,_Z,_Z,_Z,MD,2010,0,0,Z,A,5
UNESCO:SDG4(2.0),GER,PT,L01,_T,_T,_T,_T,INST_T,_Z,_T,_Z,_Z,_T,_T,_T,_Z,_Z,_Z,MD,2011,0,0,Z,A,5
UNESCO:SDG4(2.0),GER,PT,L01,_T,_T,_T,_T,INST_T,_Z,_T,_Z,_Z,_T,_T,_T,_Z,_Z,_Z,MD,2012,0,0,Z,A,5
UNESCO:SDG4(2.0),GER,PT,L01,_T,_T,_T,_T,INST_T,_Z,_T,_Z,_Z,_T,_T,_T,_Z,_Z,_Z,MD,2013,21.97354,0,E,A,5
UNESCO:SDG4(2.0),GER,PT,L01,_T,_T,_T,_T,INST_T,_Z,_T,_Z,_Z,_T,_T,_T,_Z,_Z,_Z,MD,2014,20.61849,0,E,A,5
UNESCO:SDG4(2.0),GER,PT,L01,_T,_T,_T,_T,INST_T,_Z,_T,_Z,_Z,_T,_T,_T,_Z,_Z,_Z,MD,2015,22.19667,0,E,A,5
UNESCO:SDG4(2.0),GER,PT,L01,_T,_T,_T,_T,INST_T,_Z,_T,_Z,_Z,_T,_T,_T,_Z,_Z,_Z,MD,2016,22.12876,0,E,A,5
UNESCO:SDG4(2.0),GER,PT,L01,_T,_T,_T,_T,INST_T,_Z,_T,_Z,_Z,_T,_T,_T,_Z,_Z,_Z,MD,2017,22.44957,0,E,A,5
UNESCO:SDG4(2.0),GER,PT,L01,_T,_T,_T,_T,INST_T,_Z,_T,_Z,_Z,_T,_T,_T,_Z,_Z,_Z,MD,2018,22.44291,0,E,A,5
UNESCO:SDG4(2.0),GER,PT,L01,_T,_T,_T,_T,INST_T,_Z,_T,_Z,_Z,_T,_T,_T,_Z,_Z,_Z,ME,2001,5.69012,0,A,A,5
UNESCO:SDG4(2.0),GER,PT,L01,_T,_T,_T,_T,INST_T,_Z,_T,_Z,_Z,_T,_T,_T,_Z,_Z,_Z,ME,2002,6.13740,0,A,A,5
UNESCO:SDG4(2.0),GER,PT,L01,_T,_T,_T,_T,INST_T,_Z,_T,_Z,_Z,_T,_T,_T,_Z,_Z,_Z,ME,2003,6.40528,0,A,A,5
UNESCO:SDG4(2.0),GER,PT,L01,_T,_T,_T,_T,INST_T,_Z,_T,_Z,_Z,_T,_T,_T,_Z,_Z,_Z,ME,2004,6.70879,0,A,A,5
UNESCO:SDG4(2.0),GER,PT,L01,_T,_T,_T,_T,INST_T,_Z,_T,_Z,_Z,_T,_T,_T,_Z,_Z,_Z,ME,2005,9.73945,0,A,A,5
UNESCO:SDG4(2.0),GER,PT,L01,_T,_T,_T,_T,INST_T,_Z,_T,_Z,_Z,_T,_T,_T,_Z,_Z,_Z,ME,2006,11.30483,0,A,A,5
UNESCO:SDG4(2.0),GER,PT,L01,_T,_T,_T,_T,INST_T,_Z,_T,_Z,_Z,_T,_T,_T,_Z,_Z,_Z,ME,2007,11.82669,0,A,A,5
UNESCO:SDG4(2.0),GER,PT,L01,_T,_T,_T,_T,INST_T,_Z,_T,_Z,_Z,_T,_T,_T,_Z,_Z,_Z,ME,2008,13.35111,0,A,A,5
UNESCO:SDG4(2.0),GER,PT,L01,_T,_T,_T,_T,INST_T,_Z,_T,_Z,_Z,_T,_T,_T,_Z,_Z,_Z,ME,2009,15.08765,0,A,A,5
UNESCO:SDG4(2.0),GER,PT,L01,_T,_T,_T,_T,INST_T,_Z,_T,_Z,_Z,_T,_T,_T,_Z,_Z,_Z,ME,2010,17.46913,0,A,A,5
UNESCO:SDG4(2.0),GER,PT,L01,_T,_T,_T,_T,INST_T,_Z,_T,_Z,_Z,_T,_T,_T,_Z,_Z,_Z,ME,2015,27.09492,0,A,A,5
UNESCO:SDG4(2.0),GER,PT,L01,_T,_T,_T,_T,INST_T,_Z,_T,_Z,_Z,_T,_T,_T,_Z,_Z,_Z,ME,2016,27.34852,0,A,A,5
UNESCO:SDG4(2.0),GER,PT,L01,_T,_T,_T,_T,INST_T,_Z,_T,_Z,_Z,_T,_T,_T,_Z,_Z,_Z,ME,2017,33.26344,0,A,A,5
UNESCO:SDG4(2.0),GER,PT,L01,_T,_T,_T,_T,INST_T,_Z,_T,_Z,_Z,_T,_T,_T,_Z,_Z,_Z,ME,2018,36.68520,0,A,A,5
UNESCO:SDG4(2.0),GER,PT,L01,_T,_T,_T,_T,INST_T,_Z,_T,_Z,_Z,_T,_T,_T,_Z,_Z,_Z,MK,1999,7.89293,0,A,A,5
UNESCO:SDG4(2.0),GER,PT,L01,_T,_T,_T,_T,INST_T,_Z,_T,_Z,_Z,_T,_T,_T,_Z,_Z,_Z,MK,2001,6.07407,0,A,A,5
UNESCO:SDG4(2.0),GER,PT,L01,_T,_T,_T,_T,INST_T,_Z,_T,_Z,_Z,_T,_T,_T,_Z,_Z,_Z,MK,2002,6.36941,0,A,A,5
UNESCO:SDG4(2.0),GER,PT,L01,_T,_T,_T,_T,INST_T,_Z,_T,_Z,_Z,_T,_T,_T,_Z,_Z,_Z,MK,2003,6.58546,0,A,A,5
UNESCO:SDG4(2.0),GER,PT,L01,_T,_T,_T,_T,INST_T,_Z,_T,_Z,_Z,_T,_T,_T,_Z,_Z,_Z,MK,2004,6.91460,0,A,A,5
UNESCO:SDG4(2.0),GER,PT,L01,_T,_T,_T,_T,INST_T,_Z,_T,_Z,_Z,_T,_T,_T,_Z,_Z,_Z,MK,2007,0,0,Z,A,5
UNESCO:SDG4(2.0),GER,PT,L01,_T,_T,_T,_T,INST_T,_Z,_T,_Z,_Z,_T,_T,_T,_Z,_Z,_Z,MK,2008,0,0,Z,A,5
UNESCO:SDG4(2.0),GER,PT,L01,_T,_T,_T,_T,INST_T,_Z,_T,_Z,_Z,_T,_T,_T,_Z,_Z,_Z,MK,2009,0,0,Z,A,5
UNESCO:SDG4(2.0),GER,PT,L01,_T,_T,_T,_T,INST_T,_Z,_T,_Z,_Z,_T,_T,_T,_Z,_Z,_Z,MK,2010,0,0,Z,A,5
UNESCO:SDG4(2.0),GER,PT,L01,_T,_T,_T,_T,INST_T,_Z,_T,_Z,_Z,_T,_T,_T,_Z,_Z,_Z,MK,2011,0,0,Z,A,5
UNESCO:SDG4(2.0),GER,PT,L01,_T,_T,_T,_T,INST_T,_Z,_T,_Z,_Z,_T,_T,_T,_Z,_Z,_Z,MK,2012,0,0,Z,A,5
UNESCO:SDG4(2.0),GER,PT,L01,_T,_T,_T,_T,INST_T,_Z,_T,_Z,_Z,_T,_T,_T,_Z,_Z,_Z,MK,2013,13.29327,0,A,A,5
UNESCO:SDG4(2.0),GER,PT,L01,_T,_T,_T,_T,INST_T,_Z,_T,_Z,_Z,_T,_T,_T,_Z,_Z,_Z,MK,2014,13.85116,0,A,A,5
UNESCO:SDG4(2.0),GER,PT,L01,_T,_T,_T,_T,INST_T,_Z,_T,_Z,_Z,_T,_T,_T,_Z,_Z,_Z,MK,2015,13.10980,0,A,A,5
UNESCO:SDG4(2.0),GER,PT,L01,_T,_T,_T,_T,INST_T,_Z,_T,_Z,_Z,_T,_T,_T,_Z,_Z,_Z,MK,2017,15.47017,0,A,A,5
UNESCO:SDG4(2.0),GER,PT,L01,_T,_T,_T,_T,INST_T,_Z,_T,_Z,_Z,_T,_T,_T,_Z,_Z,_Z,PL,1998,0,0,Z,A,5
UNESCO:SDG4(2.0),GER,PT,L01,_T,_T,_T,_T,INST_T,_Z,_T,_Z,_Z,_T,_T,_T,_Z,_Z,_Z,PL,1999,0,0,Z,A,5
UNESCO:SDG4(2.0),GER,PT,L01,_T,_T,_T,_T,INST_T,_Z,_T,_Z,_Z,_T,_T,_T,_Z,_Z,_Z,PL,2000,0,0,Z,A,5
UNESCO:SDG4(2.0),GER,PT,L01,_T,_T,_T,_T,INST_T,_Z,_T,_Z,_Z,_T,_T,_T,_Z,_Z,_Z,PL,2001,0,0,Z,A,5
UNESCO:SDG4(2.0),GER,PT,L01,_T,_T,_T,_T,INST_T,_Z,_T,_Z,_Z,_T,_T,_T,_Z,_Z,_Z,PL,2002,0,0,Z,A,5
UNESCO:SDG4(2.0),GER,PT,L01,_T,_T,_T,_T,INST_T,_Z,_T,_Z,_Z,_T,_T,_T,_Z,_Z,_Z,PL,2003,0,0,Z,A,5
UNESCO:SDG4(2.0),GER,PT,L01,_T,_T,_T,_T,INST_T,_Z,_T,_Z,_Z,_T,_T,_T,_Z,_Z,_Z,PL,2004,0,0,Z,A,5
UNESCO:SDG4(2.0),GER,PT,L01,_T,_T,_T,_T,INST_T,_Z,_T,_Z,_Z,_T,_T,_T,_Z,_Z,_Z,PL,2005,0,0,Z,A,5
UNESCO:SDG4(2.0),GER,PT,L01,_T,_T,_T,_T,INST_T,_Z,_T,_Z,_Z,_T,_T,_T,_Z,_Z,_Z,PL,2006,0,0,Z,A,5
UNESCO:SDG4(2.0),GER,PT,L01,_T,_T,_T,_T,INST_T,_Z,_T,_Z,_Z,_T,_T,_T,_Z,_Z,_Z,PL,2007,0,0,Z,A,5
UNESCO:SDG4(2.0),GER,PT,L01,_T,_T,_T,_T,INST_T,_Z,_T,_Z,_Z,_T,_T,_T,_Z,_Z,_Z,PL,2008,0,0,Z,A,5
UNESCO:SDG4(2.0),GER,PT,L01,_T,_T,_T,_T,INST_T,_Z,_T,_Z,_Z,_T,_T,_T,_Z,_Z,_Z,PL,2009,0,0,Z,A,5
UNESCO:SDG4(2.0),GER,PT,L01,_T,_T,_T,_T,INST_T,_Z,_T,_Z,_Z,_T,_T,_T,_Z,_Z,_Z,PL,2010,0,0,Z,A,5
UNESCO:SDG4(2.0),GER,PT,L01,_T,_T,_T,_T,INST_T,_Z,_T,_Z,_Z,_T,_T,_T,_Z,_Z,_Z,PL,2011,0,0,Z,A,5
UNESCO:SDG4(2.0),GER,PT,L01,_T,_T,_T,_T,INST_T,_Z,_T,_Z,_Z,_T,_T,_T,_Z,_Z,_Z,PL,2012,0,0,Z,A,5
UNESCO:SDG4(2.0),GER,PT,L01,_T,_T,_T,_T,INST_T,_Z,_T,_Z,_Z,_T,_T,_T,_Z,_Z,_Z,PL,2013,0,0,Z,A,5
UNESCO:SDG4(2.0),GER,PT,L01,_T,_T,_T,_T,INST_T,_Z,_T,_Z,_Z,_T,_T,_T,_Z,_Z,_Z,PL,2014,0,0,Z,A,5
UNESCO:SDG4(2.0),GER,PT,L01,_T,_T,_T,_T,INST_T,_Z,_T,_Z,_Z,_T,_T,_T,_Z,_Z,_Z,PL,2015,0,0,Z,A,5
UNESCO:SDG4(2.0),GER,PT,L01,_T,_T,_T,_T,INST_T,_Z,_T,_Z,_Z,_T,_T,_T,_Z,_Z,_Z,PL,2016,0,0,Z,A,5
UNESCO:SDG4(2.0),GER,PT,L01,_T,_T,_T,_T,INST_T,_Z,_T,_Z,_Z,_T,_T,_T,_Z,_Z,_Z,PL,2017,0,0,Z,A,5
UNESCO:SDG4(2.0),GER,PT,L01,_T,_T,_T,_T,INST_T,_Z,_T,_Z,_Z,_T,_T,_T,_Z,_Z,_Z,RO,1999,0,0,Z,A,5
UNESCO:SDG4(2.0),GER,PT,L01,_T,_T,_T,_T,INST_T,_Z,_T,_Z,_Z,_T,_T,_T,_Z,_Z,_Z,RO,2000,0,0,Z,A,5
UNESCO:SDG4(2.0),GER,PT,L01,_T,_T,_T,_T,INST_T,_Z,_T,_Z,_Z,_T,_T,_T,_Z,_Z,_Z,RO,2001,0,0,Z,A,5
UNESCO:SDG4(2.0),GER,PT,L01,_T,_T,_T,_T,INST_T,_Z,_T,_Z,_Z,_T,_T,_T,_Z,_Z,_Z,RO,2002,0,0,Z,A,5
UNESCO:SDG4(2.0),GER,PT,L01,_T,_T,_T,_T,INST_T,_Z,_T,_Z,_Z,_T,_T,_T,_Z,_Z,_Z,RO,2003,0,0,Z,A,5
UNESCO:SDG4(2.0),GER,PT,L01,_T,_T,_T,_T,INST_T,_Z,_T,_Z,_Z,_T,_T,_T,_Z,_Z,_Z,RO,2004,0,0,Z,A,5
UNESCO:SDG4(2.0),GER,PT,L01,_T,_T,_T,_T,INST_T,_Z,_T,_Z,_Z,_T,_T,_T,_Z,_Z,_Z,RO,2005,0,0,Z,A,5
UNESCO:SDG4(2.0),GER,PT,L01,_T,_T,_T,_T,INST_T,_Z,_T,_Z,_Z,_T,_T,_T,_Z,_Z,_Z,RO,2006,0,0,Z,A,5
UNESCO:SDG4(2.0),GER,PT,L01,_T,_T,_T,_T,INST_T,_Z,_T,_Z,_Z,_T,_T,_T,_Z,_Z,_Z,RO,2007,0,0,Z,A,5
UNESCO:SDG4(2.0),GER,PT,L01,_T,_T,_T,_T,INST_T,_Z,_T,_Z,_Z,_T,_T,_T,_Z,_Z,_Z,RO,2008,0,0,Z,A,5
UNESCO:SDG4(2.0),GER,PT,L01,_T,_T,_T,_T,INST_T,_Z,_T,_Z,_Z,_T,_T,_T,_Z,_Z,_Z,RO,2009,0,0,Z,A,5
UNESCO:SDG4(2.0),GER,PT,L01,_T,_T,_T,_T,INST_T,_Z,_T,_Z,_Z,_T,_T,_T,_Z,_Z,_Z,RO,2010,0,0,Z,A,5
UNESCO:SDG4(2.0),GER,PT,L01,_T,_T,_T,_T,INST_T,_Z,_T,_Z,_Z,_T,_T,_T,_Z,_Z,_Z,RO,2011,0,0,Z,A,5
UNESCO:SDG4(2.0),GER,PT,L01,_T,_T,_T,_T,INST_T,_Z,_T,_Z,_Z,_T,_T,_T,_Z,_Z,_Z,RO,2012,0,0,Z,A,5
UNESCO:SDG4(2.0),GER,PT,L01,_T,_T,_T,_T,INST_T,_Z,_T,_Z,_Z,_T,_T,_T,_Z,_Z,_Z,RO,2015,3.22559,0,A,A,5
UNESCO:SDG4(2.0),GER,PT,L01,_T,_T,_T,_T,INST_T,_Z,_T,_Z,_Z,_T,_T,_T,_Z,_Z,_Z,RO,2016,3.37819,0,A,A,5
UNESCO:SDG4(2.0),GER,PT,L01,_T,_T,_T,_T,INST_T,_Z,_T,_Z,_Z,_T,_T,_T,_Z,_Z,_Z,RO,2017,3.79582,0,A,A,5
UNESCO:SDG4(2.0),GER,PT,L01,_T,_T,_T,_T,INST_T,_Z,_T,_Z,_Z,_T,_T,_T,_Z,_Z,_Z,RS,2013,23.91580,0,E,A,5
UNESCO:SDG4(2.0),GER,PT,L01,_T,_T,_T,_T,INST_T,_Z,_T,_Z,_Z,_T,_T,_T,_Z,_Z,_Z,RS,2014,24.17723,0,E,A,5
UNESCO:SDG4(2.0),GER,PT,L01,_T,_T,_T,_T,INST_T,_Z,_T,_Z,_Z,_T,_T,_T,_Z,_Z,_Z,RS,2015,28.57803,0,E,A,5
UNESCO:SDG4(2.0),GER,PT,L01,_T,_T,_T,_T,INST_T,_Z,_T,_Z,_Z,_T,_T,_T,_Z,_Z,_Z,RS,2016,33.33155,0,E,A,5
UNESCO:SDG4(2.0),GER,PT,L01,_T,_T,_T,_T,INST_T,_Z,_T,_Z,_Z,_T,_T,_T,_Z,_Z,_Z,RS,2017,34.44117,0,E,A,5
UNESCO:SDG4(2.0),GER,PT,L01,_T,_T,_T,_T,INST_T,_Z,_T,_Z,_Z,_T,_T,_T,_Z,_Z,_Z,RS,2018,37.63374,0,E,A,5
UNESCO:SDG4(2.0),GER,PT,L01,_T,_T,_T,_T,INST_T,_Z,_T,_Z,_Z,_T,_T,_T,_Z,_Z,_Z,RU,2000,59.69091,0,A,A,5
UNESCO:SDG4(2.0),GER,PT,L01,_T,_T,_T,_T,INST_T,_Z,_T,_Z,_Z,_T,_T,_T,_Z,_Z,_Z,RU,2003,60.49402,0,A,A,5
UNESCO:SDG4(2.0),GER,PT,L01,_T,_T,_T,_T,INST_T,_Z,_T,_Z,_Z,_T,_T,_T,_Z,_Z,_Z,RU,2004,68.39035,0,A,A,5
UNESCO:SDG4(2.0),GER,PT,L01,_T,_T,_T,_T,INST_T,_Z,_T,_Z,_Z,_T,_T,_T,_Z,_Z,_Z,RU,2005,69.06729,0,A,A,5
UNESCO:SDG4(2.0),GER,PT,L01,_T,_T,_T,_T,INST_T,_Z,_T,_Z,_Z,_T,_T,_T,_Z,_Z,_Z,RU,2006,68.12344,0,A,A,5
UNESCO:SDG4(2.0),GER,PT,L01,_T,_T,_T,_T,INST_T,_Z,_T,_Z,_Z,_T,_T,_T,_Z,_Z,_Z,RU,2007,65.73780,0,A,A,5
UNESCO:SDG4(2.0),GER,PT,L01,_T,_T,_T,_T,INST_T,_Z,_T,_Z,_Z,_T,_T,_T,_Z,_Z,_Z,RU,2008,52.87378,0,A,A,5
UNESCO:SDG4(2.0),GER,PT,L01,_T,_T,_T,_T,INST_T,_Z,_T,_Z,_Z,_T,_T,_T,_Z,_Z,_Z,RU,2009,55.24672,0,A,A,5
UNESCO:SDG4(2.0),GER,PT,L01,_T,_T,_T,_T,INST_T,_Z,_T,_Z,_Z,_T,_T,_T,_Z,_Z,_Z,RU,2011,54.98493,0,A,A,5
UNESCO:SDG4(2.0),GER,PT,L01,_T,_T,_T,_T,INST_T,_Z,_T,_Z,_Z,_T,_T,_T,_Z,_Z,_Z,RU,2012,56.39702,0,A,A,5
UNESCO:SDG4(2.0),GER,PT,L01,_T,_T,_T,_T,INST_T,_Z,_T,_Z,_Z,_T,_T,_T,_Z,_Z,_Z,RU,2013,56.43728,0,A,A,5
UNESCO:SDG4(2.0),GER,PT,L01,_T,_T,_T,_T,INST_T,_Z,_T,_Z,_Z,_T,_T,_T,_Z,_Z,_Z,RU,2014,53.09426,0,A,A,5
UNESCO:SDG4(2.0),GER,PT,L01,_T,_T,_T,_T,INST_T,_Z,_T,_Z,_Z,_T,_T,_T,_Z,_Z,_Z,RU,2015,56.61847,0,A,A,5
UNESCO:SDG4(2.0),GER,PT,L01,_T,_T,_T,_T,INST_T,_Z,_T,_Z,_Z,_T,_T,_T,_Z,_Z,_Z,RU,2016,56.97109,0,A,A,5
UNESCO:SDG4(2.0),GER,PT,L01,_T,_T,_T,_T,INST_T,_Z,_T,_Z,_Z,_T,_T,_T,_Z,_Z,_Z,RU,2017,57.13611,0,A,A,5
UNESCO:SDG4(2.0),GER,PT,L01,_T,_T,_T,_T,INST_T,_Z,_T,_Z,_Z,_T,_T,_T,_Z,_Z,_Z,SI,1999,25.11477,0,A,A,5
UNESCO:SDG4(2.0),GER,PT,L01,_T,_T,_T,_T,INST_T,_Z,_T,_Z,_Z,_T,_T,_T,_Z,_Z,_Z,SI,2000,25.87422,0,A,A,5
UNESCO:SDG4(2.0),GER,PT,L01,_T,_T,_T,_T,INST_T,_Z,_T,_Z,_Z,_T,_T,_T,_Z,_Z,_Z,SI,2001,29.13106,0,A,A,5
UNESCO:SDG4(2.0),GER,PT,L01,_T,_T,_T,_T,INST_T,_Z,_T,_Z,_Z,_T,_T,_T,_Z,_Z,_Z,SI,2002,29.76943,0,A,A,5
UNESCO:SDG4(2.0),GER,PT,L01,_T,_T,_T,_T,INST_T,_Z,_T,_Z,_Z,_T,_T,_T,_Z,_Z,_Z,SI,2013,55.26134,0,A,A,5
UNESCO:SDG4(2.0),GER,PT,L01,_T,_T,_T,_T,INST_T,_Z,_T,_Z,_Z,_T,_T,_T,_Z,_Z,_Z,SI,2014,54.48284,0,A,A,5
UNESCO:SDG4(2.0),GER,PT,L01,_T,_T,_T,_T,INST_T,_Z,_T,_Z,_Z,_T,_T,_T,_Z,_Z,_Z,SI,2015,55.39324,0,A,A,5
UNESCO:SDG4(2.0),GER,PT,L01,_T,_T,_T,_T,INST_T,_Z,_T,_Z,_Z,_T,_T,_T,_Z,_Z,_Z,SI,2016,56.03425,0,A,A,5
UNESCO:SDG4(2.0),GER,PT,L01,_T,_T,_T,_T,INST_T,_Z,_T,_Z,_Z,_T,_T,_T,_Z,_Z,_Z,SI,2017,59.97979,0,A,A,5
UNESCO:SDG4(2.0),GER,PT,L01,_T,_T,_T,_T,INST_T,_Z,_T,_Z,_Z,_T,_T,_T,_Z,_Z,_Z,SK,1998,0,0,Z,A,5
UNESCO:SDG4(2.0),GER,PT,L01,_T,_T,_T,_T,INST_T,_Z,_T,_Z,_Z,_T,_T,_T,_Z,_Z,_Z,SK,1999,0,0,Z,A,5
UNESCO:SDG4(2.0),GER,PT,L01,_T,_T,_T,_T,INST_T,_Z,_T,_Z,_Z,_T,_T,_T,_Z,_Z,_Z,SK,2000,0,0,Z,A,5
UNESCO:SDG4(2.0),GER,PT,L01,_T,_T,_T,_T,INST_T,_Z,_T,_Z,_Z,_T,_T,_T,_Z,_Z,_Z,SK,2001,0,0,Z,A,5
UNESCO:SDG4(2.0),GER,PT,L01,_T,_T,_T,_T,INST_T,_Z,_T,_Z,_Z,_T,_T,_T,_Z,_Z,_Z,SK,2002,0,0,Z,A,5
UNESCO:SDG4(2.0),GER,PT,L01,_T,_T,_T,_T,INST_T,_Z,_T,_Z,_Z,_T,_T,_T,_Z,_Z,_Z,SK,2003,0,0,Z,A,5
UNESCO:SDG4(2.0),GER,PT,L01,_T,_T,_T,_T,INST_T,_Z,_T,_Z,_Z,_T,_T,_T,_Z,_Z,_Z,SK,2004,0,0,Z,A,5
UNESCO:SDG4(2.0),GER,PT,L01,_T,_T,_T,_T,INST_T,_Z,_T,_Z,_Z,_T,_T,_T,_Z,_Z,_Z,SK,2005,0,0,Z,A,5
UNESCO:SDG4(2.0),GER,PT,L01,_T,_T,_T,_T,INST_T,_Z,_T,_Z,_Z,_T,_T,_T,_Z,_Z,_Z,SK,2006,0,0,Z,A,5
UNESCO:SDG4(2.0),GER,PT,L01,_T,_T,_T,_T,INST_T,_Z,_T,_Z,_Z,_T,_T,_T,_Z,_Z,_Z,SK,2007,0,0,Z,A,5
UNESCO:SDG4(2.0),GER,PT,L01,_T,_T,_T,_T,INST_T,_Z,_T,_Z,_Z,_T,_T,_T,_Z,_Z,_Z,SK,2008,0,0,Z,A,5
UNESCO:SDG4(2.0),GER,PT,L01,_T,_T,_T,_T,INST_T,_Z,_T,_Z,_Z,_T,_T,_T,_Z,_Z,_Z,SK,2009,0,0,Z,A,5
UNESCO:SDG4(2.0),GER,PT,L01,_T,_T,_T,_T,INST_T,_Z,_T,_Z,_Z,_T,_T,_T,_Z,_Z,_Z,SK,2010,0,0,Z,A,5
UNESCO:SDG4(2.0),GER,PT,L01,_T,_T,_T,_T,INST_T,_Z,_T,_Z,_Z,_T,_T,_T,_Z,_Z,_Z,SK,2011,0,0,Z,A,5
UNESCO:SDG4(2.0),GER,PT,L01,_T,_T,_T,_T,INST_T,_Z,_T,_Z,_Z,_T,_T,_T,_Z,_Z,_Z,SK,2012,0,0,Z,A,5
UNESCO:SDG4(2.0),GER,PT,L01,_T,_T,_T,_T,INST_T,_Z,_T,_Z,_Z,_T,_T,_T,_Z,_Z,_Z,SK,2013,0,0,Z,A,5
UNESCO:SDG4(2.0),GER,PT,L01,_T,_T,_T,_T,INST_T,_Z,_T,_Z,_Z,_T,_T,_T,_Z,_Z,_Z,SK,2014,0,0,Z,A,5
UNESCO:SDG4(2.0),GER,PT,L01,_T,_T,_T,_T,INST_T,_Z,_T,_Z,_Z,_T,_T,_T,_Z,_Z,_Z,SK,2015,0,0,Z,A,5
UNESCO:SDG4(2.0),GER,PT,L01,_T,_T,_T,_T,INST_T,_Z,_T,_Z,_Z,_T,_T,_T,_Z,_Z,_Z,SK,2016,0,0,Z,A,5
UNESCO:SDG4(2.0),GER,PT,L01,_T,_T,_T,_T,INST_T,_Z,_T,_Z,_Z,_T,_T,_T,_Z,_Z,_Z,SK,2017,0,0,Z,A,5
UNESCO:SDG4(2.0),GER,PT,L01,_T,_T,_T,_T,INST_T,_Z,_T,_Z,_Z,_T,_T,_T,_Z,_Z,_Z,TJ,2010,0,0,Z,A,5
UNESCO:SDG4(2.0),GER,PT,L01,_T,_T,_T,_T,INST_T,_Z,_T,_Z,_Z,_T,_T,_T,_Z,_Z,_Z,TJ,2011,0,0,Z,A,5
UNESCO:SDG4(2.0),GER,PT,L01,_T,_T,_T,_T,INST_T,_Z,_T,_Z,_Z,_T,_T,_T,_Z,_Z,_Z,TJ,2012,0,0,Z,A,5
UNESCO:SDG4(2.0),GER,PT,L01,_T,_T,_T,_T,INST_T,_Z,_T,_Z,_Z,_T,_T,_T,_Z,_Z,_Z,TJ,2013,0,0,Z,A,5
UNESCO:SDG4(2.0),GER,PT,L01,_T,_T,_T,_T,INST_T,_Z,_T,_Z,_Z,_T,_T,_T,_Z,_Z,_Z,TJ,2014,0,0,Z,A,5
UNESCO:SDG4(2.0),GER,PT,L01,_T,_T,_T,_T,INST_T,_Z,_T,_Z,_Z,_T,_T,_T,_Z,_Z,_Z,TJ,2015,0,0,Z,A,5
UNESCO:SDG4(2.0),GER,PT,L01,_T,_T,_T,_T,INST_T,_Z,_T,_Z,_Z,_T,_T,_T,_Z,_Z,_Z,TJ,2016,0,0,Z,A,5
UNESCO:SDG4(2.0),GER,PT,L01,_T,_T,_T,_T,INST_T,_Z,_T,_Z,_Z,_T,_T,_T,_Z,_Z,_Z,TJ,2017,0,0,Z,A,5
UNESCO:SDG4(2.0),GER,PT,L01,_T,_T,_T,_T,INST_T,_Z,_T,_Z,_Z,_T,_T,_T,_Z,_Z,_Z,TR,2014,0.17624,0,A,A,5
UNESCO:SDG4(2.0),GER,PT,L01,_T,_T,_T,_T,INST_T,_Z,_T,_Z,_Z,_T,_T,_T,_Z,_Z,_Z,TR,2015,0.08022,0,A,A,5
UNESCO:SDG4(2.0),GER,PT,L01,_T,_T,_T,_T,INST_T,_Z,_T,_Z,_Z,_T,_T,_T,_Z,_Z,_Z,TR,2016,0.44359,0,A,A,5
UNESCO:SDG4(2.0),GER,PT,L01,_T,_T,_T,_T,INST_T,_Z,_T,_Z,_Z,_T,_T,_T,_Z,_Z,_Z,TR,2017,0.40612,0,A,A,5
UNESCO:SDG4(2.0),GER,PT,L01,_T,_T,_T,_T,INST_T,_Z,_T,_Z,_Z,_T,_T,_T,_Z,_Z,_Z,UA,1999,0,0,Z,A,5
UNESCO:SDG4(2.0),GER,PT,L01,_T,_T,_T,_T,INST_T,_Z,_T,_Z,_Z,_T,_T,_T,_Z,_Z,_Z,UA,2000,0,0,Z,A,5
UNESCO:SDG4(2.0),GER,PT,L01,_T,_T,_T,_T,INST_T,_Z,_T,_Z,_Z,_T,_T,_T,_Z,_Z,_Z,UA,2001,0,0,Z,A,5
UNESCO:SDG4(2.0),GER,PT,L01,_T,_T,_T,_T,INST_T,_Z,_T,_Z,_Z,_T,_T,_T,_Z,_Z,_Z,UA,2002,0,0,Z,A,5
UNESCO:SDG4(2.0),GER,PT,L01,_T,_T,_T,_T,INST_T,_Z,_T,_Z,_Z,_T,_T,_T,_Z,_Z,_Z,UA,2003,0,0,Z,A,5
UNESCO:SDG4(2.0),GER,PT,L01,_T,_T,_T,_T,INST_T,_Z,_T,_Z,_Z,_T,_T,_T,_Z,_Z,_Z,UA,2004,0,0,Z,A,5
UNESCO:SDG4(2.0),GER,PT,L01,_T,_T,_T,_T,INST_T,_Z,_T,_Z,_Z,_T,_T,_T,_Z,_Z,_Z,UA,2005,0,0,Z,A,5
UNESCO:SDG4(2.0),GER,PT,L01,_T,_T,_T,_T,INST_T,_Z,_T,_Z,_Z,_T,_T,_T,_Z,_Z,_Z,UA,2006,0,0,Z,A,5
UNESCO:SDG4(2.0),GER,PT,L01,_T,_T,_T,_T,INST_T,_Z,_T,_Z,_Z,_T,_T,_T,_Z,_Z,_Z,UA,2007,0,0,Z,A,5
UNESCO:SDG4(2.0),GER,PT,L01,_T,_T,_T,_T,INST_T,_Z,_T,_Z,_Z,_T,_T,_T,_Z,_Z,_Z,UA,2008,0,0,Z,A,5
UNESCO:SDG4(2.0),GER,PT,L01,_T,_T,_T,_T,INST_T,_Z,_T,_Z,_Z,_T,_T,_T,_Z,_Z,_Z,UA,2009,0,0,Z,A,5
UNESCO:SDG4(2.0),GER,PT,L01,_T,_T,_T,_T,INST_T,_Z,_T,_Z,_Z,_T,_T,_T,_Z,_Z,_Z,UA,2010,0,0,Z,A,5
UNESCO:SDG4(2.0),GER,PT,L01,_T,_T,_T,_T,INST_T,_Z,_T,_Z,_Z,_T,_T,_T,_Z,_Z,_Z,UA,2011,0,0,Z,A,5
UNESCO:SDG4(2.0),GER,PT,L01,_T,_T,_T,_T,INST_T,_Z,_T,_Z,_Z,_T,_T,_T,_Z,_Z,_Z,UA,2012,0,0,Z,A,5
UNESCO:SDG4(2.0),GER,PT,L01,_T,_T,_T,_T,INST_T,_Z,_T,_Z,_Z,_T,_T,_T,_Z,_Z,_Z,UZ,2009,0,0,Z,A,5
UNESCO:SDG4(2.0),GER,PT,L01,_T,_T,_T,_T,INST_T,_Z,_T,_Z,_Z,_T,_T,_T,_Z,_Z,_Z,UZ,2010,0,0,Z,A,5
UNESCO:SDG4(2.0),GER,PT,L01,_T,_T,_T,_T,INST_T,_Z,_T,_Z,_Z,_T,_T,_T,_Z,_Z,_Z,UZ,2011,0,0,Z,A,5
UNESCO:SDG4(2.0),GER,PT,L01,_T,_T,_T,_T,INST_T,_Z,_T,_Z,_Z,_T,_T,_T,_Z,_Z,_Z,UZ,2012,0,0,Z,A,5
UNESCO:SDG4(2.0),GER,PT,L01,_T,_T,_T,_T,INST_T,_Z,_T,_Z,_Z,_T,_T,_T,_Z,_Z,_Z,UZ,2013,0,0,Z,A,5
UNESCO:SDG4(2.0),GER,PT,L01,_T,_T,_T,_T,INST_T,_Z,_T,_Z,_Z,_T,_T,_T,_Z,_Z,_Z,UZ,2014,0,0,Z,A,5
UNESCO:SDG4(2.0),GER,PT,L01,_T,_T,_T,_T,INST_T,_Z,_T,_Z,_Z,_T,_T,_T,_Z,_Z,_Z,UZ,2015,0,0,Z,A,5
UNESCO:SDG4(2.0),GER,PT,L01,_T,_T,_T,_T,INST_T,_Z,_T,_Z,_Z,_T,_T,_T,_Z,_Z,_Z,UZ,2016,0,0,Z,A,5
UNESCO:SDG4(2.0),GER,PT,L01,_T,_T,_T,_T,INST_T,_Z,_T,_Z,_Z,_T,_T,_T,_Z,_Z,_Z,UZ,2017,0,0,Z,A,5
UNESCO:SDG4(2.0),GER,PT,L01,_T,_T,_T,_T,INST_T,_Z,_T,_Z,_Z,_T,_T,_T,_Z,_Z,_Z,UZ,2018,0,0,Z,A,5
