Dataflow,STAT_UNIT,UNIT_MEASURE,EDU_LEVEL,EDU_CAT,SEX,AGE,GRADE,SECTOR_EDU,EDU_ATTAIN,WEALTH_QUINTILE,LOCATION,EDU_TYPE,EDU_FIELD,SUBJECT,INFRASTR,SE_BKGRD,TEACH_EXPERIENCE,CONTRACT_TYPE,COUNTRY_ORIGIN,REGION_DEST,IMM_STATUS,REF_AREA,TIME_PERIOD,OBS_VALUE,UNIT_MULT,OBS_STATUS,FREQ,DECIMALS
UNESCO:EDU_NON_FINANCE(3.0),OFST,PER,L3,_T,_T,SCH_AGE_GROUP,_T,INST_T,_Z,_Z,_T,_T,_T,_Z,_Z,_Z,_Z,_Z,W00,W00,_Z,AL,2000,127959,0,A,A,5
UNESCO:EDU_NON_FINANCE(3.0),OFST,PER,L3,_T,_T,SCH_AGE_GROUP,_T,INST_T,_Z,_Z,_T,_T,_T,_Z,_Z,_Z,_Z,_Z,W00,W00,_Z,AL,2001,122975,0,A,A,5
UNESCO:EDU_NON_FINANCE(3.0),OFST,PER,L3,_T,_T,SCH_AGE_GROUP,_T,INST_T,_Z,_Z,_T,_T,_T,_Z,_Z,_Z,_Z,_Z,W00,W00,_Z,AL,2013,29777,0,E,A,5
UNESCO:EDU_NON_FINANCE(3.0),OFST,PER,L3,_T,_T,SCH_AGE_GROUP,_T,INST_T,_Z,_Z,_T,_T,_T,_Z,_Z,_Z,_Z,_Z,W00,W00,_Z,AL,2014,23855,0,E,A,5
UNESCO:EDU_NON_FINANCE(3.0),OFST,PER,L3,_T,_T,SCH_AGE_GROUP,_T,INST_T,_Z,_Z,_T,_T,_T,_Z,_Z,_Z,_Z,_Z,W00,W00,_Z,AL,2015,22354,0,A,A,5
UNESCO:EDU_NON_FINANCE(3.0),OFST,PER,L3,_T,_T,SCH_AGE_GROUP,_T,INST_T,_Z,_Z,_T,_T,_T,_Z,_Z,_Z,_Z,_Z,W00,W00,_Z,AL,2016,21168,0,E,A,5
UNESCO:EDU_NON_FINANCE(3.0),OFST,PER,L3,_T,_T,SCH_AGE_GROUP,_T,INST_T,_Z,_Z,_T,_T,_T,_Z,_Z,_Z,_Z,_Z,W00,W00,_Z,AL,2017,18806,0,E,A,5
UNESCO:EDU_NON_FINANCE(3.0),OFST,PER,L3,_T,_T,SCH_AGE_GROUP,_T,INST_T,_Z,_Z,_T,_T,_T,_Z,_Z,_Z,_Z,_Z,W00,W00,_Z,AL,2018,21857,0,A,A,5
UNESCO:EDU_NON_FINANCE(3.0),OFST,PER,L3,_T,_T,SCH_AGE_GROUP,_T,INST_T,_Z,_Z,_T,_T,_T,_Z,_Z,_Z,_Z,_Z,W00,W00,_Z,AM,2005,33726,0,A,A,5
UNESCO:EDU_NON_FINANCE(3.0),OFST,PER,L3,_T,_T,SCH_AGE_GROUP,_T,INST_T,_Z,_Z,_T,_T,_T,_Z,_Z,_Z,_Z,_Z,W00,W00,_Z,AM,2006,23527,0,A,A,5
UNESCO:EDU_NON_FINANCE(3.0),OFST,PER,L3,_T,_T,SCH_AGE_GROUP,_T,INST_T,_Z,_Z,_T,_T,_T,_Z,_Z,_Z,_Z,_Z,W00,W00,_Z,AM,2007,10275,0,A,A,5
UNESCO:EDU_NON_FINANCE(3.0),OFST,PER,L3,_T,_T,SCH_AGE_GROUP,_T,INST_T,_Z,_Z,_T,_T,_T,_Z,_Z,_Z,_Z,_Z,W00,W00,_Z,AM,2008,19425,0,A,A,5
UNESCO:EDU_NON_FINANCE(3.0),OFST,PER,L3,_T,_T,SCH_AGE_GROUP,_T,INST_T,_Z,_Z,_T,_T,_T,_Z,_Z,_Z,_Z,_Z,W00,W00,_Z,AM,2009,11242,0,E,A,5
UNESCO:EDU_NON_FINANCE(3.0),OFST,PER,L3,_T,_T,SCH_AGE_GROUP,_T,INST_T,_Z,_Z,_T,_T,_T,_Z,_Z,_Z,_Z,_Z,W00,W00,_Z,AM,2010,11814,0,E,A,5
UNESCO:EDU_NON_FINANCE(3.0),OFST,PER,L3,_T,_T,SCH_AGE_GROUP,_T,INST_T,_Z,_Z,_T,_T,_T,_Z,_Z,_Z,_Z,_Z,W00,W00,_Z,AM,2011,13132,0,A,A,5
UNESCO:EDU_NON_FINANCE(3.0),OFST,PER,L3,_T,_T,SCH_AGE_GROUP,_T,INST_T,_Z,_Z,_T,_T,_T,_Z,_Z,_Z,_Z,_Z,W00,W00,_Z,AZ,2018,4553,0,E,A,5
UNESCO:EDU_NON_FINANCE(3.0),OFST,PER,L3,_T,_T,SCH_AGE_GROUP,_T,INST_T,_Z,_Z,_T,_T,_T,_Z,_Z,_Z,_Z,_Z,W00,W00,_Z,BG,1996,87360,0,A,A,5
UNESCO:EDU_NON_FINANCE(3.0),OFST,PER,L3,_T,_T,SCH_AGE_GROUP,_T,INST_T,_Z,_Z,_T,_T,_T,_Z,_Z,_Z,_Z,_Z,W00,W00,_Z,BG,1997,85690,0,A,A,5
UNESCO:EDU_NON_FINANCE(3.0),OFST,PER,L3,_T,_T,SCH_AGE_GROUP,_T,INST_T,_Z,_Z,_T,_T,_T,_Z,_Z,_Z,_Z,_Z,W00,W00,_Z,BG,1998,79808,0,A,A,5
UNESCO:EDU_NON_FINANCE(3.0),OFST,PER,L3,_T,_T,SCH_AGE_GROUP,_T,INST_T,_Z,_Z,_T,_T,_T,_Z,_Z,_Z,_Z,_Z,W00,W00,_Z,BG,1999,68931,0,A,A,5
UNESCO:EDU_NON_FINANCE(3.0),OFST,PER,L3,_T,_T,SCH_AGE_GROUP,_T,INST_T,_Z,_Z,_T,_T,_T,_Z,_Z,_Z,_Z,_Z,W00,W00,_Z,BG,2000,58710,0,A,A,5
UNESCO:EDU_NON_FINANCE(3.0),OFST,PER,L3,_T,_T,SCH_AGE_GROUP,_T,INST_T,_Z,_Z,_T,_T,_T,_Z,_Z,_Z,_Z,_Z,W00,W00,_Z,BG,2001,55161,0,A,A,5
UNESCO:EDU_NON_FINANCE(3.0),OFST,PER,L3,_T,_T,SCH_AGE_GROUP,_T,INST_T,_Z,_Z,_T,_T,_T,_Z,_Z,_Z,_Z,_Z,W00,W00,_Z,BG,2002,51582,0,A,A,5
UNESCO:EDU_NON_FINANCE(3.0),OFST,PER,L3,_T,_T,SCH_AGE_GROUP,_T,INST_T,_Z,_Z,_T,_T,_T,_Z,_Z,_Z,_Z,_Z,W00,W00,_Z,BG,2003,79980,0,A,A,5
UNESCO:EDU_NON_FINANCE(3.0),OFST,PER,L3,_T,_T,SCH_AGE_GROUP,_T,INST_T,_Z,_Z,_T,_T,_T,_Z,_Z,_Z,_Z,_Z,W00,W00,_Z,BG,2004,73096,0,A,A,5
UNESCO:EDU_NON_FINANCE(3.0),OFST,PER,L3,_T,_T,SCH_AGE_GROUP,_T,INST_T,_Z,_Z,_T,_T,_T,_Z,_Z,_Z,_Z,_Z,W00,W00,_Z,BG,2005,70759,0,A,A,5
UNESCO:EDU_NON_FINANCE(3.0),OFST,PER,L3,_T,_T,SCH_AGE_GROUP,_T,INST_T,_Z,_Z,_T,_T,_T,_Z,_Z,_Z,_Z,_Z,W00,W00,_Z,BG,2006,67700,0,A,A,5
UNESCO:EDU_NON_FINANCE(3.0),OFST,PER,L3,_T,_T,SCH_AGE_GROUP,_T,INST_T,_Z,_Z,_T,_T,_T,_Z,_Z,_Z,_Z,_Z,W00,W00,_Z,BG,2007,65231,0,A,A,5
UNESCO:EDU_NON_FINANCE(3.0),OFST,PER,L3,_T,_T,SCH_AGE_GROUP,_T,INST_T,_Z,_Z,_T,_T,_T,_Z,_Z,_Z,_Z,_Z,W00,W00,_Z,BG,2008,64530,0,A,A,5
UNESCO:EDU_NON_FINANCE(3.0),OFST,PER,L3,_T,_T,SCH_AGE_GROUP,_T,INST_T,_Z,_Z,_T,_T,_T,_Z,_Z,_Z,_Z,_Z,W00,W00,_Z,BG,2009,63190,0,A,A,5
UNESCO:EDU_NON_FINANCE(3.0),OFST,PER,L3,_T,_T,SCH_AGE_GROUP,_T,INST_T,_Z,_Z,_T,_T,_T,_Z,_Z,_Z,_Z,_Z,W00,W00,_Z,BG,2010,61947,0,A,A,5
UNESCO:EDU_NON_FINANCE(3.0),OFST,PER,L3,_T,_T,SCH_AGE_GROUP,_T,INST_T,_Z,_Z,_T,_T,_T,_Z,_Z,_Z,_Z,_Z,W00,W00,_Z,BG,2011,57983,0,A,A,5
UNESCO:EDU_NON_FINANCE(3.0),OFST,PER,L3,_T,_T,SCH_AGE_GROUP,_T,INST_T,_Z,_Z,_T,_T,_T,_Z,_Z,_Z,_Z,_Z,W00,W00,_Z,BG,2012,54297,0,A,A,5
UNESCO:EDU_NON_FINANCE(3.0),OFST,PER,L3,_T,_T,SCH_AGE_GROUP,_T,INST_T,_Z,_Z,_T,_T,_T,_Z,_Z,_Z,_Z,_Z,W00,W00,_Z,BG,2013,50448,0,A,A,5
UNESCO:EDU_NON_FINANCE(3.0),OFST,PER,L3,_T,_T,SCH_AGE_GROUP,_T,INST_T,_Z,_Z,_T,_T,_T,_Z,_Z,_Z,_Z,_Z,W00,W00,_Z,BG,2014,42116,0,A,A,5
UNESCO:EDU_NON_FINANCE(3.0),OFST,PER,L3,_T,_T,SCH_AGE_GROUP,_T,INST_T,_Z,_Z,_T,_T,_T,_Z,_Z,_Z,_Z,_Z,W00,W00,_Z,BG,2015,29976,0,A,A,5
UNESCO:EDU_NON_FINANCE(3.0),OFST,PER,L3,_T,_T,SCH_AGE_GROUP,_T,INST_T,_Z,_Z,_T,_T,_T,_Z,_Z,_Z,_Z,_Z,W00,W00,_Z,BG,2016,24591,0,A,A,5
UNESCO:EDU_NON_FINANCE(3.0),OFST,PER,L3,_T,_T,SCH_AGE_GROUP,_T,INST_T,_Z,_Z,_T,_T,_T,_Z,_Z,_Z,_Z,_Z,W00,W00,_Z,BG,2017,22611,0,A,A,5
UNESCO:EDU_NON_FINANCE(3.0),OFST,PER,L3,_T,_T,SCH_AGE_GROUP,_T,INST_T,_Z,_Z,_T,_T,_T,_Z,_Z,_Z,_Z,_Z,W00,W00,_Z,BY,2001,16984,0,E,A,5
UNESCO:EDU_NON_FINANCE(3.0),OFST,PER,L3,_T,_T,SCH_AGE_GROUP,_T,INST_T,_Z,_Z,_T,_T,_T,_Z,_Z,_Z,_Z,_Z,W00,W00,_Z,BY,2002,6995,0,E,A,5
UNESCO:EDU_NON_FINANCE(3.0),OFST,PER,L3,_T,_T,SCH_AGE_GROUP,_T,INST_T,_Z,_Z,_T,_T,_T,_Z,_Z,_Z,_Z,_Z,W00,W00,_Z,BY,2003,8118,0,E,A,5
UNESCO:EDU_NON_FINANCE(3.0),OFST,PER,L3,_T,_T,SCH_AGE_GROUP,_T,INST_T,_Z,_Z,_T,_T,_T,_Z,_Z,_Z,_Z,_Z,W00,W00,_Z,BY,2004,9236,0,E,A,5
UNESCO:EDU_NON_FINANCE(3.0),OFST,PER,L3,_T,_T,SCH_AGE_GROUP,_T,INST_T,_Z,_Z,_T,_T,_T,_Z,_Z,_Z,_Z,_Z,W00,W00,_Z,BY,2005,9542,0,E,A,5
UNESCO:EDU_NON_FINANCE(3.0),OFST,PER,L3,_T,_T,SCH_AGE_GROUP,_T,INST_T,_Z,_Z,_T,_T,_T,_Z,_Z,_Z,_Z,_Z,W00,W00,_Z,BY,2006,8097,0,E,A,5
UNESCO:EDU_NON_FINANCE(3.0),OFST,PER,L3,_T,_T,SCH_AGE_GROUP,_T,INST_T,_Z,_Z,_T,_T,_T,_Z,_Z,_Z,_Z,_Z,W00,W00,_Z,BY,2007,8610,0,E,A,5
UNESCO:EDU_NON_FINANCE(3.0),OFST,PER,L3,_T,_T,SCH_AGE_GROUP,_T,INST_T,_Z,_Z,_T,_T,_T,_Z,_Z,_Z,_Z,_Z,W00,W00,_Z,BY,2010,8380,0,A,A,5
UNESCO:EDU_NON_FINANCE(3.0),OFST,PER,L3,_T,_T,SCH_AGE_GROUP,_T,INST_T,_Z,_Z,_T,_T,_T,_Z,_Z,_Z,_Z,_Z,W00,W00,_Z,BY,2011,14148,0,A,A,5
UNESCO:EDU_NON_FINANCE(3.0),OFST,PER,L3,_T,_T,SCH_AGE_GROUP,_T,INST_T,_Z,_Z,_T,_T,_T,_Z,_Z,_Z,_Z,_Z,W00,W00,_Z,BY,2012,17574,0,A,A,5
UNESCO:EDU_NON_FINANCE(3.0),OFST,PER,L3,_T,_T,SCH_AGE_GROUP,_T,INST_T,_Z,_Z,_T,_T,_T,_Z,_Z,_Z,_Z,_Z,W00,W00,_Z,BY,2013,16115,0,A,A,5
UNESCO:EDU_NON_FINANCE(3.0),OFST,PER,L3,_T,_T,SCH_AGE_GROUP,_T,INST_T,_Z,_Z,_T,_T,_T,_Z,_Z,_Z,_Z,_Z,W00,W00,_Z,BY,2014,9587,0,A,A,5
UNESCO:EDU_NON_FINANCE(3.0),OFST,PER,L3,_T,_T,SCH_AGE_GROUP,_T,INST_T,_Z,_Z,_T,_T,_T,_Z,_Z,_Z,_Z,_Z,W00,W00,_Z,BY,2015,1150,0,A,A,5
UNESCO:EDU_NON_FINANCE(3.0),OFST,PER,L3,_T,_T,SCH_AGE_GROUP,_T,INST_T,_Z,_Z,_T,_T,_T,_Z,_Z,_Z,_Z,_Z,W00,W00,_Z,BY,2016,2418,0,A,A,5
UNESCO:EDU_NON_FINANCE(3.0),OFST,PER,L3,_T,_T,SCH_AGE_GROUP,_T,INST_T,_Z,_Z,_T,_T,_T,_Z,_Z,_Z,_Z,_Z,W00,W00,_Z,BY,2017,1850,0,A,A,5
UNESCO:EDU_NON_FINANCE(3.0),OFST,PER,L3,_T,_T,SCH_AGE_GROUP,_T,INST_T,_Z,_Z,_T,_T,_T,_Z,_Z,_Z,_Z,_Z,W00,W00,_Z,BY,2018,2256,0,A,A,5
UNESCO:EDU_NON_FINANCE(3.0),OFST,PER,L3,_T,_T,SCH_AGE_GROUP,_T,INST_T,_Z,_Z,_T,_T,_T,_Z,_Z,_Z,_Z,_Z,W00,W00,_Z,CZ,2001,26356,0,A,A,5
UNESCO:EDU_NON_FINANCE(3.0),OFST,PER,L3,_T,_T,SCH_AGE_GROUP,_T,INST_T,_Z,_Z,_T,_T,_T,_Z,_Z,_Z,_Z,_Z,W00,W00,_Z,CZ,2002,12212,0,E,A,5
UNESCO:EDU_NON_FINANCE(3.0),OFST,PER,L3,_T,_T,SCH_AGE_GROUP,_T,INST_T,_Z,_Z,_T,_T,_T,_Z,_Z,_Z,_Z,_Z,W00,W00,_Z,CZ,2004,12978,0,E,A,5
UNESCO:EDU_NON_FINANCE(3.0),OFST,PER,L3,_T,_T,SCH_AGE_GROUP,_T,INST_T,_Z,_Z,_T,_T,_T,_Z,_Z,_Z,_Z,_Z,W00,W00,_Z,CZ,2013,49394,0,A,A,5
UNESCO:EDU_NON_FINANCE(3.0),OFST,PER,L3,_T,_T,SCH_AGE_GROUP,_T,INST_T,_Z,_Z,_T,_T,_T,_Z,_Z,_Z,_Z,_Z,W00,W00,_Z,CZ,2014,34508,0,A,A,5
UNESCO:EDU_NON_FINANCE(3.0),OFST,PER,L3,_T,_T,SCH_AGE_GROUP,_T,INST_T,_Z,_Z,_T,_T,_T,_Z,_Z,_Z,_Z,_Z,W00,W00,_Z,CZ,2015,18858,0,A,A,5
UNESCO:EDU_NON_FINANCE(3.0),OFST,PER,L3,_T,_T,SCH_AGE_GROUP,_T,INST_T,_Z,_Z,_T,_T,_T,_Z,_Z,_Z,_Z,_Z,W00,W00,_Z,CZ,2016,6161,0,A,A,5
UNESCO:EDU_NON_FINANCE(3.0),OFST,PER,L3,_T,_T,SCH_AGE_GROUP,_T,INST_T,_Z,_Z,_T,_T,_T,_Z,_Z,_Z,_Z,_Z,W00,W00,_Z,CZ,2017,6197,0,A,A,5
UNESCO:EDU_NON_FINANCE(3.0),OFST,PER,L3,_T,_T,SCH_AGE_GROUP,_T,INST_T,_Z,_Z,_T,_T,_T,_Z,_Z,_Z,_Z,_Z,W00,W00,_Z,EE,1998,17175,0,A,A,5
UNESCO:EDU_NON_FINANCE(3.0),OFST,PER,L3,_T,_T,SCH_AGE_GROUP,_T,INST_T,_Z,_Z,_T,_T,_T,_Z,_Z,_Z,_Z,_Z,W00,W00,_Z,EE,1999,8832,0,A,A,5
UNESCO:EDU_NON_FINANCE(3.0),OFST,PER,L3,_T,_T,SCH_AGE_GROUP,_T,INST_T,_Z,_Z,_T,_T,_T,_Z,_Z,_Z,_Z,_Z,W00,W00,_Z,EE,2000,6831,0,A,A,5
UNESCO:EDU_NON_FINANCE(3.0),OFST,PER,L3,_T,_T,SCH_AGE_GROUP,_T,INST_T,_Z,_Z,_T,_T,_T,_Z,_Z,_Z,_Z,_Z,W00,W00,_Z,EE,2001,5937,0,A,A,5
UNESCO:EDU_NON_FINANCE(3.0),OFST,PER,L3,_T,_T,SCH_AGE_GROUP,_T,INST_T,_Z,_Z,_T,_T,_T,_Z,_Z,_Z,_Z,_Z,W00,W00,_Z,EE,2002,5149,0,A,A,5
UNESCO:EDU_NON_FINANCE(3.0),OFST,PER,L3,_T,_T,SCH_AGE_GROUP,_T,INST_T,_Z,_Z,_T,_T,_T,_Z,_Z,_Z,_Z,_Z,W00,W00,_Z,EE,2003,5598,0,A,A,5
UNESCO:EDU_NON_FINANCE(3.0),OFST,PER,L3,_T,_T,SCH_AGE_GROUP,_T,INST_T,_Z,_Z,_T,_T,_T,_Z,_Z,_Z,_Z,_Z,W00,W00,_Z,EE,2004,5839,0,A,A,5
UNESCO:EDU_NON_FINANCE(3.0),OFST,PER,L3,_T,_T,SCH_AGE_GROUP,_T,INST_T,_Z,_Z,_T,_T,_T,_Z,_Z,_Z,_Z,_Z,W00,W00,_Z,EE,2005,4799,0,A,A,5
UNESCO:EDU_NON_FINANCE(3.0),OFST,PER,L3,_T,_T,SCH_AGE_GROUP,_T,INST_T,_Z,_Z,_T,_T,_T,_Z,_Z,_Z,_Z,_Z,W00,W00,_Z,EE,2006,4129,0,A,A,5
UNESCO:EDU_NON_FINANCE(3.0),OFST,PER,L3,_T,_T,SCH_AGE_GROUP,_T,INST_T,_Z,_Z,_T,_T,_T,_Z,_Z,_Z,_Z,_Z,W00,W00,_Z,EE,2007,3389,0,A,A,5
UNESCO:EDU_NON_FINANCE(3.0),OFST,PER,L3,_T,_T,SCH_AGE_GROUP,_T,INST_T,_Z,_Z,_T,_T,_T,_Z,_Z,_Z,_Z,_Z,W00,W00,_Z,EE,2008,3374,0,A,A,5
UNESCO:EDU_NON_FINANCE(3.0),OFST,PER,L3,_T,_T,SCH_AGE_GROUP,_T,INST_T,_Z,_Z,_T,_T,_T,_Z,_Z,_Z,_Z,_Z,W00,W00,_Z,EE,2009,3345,0,A,A,5
UNESCO:EDU_NON_FINANCE(3.0),OFST,PER,L3,_T,_T,SCH_AGE_GROUP,_T,INST_T,_Z,_Z,_T,_T,_T,_Z,_Z,_Z,_Z,_Z,W00,W00,_Z,EE,2010,3638,0,A,A,5
UNESCO:EDU_NON_FINANCE(3.0),OFST,PER,L3,_T,_T,SCH_AGE_GROUP,_T,INST_T,_Z,_Z,_T,_T,_T,_Z,_Z,_Z,_Z,_Z,W00,W00,_Z,EE,2011,4497,0,A,A,5
UNESCO:EDU_NON_FINANCE(3.0),OFST,PER,L3,_T,_T,SCH_AGE_GROUP,_T,INST_T,_Z,_Z,_T,_T,_T,_Z,_Z,_Z,_Z,_Z,W00,W00,_Z,EE,2012,5091,0,A,A,5
UNESCO:EDU_NON_FINANCE(3.0),OFST,PER,L3,_T,_T,SCH_AGE_GROUP,_T,INST_T,_Z,_Z,_T,_T,_T,_Z,_Z,_Z,_Z,_Z,W00,W00,_Z,EE,2013,4727,0,A,A,5
UNESCO:EDU_NON_FINANCE(3.0),OFST,PER,L3,_T,_T,SCH_AGE_GROUP,_T,INST_T,_Z,_Z,_T,_T,_T,_Z,_Z,_Z,_Z,_Z,W00,W00,_Z,EE,2014,3095,0,A,A,5
UNESCO:EDU_NON_FINANCE(3.0),OFST,PER,L3,_T,_T,SCH_AGE_GROUP,_T,INST_T,_Z,_Z,_T,_T,_T,_Z,_Z,_Z,_Z,_Z,W00,W00,_Z,EE,2015,2102,0,A,A,5
UNESCO:EDU_NON_FINANCE(3.0),OFST,PER,L3,_T,_T,SCH_AGE_GROUP,_T,INST_T,_Z,_Z,_T,_T,_T,_Z,_Z,_Z,_Z,_Z,W00,W00,_Z,EE,2016,1356,0,A,A,5
UNESCO:EDU_NON_FINANCE(3.0),OFST,PER,L3,_T,_T,SCH_AGE_GROUP,_T,INST_T,_Z,_Z,_T,_T,_T,_Z,_Z,_Z,_Z,_Z,W00,W00,_Z,EE,2017,357,0,A,A,5
UNESCO:EDU_NON_FINANCE(3.0),OFST,PER,L3,_T,_T,SCH_AGE_GROUP,_T,INST_T,_Z,_Z,_T,_T,_T,_Z,_Z,_Z,_Z,_Z,W00,W00,_Z,GE,1996,71924,0,A,A,5
UNESCO:EDU_NON_FINANCE(3.0),OFST,PER,L3,_T,_T,SCH_AGE_GROUP,_T,INST_T,_Z,_Z,_T,_T,_T,_Z,_Z,_Z,_Z,_Z,W00,W00,_Z,GE,1997,74121,0,A,A,5
UNESCO:EDU_NON_FINANCE(3.0),OFST,PER,L3,_T,_T,SCH_AGE_GROUP,_T,INST_T,_Z,_Z,_T,_T,_T,_Z,_Z,_Z,_Z,_Z,W00,W00,_Z,GE,1999,61817,0,A,A,5
UNESCO:EDU_NON_FINANCE(3.0),OFST,PER,L3,_T,_T,SCH_AGE_GROUP,_T,INST_T,_Z,_Z,_T,_T,_T,_Z,_Z,_Z,_Z,_Z,W00,W00,_Z,GE,2000,57220,0,E,A,5
UNESCO:EDU_NON_FINANCE(3.0),OFST,PER,L3,_T,_T,SCH_AGE_GROUP,_T,INST_T,_Z,_Z,_T,_T,_T,_Z,_Z,_Z,_Z,_Z,W00,W00,_Z,GE,2005,14426,0,E,A,5
UNESCO:EDU_NON_FINANCE(3.0),OFST,PER,L3,_T,_T,SCH_AGE_GROUP,_T,INST_T,_Z,_Z,_T,_T,_T,_Z,_Z,_Z,_Z,_Z,W00,W00,_Z,GE,2006,16697,0,A,A,5
UNESCO:EDU_NON_FINANCE(3.0),OFST,PER,L3,_T,_T,SCH_AGE_GROUP,_T,INST_T,_Z,_Z,_T,_T,_T,_Z,_Z,_Z,_Z,_Z,W00,W00,_Z,GE,2007,1363,0,A,A,5
UNESCO:EDU_NON_FINANCE(3.0),OFST,PER,L3,_T,_T,SCH_AGE_GROUP,_T,INST_T,_Z,_Z,_T,_T,_T,_Z,_Z,_Z,_Z,_Z,W00,W00,_Z,GE,2008,3012,0,A,A,5
UNESCO:EDU_NON_FINANCE(3.0),OFST,PER,L3,_T,_T,SCH_AGE_GROUP,_T,INST_T,_Z,_Z,_T,_T,_T,_Z,_Z,_Z,_Z,_Z,W00,W00,_Z,GE,2009,10445,0,A,A,5
UNESCO:EDU_NON_FINANCE(3.0),OFST,PER,L3,_T,_T,SCH_AGE_GROUP,_T,INST_T,_Z,_Z,_T,_T,_T,_Z,_Z,_Z,_Z,_Z,W00,W00,_Z,GE,2013,20048,0,E,A,5
UNESCO:EDU_NON_FINANCE(3.0),OFST,PER,L3,_T,_T,SCH_AGE_GROUP,_T,INST_T,_Z,_Z,_T,_T,_T,_Z,_Z,_Z,_Z,_Z,W00,W00,_Z,GE,2014,16247,0,A,A,5
UNESCO:EDU_NON_FINANCE(3.0),OFST,PER,L3,_T,_T,SCH_AGE_GROUP,_T,INST_T,_Z,_Z,_T,_T,_T,_Z,_Z,_Z,_Z,_Z,W00,W00,_Z,GE,2015,16508,0,A,A,5
UNESCO:EDU_NON_FINANCE(3.0),OFST,PER,L3,_T,_T,SCH_AGE_GROUP,_T,INST_T,_Z,_Z,_T,_T,_T,_Z,_Z,_Z,_Z,_Z,W00,W00,_Z,GE,2016,15745,0,A,A,5
UNESCO:EDU_NON_FINANCE(3.0),OFST,PER,L3,_T,_T,SCH_AGE_GROUP,_T,INST_T,_Z,_Z,_T,_T,_T,_Z,_Z,_Z,_Z,_Z,W00,W00,_Z,GE,2017,13240,0,A,A,5
UNESCO:EDU_NON_FINANCE(3.0),OFST,PER,L3,_T,_T,SCH_AGE_GROUP,_T,INST_T,_Z,_Z,_T,_T,_T,_Z,_Z,_Z,_Z,_Z,W00,W00,_Z,GE,2018,8596,0,A,A,5
UNESCO:EDU_NON_FINANCE(3.0),OFST,PER,L3,_T,_T,SCH_AGE_GROUP,_T,INST_T,_Z,_Z,_T,_T,_T,_Z,_Z,_Z,_Z,_Z,W00,W00,_Z,HR,1999,56685,0,A,A,5
UNESCO:EDU_NON_FINANCE(3.0),OFST,PER,L3,_T,_T,SCH_AGE_GROUP,_T,INST_T,_Z,_Z,_T,_T,_T,_Z,_Z,_Z,_Z,_Z,W00,W00,_Z,HR,2000,54525,0,A,A,5
UNESCO:EDU_NON_FINANCE(3.0),OFST,PER,L3,_T,_T,SCH_AGE_GROUP,_T,INST_T,_Z,_Z,_T,_T,_T,_Z,_Z,_Z,_Z,_Z,W00,W00,_Z,HR,2001,50180,0,A,A,5
UNESCO:EDU_NON_FINANCE(3.0),OFST,PER,L3,_T,_T,SCH_AGE_GROUP,_T,INST_T,_Z,_Z,_T,_T,_T,_Z,_Z,_Z,_Z,_Z,W00,W00,_Z,HR,2002,47526,0,A,A,5
UNESCO:EDU_NON_FINANCE(3.0),OFST,PER,L3,_T,_T,SCH_AGE_GROUP,_T,INST_T,_Z,_Z,_T,_T,_T,_Z,_Z,_Z,_Z,_Z,W00,W00,_Z,HR,2003,45508,0,A,A,5
UNESCO:EDU_NON_FINANCE(3.0),OFST,PER,L3,_T,_T,SCH_AGE_GROUP,_T,INST_T,_Z,_Z,_T,_T,_T,_Z,_Z,_Z,_Z,_Z,W00,W00,_Z,HR,2005,42572,0,A,A,5
UNESCO:EDU_NON_FINANCE(3.0),OFST,PER,L3,_T,_T,SCH_AGE_GROUP,_T,INST_T,_Z,_Z,_T,_T,_T,_Z,_Z,_Z,_Z,_Z,W00,W00,_Z,HR,2008,28125,0,A,A,5
UNESCO:EDU_NON_FINANCE(3.0),OFST,PER,L3,_T,_T,SCH_AGE_GROUP,_T,INST_T,_Z,_Z,_T,_T,_T,_Z,_Z,_Z,_Z,_Z,W00,W00,_Z,HR,2009,14165,0,A,A,5
UNESCO:EDU_NON_FINANCE(3.0),OFST,PER,L3,_T,_T,SCH_AGE_GROUP,_T,INST_T,_Z,_Z,_T,_T,_T,_Z,_Z,_Z,_Z,_Z,W00,W00,_Z,HR,2010,17004,0,A,A,5
UNESCO:EDU_NON_FINANCE(3.0),OFST,PER,L3,_T,_T,SCH_AGE_GROUP,_T,INST_T,_Z,_Z,_T,_T,_T,_Z,_Z,_Z,_Z,_Z,W00,W00,_Z,HR,2011,16638,0,A,A,5
UNESCO:EDU_NON_FINANCE(3.0),OFST,PER,L3,_T,_T,SCH_AGE_GROUP,_T,INST_T,_Z,_Z,_T,_T,_T,_Z,_Z,_Z,_Z,_Z,W00,W00,_Z,HR,2012,13297,0,A,A,5
UNESCO:EDU_NON_FINANCE(3.0),OFST,PER,L3,_T,_T,SCH_AGE_GROUP,_T,INST_T,_Z,_Z,_T,_T,_T,_Z,_Z,_Z,_Z,_Z,W00,W00,_Z,HR,2013,14954,0,A,A,5
UNESCO:EDU_NON_FINANCE(3.0),OFST,PER,L3,_T,_T,SCH_AGE_GROUP,_T,INST_T,_Z,_Z,_T,_T,_T,_Z,_Z,_Z,_Z,_Z,W00,W00,_Z,HR,2014,19848,0,A,A,5
UNESCO:EDU_NON_FINANCE(3.0),OFST,PER,L3,_T,_T,SCH_AGE_GROUP,_T,INST_T,_Z,_Z,_T,_T,_T,_Z,_Z,_Z,_Z,_Z,W00,W00,_Z,HR,2015,23874,0,A,A,5
UNESCO:EDU_NON_FINANCE(3.0),OFST,PER,L3,_T,_T,SCH_AGE_GROUP,_T,INST_T,_Z,_Z,_T,_T,_T,_Z,_Z,_Z,_Z,_Z,W00,W00,_Z,HR,2016,27763,0,A,A,5
UNESCO:EDU_NON_FINANCE(3.0),OFST,PER,L3,_T,_T,SCH_AGE_GROUP,_T,INST_T,_Z,_Z,_T,_T,_T,_Z,_Z,_Z,_Z,_Z,W00,W00,_Z,HR,2017,27819,0,A,A,5
UNESCO:EDU_NON_FINANCE(3.0),OFST,PER,L3,_T,_T,SCH_AGE_GROUP,_T,INST_T,_Z,_Z,_T,_T,_T,_Z,_Z,_Z,_Z,_Z,W00,W00,_Z,HU,1997,184297,0,A,A,5
UNESCO:EDU_NON_FINANCE(3.0),OFST,PER,L3,_T,_T,SCH_AGE_GROUP,_T,INST_T,_Z,_Z,_T,_T,_T,_Z,_Z,_Z,_Z,_Z,W00,W00,_Z,HU,1998,154367,0,A,A,5
UNESCO:EDU_NON_FINANCE(3.0),OFST,PER,L3,_T,_T,SCH_AGE_GROUP,_T,INST_T,_Z,_Z,_T,_T,_T,_Z,_Z,_Z,_Z,_Z,W00,W00,_Z,HU,1999,109350,0,A,A,5
UNESCO:EDU_NON_FINANCE(3.0),OFST,PER,L3,_T,_T,SCH_AGE_GROUP,_T,INST_T,_Z,_Z,_T,_T,_T,_Z,_Z,_Z,_Z,_Z,W00,W00,_Z,HU,2000,87457,0,A,A,5
UNESCO:EDU_NON_FINANCE(3.0),OFST,PER,L3,_T,_T,SCH_AGE_GROUP,_T,INST_T,_Z,_Z,_T,_T,_T,_Z,_Z,_Z,_Z,_Z,W00,W00,_Z,HU,2001,68724,0,A,A,5
UNESCO:EDU_NON_FINANCE(3.0),OFST,PER,L3,_T,_T,SCH_AGE_GROUP,_T,INST_T,_Z,_Z,_T,_T,_T,_Z,_Z,_Z,_Z,_Z,W00,W00,_Z,HU,2002,58094,0,A,A,5
UNESCO:EDU_NON_FINANCE(3.0),OFST,PER,L3,_T,_T,SCH_AGE_GROUP,_T,INST_T,_Z,_Z,_T,_T,_T,_Z,_Z,_Z,_Z,_Z,W00,W00,_Z,HU,2003,51851,0,A,A,5
UNESCO:EDU_NON_FINANCE(3.0),OFST,PER,L3,_T,_T,SCH_AGE_GROUP,_T,INST_T,_Z,_Z,_T,_T,_T,_Z,_Z,_Z,_Z,_Z,W00,W00,_Z,HU,2004,62839,0,A,A,5
UNESCO:EDU_NON_FINANCE(3.0),OFST,PER,L3,_T,_T,SCH_AGE_GROUP,_T,INST_T,_Z,_Z,_T,_T,_T,_Z,_Z,_Z,_Z,_Z,W00,W00,_Z,HU,2005,57450,0,A,A,5
UNESCO:EDU_NON_FINANCE(3.0),OFST,PER,L3,_T,_T,SCH_AGE_GROUP,_T,INST_T,_Z,_Z,_T,_T,_T,_Z,_Z,_Z,_Z,_Z,W00,W00,_Z,HU,2006,54429,0,A,A,5
UNESCO:EDU_NON_FINANCE(3.0),OFST,PER,L3,_T,_T,SCH_AGE_GROUP,_T,INST_T,_Z,_Z,_T,_T,_T,_Z,_Z,_Z,_Z,_Z,W00,W00,_Z,HU,2007,44983,0,A,A,5
UNESCO:EDU_NON_FINANCE(3.0),OFST,PER,L3,_T,_T,SCH_AGE_GROUP,_T,INST_T,_Z,_Z,_T,_T,_T,_Z,_Z,_Z,_Z,_Z,W00,W00,_Z,HU,2008,42414,0,A,A,5
UNESCO:EDU_NON_FINANCE(3.0),OFST,PER,L3,_T,_T,SCH_AGE_GROUP,_T,INST_T,_Z,_Z,_T,_T,_T,_Z,_Z,_Z,_Z,_Z,W00,W00,_Z,HU,2009,48337,0,A,A,5
UNESCO:EDU_NON_FINANCE(3.0),OFST,PER,L3,_T,_T,SCH_AGE_GROUP,_T,INST_T,_Z,_Z,_T,_T,_T,_Z,_Z,_Z,_Z,_Z,W00,W00,_Z,HU,2010,49425,0,A,A,5
UNESCO:EDU_NON_FINANCE(3.0),OFST,PER,L3,_T,_T,SCH_AGE_GROUP,_T,INST_T,_Z,_Z,_T,_T,_T,_Z,_Z,_Z,_Z,_Z,W00,W00,_Z,HU,2011,58704,0,A,A,5
UNESCO:EDU_NON_FINANCE(3.0),OFST,PER,L3,_T,_T,SCH_AGE_GROUP,_T,INST_T,_Z,_Z,_T,_T,_T,_Z,_Z,_Z,_Z,_Z,W00,W00,_Z,HU,2012,56089,0,A,A,5
UNESCO:EDU_NON_FINANCE(3.0),OFST,PER,L3,_T,_T,SCH_AGE_GROUP,_T,INST_T,_Z,_Z,_T,_T,_T,_Z,_Z,_Z,_Z,_Z,W00,W00,_Z,HU,2013,48529,0,A,A,5
UNESCO:EDU_NON_FINANCE(3.0),OFST,PER,L3,_T,_T,SCH_AGE_GROUP,_T,INST_T,_Z,_Z,_T,_T,_T,_Z,_Z,_Z,_Z,_Z,W00,W00,_Z,HU,2014,47247,0,A,A,5
UNESCO:EDU_NON_FINANCE(3.0),OFST,PER,L3,_T,_T,SCH_AGE_GROUP,_T,INST_T,_Z,_Z,_T,_T,_T,_Z,_Z,_Z,_Z,_Z,W00,W00,_Z,HU,2015,50999,0,A,A,5
UNESCO:EDU_NON_FINANCE(3.0),OFST,PER,L3,_T,_T,SCH_AGE_GROUP,_T,INST_T,_Z,_Z,_T,_T,_T,_Z,_Z,_Z,_Z,_Z,W00,W00,_Z,HU,2016,49113,0,A,A,5
UNESCO:EDU_NON_FINANCE(3.0),OFST,PER,L3,_T,_T,SCH_AGE_GROUP,_T,INST_T,_Z,_Z,_T,_T,_T,_Z,_Z,_Z,_Z,_Z,W00,W00,_Z,HU,2017,48056,0,A,A,5
UNESCO:EDU_NON_FINANCE(3.0),OFST,PER,L3,_T,_T,SCH_AGE_GROUP,_T,INST_T,_Z,_Z,_T,_T,_T,_Z,_Z,_Z,_Z,_Z,W00,W00,_Z,KG,2004,48889,0,E,A,5
UNESCO:EDU_NON_FINANCE(3.0),OFST,PER,L3,_T,_T,SCH_AGE_GROUP,_T,INST_T,_Z,_Z,_T,_T,_T,_Z,_Z,_Z,_Z,_Z,W00,W00,_Z,KG,2005,52055,0,A,A,5
UNESCO:EDU_NON_FINANCE(3.0),OFST,PER,L3,_T,_T,SCH_AGE_GROUP,_T,INST_T,_Z,_Z,_T,_T,_T,_Z,_Z,_Z,_Z,_Z,W00,W00,_Z,KG,2006,59351,0,A,A,5
UNESCO:EDU_NON_FINANCE(3.0),OFST,PER,L3,_T,_T,SCH_AGE_GROUP,_T,INST_T,_Z,_Z,_T,_T,_T,_Z,_Z,_Z,_Z,_Z,W00,W00,_Z,KG,2007,67617,0,A,A,5
UNESCO:EDU_NON_FINANCE(3.0),OFST,PER,L3,_T,_T,SCH_AGE_GROUP,_T,INST_T,_Z,_Z,_T,_T,_T,_Z,_Z,_Z,_Z,_Z,W00,W00,_Z,KG,2014,72078,0,A,A,5
UNESCO:EDU_NON_FINANCE(3.0),OFST,PER,L3,_T,_T,SCH_AGE_GROUP,_T,INST_T,_Z,_Z,_T,_T,_T,_Z,_Z,_Z,_Z,_Z,W00,W00,_Z,KG,2015,63935,0,A,A,5
UNESCO:EDU_NON_FINANCE(3.0),OFST,PER,L3,_T,_T,SCH_AGE_GROUP,_T,INST_T,_Z,_Z,_T,_T,_T,_Z,_Z,_Z,_Z,_Z,W00,W00,_Z,KG,2016,58641,0,A,A,5
UNESCO:EDU_NON_FINANCE(3.0),OFST,PER,L3,_T,_T,SCH_AGE_GROUP,_T,INST_T,_Z,_Z,_T,_T,_T,_Z,_Z,_Z,_Z,_Z,W00,W00,_Z,KG,2017,60707,0,A,A,5
UNESCO:EDU_NON_FINANCE(3.0),OFST,PER,L3,_T,_T,SCH_AGE_GROUP,_T,INST_T,_Z,_Z,_T,_T,_T,_Z,_Z,_Z,_Z,_Z,W00,W00,_Z,KG,2018,55846,0,A,A,5
UNESCO:EDU_NON_FINANCE(3.0),OFST,PER,L3,_T,_T,SCH_AGE_GROUP,_T,INST_T,_Z,_Z,_T,_T,_T,_Z,_Z,_Z,_Z,_Z,W00,W00,_Z,KZ,2000,126006,0,E,A,5
UNESCO:EDU_NON_FINANCE(3.0),OFST,PER,L3,_T,_T,SCH_AGE_GROUP,_T,INST_T,_Z,_Z,_T,_T,_T,_Z,_Z,_Z,_Z,_Z,W00,W00,_Z,KZ,2006,11217,0,A,A,5
UNESCO:EDU_NON_FINANCE(3.0),OFST,PER,L3,_T,_T,SCH_AGE_GROUP,_T,INST_T,_Z,_Z,_T,_T,_T,_Z,_Z,_Z,_Z,_Z,W00,W00,_Z,KZ,2010,15845,0,A,A,5
UNESCO:EDU_NON_FINANCE(3.0),OFST,PER,L3,_T,_T,SCH_AGE_GROUP,_T,INST_T,_Z,_Z,_T,_T,_T,_Z,_Z,_Z,_Z,_Z,W00,W00,_Z,KZ,2011,11070,0,A,A,5
UNESCO:EDU_NON_FINANCE(3.0),OFST,PER,L3,_T,_T,SCH_AGE_GROUP,_T,INST_T,_Z,_Z,_T,_T,_T,_Z,_Z,_Z,_Z,_Z,W00,W00,_Z,KZ,2012,10325,0,A,A,5
UNESCO:EDU_NON_FINANCE(3.0),OFST,PER,L3,_T,_T,SCH_AGE_GROUP,_T,INST_T,_Z,_Z,_T,_T,_T,_Z,_Z,_Z,_Z,_Z,W00,W00,_Z,KZ,2013,12556,0,E,A,5
UNESCO:EDU_NON_FINANCE(3.0),OFST,PER,L3,_T,_T,SCH_AGE_GROUP,_T,INST_T,_Z,_Z,_T,_T,_T,_Z,_Z,_Z,_Z,_Z,W00,W00,_Z,KZ,2014,13847,0,A,A,5
UNESCO:EDU_NON_FINANCE(3.0),OFST,PER,L3,_T,_T,SCH_AGE_GROUP,_T,INST_T,_Z,_Z,_T,_T,_T,_Z,_Z,_Z,_Z,_Z,W00,W00,_Z,KZ,2015,20345,0,A,A,5
UNESCO:EDU_NON_FINANCE(3.0),OFST,PER,L3,_T,_T,SCH_AGE_GROUP,_T,INST_T,_Z,_Z,_T,_T,_T,_Z,_Z,_Z,_Z,_Z,W00,W00,_Z,KZ,2016,8439,0,A,A,5
UNESCO:EDU_NON_FINANCE(3.0),OFST,PER,L3,_T,_T,SCH_AGE_GROUP,_T,INST_T,_Z,_Z,_T,_T,_T,_Z,_Z,_Z,_Z,_Z,W00,W00,_Z,KZ,2017,5703,0,A,A,5
UNESCO:EDU_NON_FINANCE(3.0),OFST,PER,L3,_T,_T,SCH_AGE_GROUP,_T,INST_T,_Z,_Z,_T,_T,_T,_Z,_Z,_Z,_Z,_Z,W00,W00,_Z,KZ,2018,4533,0,A,A,5
UNESCO:EDU_NON_FINANCE(3.0),OFST,PER,L3,_T,_T,SCH_AGE_GROUP,_T,INST_T,_Z,_Z,_T,_T,_T,_Z,_Z,_Z,_Z,_Z,W00,W00,_Z,LT,1998,24807,0,A,A,5
UNESCO:EDU_NON_FINANCE(3.0),OFST,PER,L3,_T,_T,SCH_AGE_GROUP,_T,INST_T,_Z,_Z,_T,_T,_T,_Z,_Z,_Z,_Z,_Z,W00,W00,_Z,LT,1999,20312,0,E,A,5
UNESCO:EDU_NON_FINANCE(3.0),OFST,PER,L3,_T,_T,SCH_AGE_GROUP,_T,INST_T,_Z,_Z,_T,_T,_T,_Z,_Z,_Z,_Z,_Z,W00,W00,_Z,LT,2000,17298,0,E,A,5
UNESCO:EDU_NON_FINANCE(3.0),OFST,PER,L3,_T,_T,SCH_AGE_GROUP,_T,INST_T,_Z,_Z,_T,_T,_T,_Z,_Z,_Z,_Z,_Z,W00,W00,_Z,LT,2001,9330,0,E,A,5
UNESCO:EDU_NON_FINANCE(3.0),OFST,PER,L3,_T,_T,SCH_AGE_GROUP,_T,INST_T,_Z,_Z,_T,_T,_T,_Z,_Z,_Z,_Z,_Z,W00,W00,_Z,LT,2002,8441,0,E,A,5
UNESCO:EDU_NON_FINANCE(3.0),OFST,PER,L3,_T,_T,SCH_AGE_GROUP,_T,INST_T,_Z,_Z,_T,_T,_T,_Z,_Z,_Z,_Z,_Z,W00,W00,_Z,LT,2003,6493,0,E,A,5
UNESCO:EDU_NON_FINANCE(3.0),OFST,PER,L3,_T,_T,SCH_AGE_GROUP,_T,INST_T,_Z,_Z,_T,_T,_T,_Z,_Z,_Z,_Z,_Z,W00,W00,_Z,LT,2004,5998,0,E,A,5
UNESCO:EDU_NON_FINANCE(3.0),OFST,PER,L3,_T,_T,SCH_AGE_GROUP,_T,INST_T,_Z,_Z,_T,_T,_T,_Z,_Z,_Z,_Z,_Z,W00,W00,_Z,LT,2005,3478,0,E,A,5
UNESCO:EDU_NON_FINANCE(3.0),OFST,PER,L3,_T,_T,SCH_AGE_GROUP,_T,INST_T,_Z,_Z,_T,_T,_T,_Z,_Z,_Z,_Z,_Z,W00,W00,_Z,LT,2006,2198,0,E,A,5
UNESCO:EDU_NON_FINANCE(3.0),OFST,PER,L3,_T,_T,SCH_AGE_GROUP,_T,INST_T,_Z,_Z,_T,_T,_T,_Z,_Z,_Z,_Z,_Z,W00,W00,_Z,LT,2007,2671,0,E,A,5
UNESCO:EDU_NON_FINANCE(3.0),OFST,PER,L3,_T,_T,SCH_AGE_GROUP,_T,INST_T,_Z,_Z,_T,_T,_T,_Z,_Z,_Z,_Z,_Z,W00,W00,_Z,LT,2008,3441,0,E,A,5
UNESCO:EDU_NON_FINANCE(3.0),OFST,PER,L3,_T,_T,SCH_AGE_GROUP,_T,INST_T,_Z,_Z,_T,_T,_T,_Z,_Z,_Z,_Z,_Z,W00,W00,_Z,LT,2009,3200,0,E,A,5
UNESCO:EDU_NON_FINANCE(3.0),OFST,PER,L3,_T,_T,SCH_AGE_GROUP,_T,INST_T,_Z,_Z,_T,_T,_T,_Z,_Z,_Z,_Z,_Z,W00,W00,_Z,LT,2010,1790,0,E,A,5
UNESCO:EDU_NON_FINANCE(3.0),OFST,PER,L3,_T,_T,SCH_AGE_GROUP,_T,INST_T,_Z,_Z,_T,_T,_T,_Z,_Z,_Z,_Z,_Z,W00,W00,_Z,LT,2011,1874,0,E,A,5
UNESCO:EDU_NON_FINANCE(3.0),OFST,PER,L3,_T,_T,SCH_AGE_GROUP,_T,INST_T,_Z,_Z,_T,_T,_T,_Z,_Z,_Z,_Z,_Z,W00,W00,_Z,LT,2012,2956,0,E,A,5
UNESCO:EDU_NON_FINANCE(3.0),OFST,PER,L3,_T,_T,SCH_AGE_GROUP,_T,INST_T,_Z,_Z,_T,_T,_T,_Z,_Z,_Z,_Z,_Z,W00,W00,_Z,LT,2013,2779,0,E,A,5
UNESCO:EDU_NON_FINANCE(3.0),OFST,PER,L3,_T,_T,SCH_AGE_GROUP,_T,INST_T,_Z,_Z,_T,_T,_T,_Z,_Z,_Z,_Z,_Z,W00,W00,_Z,LT,2014,2583,0,E,A,5
UNESCO:EDU_NON_FINANCE(3.0),OFST,PER,L3,_T,_T,SCH_AGE_GROUP,_T,INST_T,_Z,_Z,_T,_T,_T,_Z,_Z,_Z,_Z,_Z,W00,W00,_Z,LT,2015,2416,0,E,A,5
UNESCO:EDU_NON_FINANCE(3.0),OFST,PER,L3,_T,_T,SCH_AGE_GROUP,_T,INST_T,_Z,_Z,_T,_T,_T,_Z,_Z,_Z,_Z,_Z,W00,W00,_Z,LT,2016,2516,0,E,A,5
UNESCO:EDU_NON_FINANCE(3.0),OFST,PER,L3,_T,_T,SCH_AGE_GROUP,_T,INST_T,_Z,_Z,_T,_T,_T,_Z,_Z,_Z,_Z,_Z,W00,W00,_Z,LT,2017,2025,0,E,A,5
UNESCO:EDU_NON_FINANCE(3.0),OFST,PER,L3,_T,_T,SCH_AGE_GROUP,_T,INST_T,_Z,_Z,_T,_T,_T,_Z,_Z,_Z,_Z,_Z,W00,W00,_Z,LV,2008,7877,0,E,A,5
UNESCO:EDU_NON_FINANCE(3.0),OFST,PER,L3,_T,_T,SCH_AGE_GROUP,_T,INST_T,_Z,_Z,_T,_T,_T,_Z,_Z,_Z,_Z,_Z,W00,W00,_Z,LV,2009,9268,0,E,A,5
UNESCO:EDU_NON_FINANCE(3.0),OFST,PER,L3,_T,_T,SCH_AGE_GROUP,_T,INST_T,_Z,_Z,_T,_T,_T,_Z,_Z,_Z,_Z,_Z,W00,W00,_Z,LV,2010,7154,0,E,A,5
UNESCO:EDU_NON_FINANCE(3.0),OFST,PER,L3,_T,_T,SCH_AGE_GROUP,_T,INST_T,_Z,_Z,_T,_T,_T,_Z,_Z,_Z,_Z,_Z,W00,W00,_Z,LV,2011,5765,0,E,A,5
UNESCO:EDU_NON_FINANCE(3.0),OFST,PER,L3,_T,_T,SCH_AGE_GROUP,_T,INST_T,_Z,_Z,_T,_T,_T,_Z,_Z,_Z,_Z,_Z,W00,W00,_Z,LV,2012,5189,0,E,A,5
UNESCO:EDU_NON_FINANCE(3.0),OFST,PER,L3,_T,_T,SCH_AGE_GROUP,_T,INST_T,_Z,_Z,_T,_T,_T,_Z,_Z,_Z,_Z,_Z,W00,W00,_Z,LV,2013,2074,0,E,A,5
UNESCO:EDU_NON_FINANCE(3.0),OFST,PER,L3,_T,_T,SCH_AGE_GROUP,_T,INST_T,_Z,_Z,_T,_T,_T,_Z,_Z,_Z,_Z,_Z,W00,W00,_Z,LV,2014,2492,0,E,A,5
UNESCO:EDU_NON_FINANCE(3.0),OFST,PER,L3,_T,_T,SCH_AGE_GROUP,_T,INST_T,_Z,_Z,_T,_T,_T,_Z,_Z,_Z,_Z,_Z,W00,W00,_Z,LV,2015,2551,0,E,A,5
UNESCO:EDU_NON_FINANCE(3.0),OFST,PER,L3,_T,_T,SCH_AGE_GROUP,_T,INST_T,_Z,_Z,_T,_T,_T,_Z,_Z,_Z,_Z,_Z,W00,W00,_Z,LV,2016,2058,0,E,A,5
UNESCO:EDU_NON_FINANCE(3.0),OFST,PER,L3,_T,_T,SCH_AGE_GROUP,_T,INST_T,_Z,_Z,_T,_T,_T,_Z,_Z,_Z,_Z,_Z,W00,W00,_Z,LV,2017,2229,0,E,A,5
UNESCO:EDU_NON_FINANCE(3.0),OFST,PER,L3,_T,_T,SCH_AGE_GROUP,_T,INST_T,_Z,_Z,_T,_T,_T,_Z,_Z,_Z,_Z,_Z,W00,W00,_Z,MD,2000,82611,0,E,A,5
UNESCO:EDU_NON_FINANCE(3.0),OFST,PER,L3,_T,_T,SCH_AGE_GROUP,_T,INST_T,_Z,_Z,_T,_T,_T,_Z,_Z,_Z,_Z,_Z,W00,W00,_Z,MD,2001,70891,0,E,A,5
UNESCO:EDU_NON_FINANCE(3.0),OFST,PER,L3,_T,_T,SCH_AGE_GROUP,_T,INST_T,_Z,_Z,_T,_T,_T,_Z,_Z,_Z,_Z,_Z,W00,W00,_Z,MD,2002,65994,0,E,A,5
UNESCO:EDU_NON_FINANCE(3.0),OFST,PER,L3,_T,_T,SCH_AGE_GROUP,_T,INST_T,_Z,_Z,_T,_T,_T,_Z,_Z,_Z,_Z,_Z,W00,W00,_Z,MD,2003,62351,0,E,A,5
UNESCO:EDU_NON_FINANCE(3.0),OFST,PER,L3,_T,_T,SCH_AGE_GROUP,_T,INST_T,_Z,_Z,_T,_T,_T,_Z,_Z,_Z,_Z,_Z,W00,W00,_Z,MD,2004,55408,0,E,A,5
UNESCO:EDU_NON_FINANCE(3.0),OFST,PER,L3,_T,_T,SCH_AGE_GROUP,_T,INST_T,_Z,_Z,_T,_T,_T,_Z,_Z,_Z,_Z,_Z,W00,W00,_Z,MD,2005,49081,0,E,A,5
UNESCO:EDU_NON_FINANCE(3.0),OFST,PER,L3,_T,_T,SCH_AGE_GROUP,_T,INST_T,_Z,_Z,_T,_T,_T,_Z,_Z,_Z,_Z,_Z,W00,W00,_Z,MD,2006,44254,0,E,A,5
UNESCO:EDU_NON_FINANCE(3.0),OFST,PER,L3,_T,_T,SCH_AGE_GROUP,_T,INST_T,_Z,_Z,_T,_T,_T,_Z,_Z,_Z,_Z,_Z,W00,W00,_Z,MD,2007,44959,0,E,A,5
UNESCO:EDU_NON_FINANCE(3.0),OFST,PER,L3,_T,_T,SCH_AGE_GROUP,_T,INST_T,_Z,_Z,_T,_T,_T,_Z,_Z,_Z,_Z,_Z,W00,W00,_Z,MD,2008,29661,0,E,A,5
UNESCO:EDU_NON_FINANCE(3.0),OFST,PER,L3,_T,_T,SCH_AGE_GROUP,_T,INST_T,_Z,_Z,_T,_T,_T,_Z,_Z,_Z,_Z,_Z,W00,W00,_Z,MD,2009,40657,0,E,A,5
UNESCO:EDU_NON_FINANCE(3.0),OFST,PER,L3,_T,_T,SCH_AGE_GROUP,_T,INST_T,_Z,_Z,_T,_T,_T,_Z,_Z,_Z,_Z,_Z,W00,W00,_Z,MD,2010,38888,0,E,A,5
UNESCO:EDU_NON_FINANCE(3.0),OFST,PER,L3,_T,_T,SCH_AGE_GROUP,_T,INST_T,_Z,_Z,_T,_T,_T,_Z,_Z,_Z,_Z,_Z,W00,W00,_Z,MD,2011,38136,0,E,A,5
UNESCO:EDU_NON_FINANCE(3.0),OFST,PER,L3,_T,_T,SCH_AGE_GROUP,_T,INST_T,_Z,_Z,_T,_T,_T,_Z,_Z,_Z,_Z,_Z,W00,W00,_Z,MD,2012,35418,0,E,A,5
UNESCO:EDU_NON_FINANCE(3.0),OFST,PER,L3,_T,_T,SCH_AGE_GROUP,_T,INST_T,_Z,_Z,_T,_T,_T,_Z,_Z,_Z,_Z,_Z,W00,W00,_Z,MD,2013,33675,0,E,A,5
UNESCO:EDU_NON_FINANCE(3.0),OFST,PER,L3,_T,_T,SCH_AGE_GROUP,_T,INST_T,_Z,_Z,_T,_T,_T,_Z,_Z,_Z,_Z,_Z,W00,W00,_Z,MD,2014,33924,0,E,A,5
UNESCO:EDU_NON_FINANCE(3.0),OFST,PER,L3,_T,_T,SCH_AGE_GROUP,_T,INST_T,_Z,_Z,_T,_T,_T,_Z,_Z,_Z,_Z,_Z,W00,W00,_Z,MD,2015,32959,0,E,A,5
UNESCO:EDU_NON_FINANCE(3.0),OFST,PER,L3,_T,_T,SCH_AGE_GROUP,_T,INST_T,_Z,_Z,_T,_T,_T,_Z,_Z,_Z,_Z,_Z,W00,W00,_Z,MD,2016,31810,0,E,A,5
UNESCO:EDU_NON_FINANCE(3.0),OFST,PER,L3,_T,_T,SCH_AGE_GROUP,_T,INST_T,_Z,_Z,_T,_T,_T,_Z,_Z,_Z,_Z,_Z,W00,W00,_Z,MD,2017,27104,0,E,A,5
UNESCO:EDU_NON_FINANCE(3.0),OFST,PER,L3,_T,_T,SCH_AGE_GROUP,_T,INST_T,_Z,_Z,_T,_T,_T,_Z,_Z,_Z,_Z,_Z,W00,W00,_Z,MD,2018,26697,0,E,A,5
UNESCO:EDU_NON_FINANCE(3.0),OFST,PER,L3,_T,_T,SCH_AGE_GROUP,_T,INST_T,_Z,_Z,_T,_T,_T,_Z,_Z,_Z,_Z,_Z,W00,W00,_Z,ME,2016,4983,0,A,A,5
UNESCO:EDU_NON_FINANCE(3.0),OFST,PER,L3,_T,_T,SCH_AGE_GROUP,_T,INST_T,_Z,_Z,_T,_T,_T,_Z,_Z,_Z,_Z,_Z,W00,W00,_Z,ME,2017,4614,0,A,A,5
UNESCO:EDU_NON_FINANCE(3.0),OFST,PER,L3,_T,_T,SCH_AGE_GROUP,_T,INST_T,_Z,_Z,_T,_T,_T,_Z,_Z,_Z,_Z,_Z,W00,W00,_Z,ME,2018,3959,0,A,A,5
UNESCO:EDU_NON_FINANCE(3.0),OFST,PER,L3,_T,_T,SCH_AGE_GROUP,_T,INST_T,_Z,_Z,_T,_T,_T,_Z,_Z,_Z,_Z,_Z,W00,W00,_Z,MK,2005,41935,0,A,A,5
UNESCO:EDU_NON_FINANCE(3.0),OFST,PER,L3,_T,_T,SCH_AGE_GROUP,_T,INST_T,_Z,_Z,_T,_T,_T,_Z,_Z,_Z,_Z,_Z,W00,W00,_Z,PL,1999,320090,0,A,A,5
UNESCO:EDU_NON_FINANCE(3.0),OFST,PER,L3,_T,_T,SCH_AGE_GROUP,_T,INST_T,_Z,_Z,_T,_T,_T,_Z,_Z,_Z,_Z,_Z,W00,W00,_Z,PL,2000,359231,0,A,A,5
UNESCO:EDU_NON_FINANCE(3.0),OFST,PER,L3,_T,_T,SCH_AGE_GROUP,_T,INST_T,_Z,_Z,_T,_T,_T,_Z,_Z,_Z,_Z,_Z,W00,W00,_Z,PL,2001,240427,0,A,A,5
UNESCO:EDU_NON_FINANCE(3.0),OFST,PER,L3,_T,_T,SCH_AGE_GROUP,_T,INST_T,_Z,_Z,_T,_T,_T,_Z,_Z,_Z,_Z,_Z,W00,W00,_Z,PL,2002,177989,0,A,A,5
UNESCO:EDU_NON_FINANCE(3.0),OFST,PER,L3,_T,_T,SCH_AGE_GROUP,_T,INST_T,_Z,_Z,_T,_T,_T,_Z,_Z,_Z,_Z,_Z,W00,W00,_Z,PL,2003,167070,0,A,A,5
UNESCO:EDU_NON_FINANCE(3.0),OFST,PER,L3,_T,_T,SCH_AGE_GROUP,_T,INST_T,_Z,_Z,_T,_T,_T,_Z,_Z,_Z,_Z,_Z,W00,W00,_Z,PL,2004,234213,0,A,A,5
UNESCO:EDU_NON_FINANCE(3.0),OFST,PER,L3,_T,_T,SCH_AGE_GROUP,_T,INST_T,_Z,_Z,_T,_T,_T,_Z,_Z,_Z,_Z,_Z,W00,W00,_Z,PL,2005,162061,0,A,A,5
UNESCO:EDU_NON_FINANCE(3.0),OFST,PER,L3,_T,_T,SCH_AGE_GROUP,_T,INST_T,_Z,_Z,_T,_T,_T,_Z,_Z,_Z,_Z,_Z,W00,W00,_Z,PL,2006,150529,0,A,A,5
UNESCO:EDU_NON_FINANCE(3.0),OFST,PER,L3,_T,_T,SCH_AGE_GROUP,_T,INST_T,_Z,_Z,_T,_T,_T,_Z,_Z,_Z,_Z,_Z,W00,W00,_Z,PL,2007,138181,0,A,A,5
UNESCO:EDU_NON_FINANCE(3.0),OFST,PER,L3,_T,_T,SCH_AGE_GROUP,_T,INST_T,_Z,_Z,_T,_T,_T,_Z,_Z,_Z,_Z,_Z,W00,W00,_Z,PL,2008,136230,0,A,A,5
UNESCO:EDU_NON_FINANCE(3.0),OFST,PER,L3,_T,_T,SCH_AGE_GROUP,_T,INST_T,_Z,_Z,_T,_T,_T,_Z,_Z,_Z,_Z,_Z,W00,W00,_Z,PL,2009,144171,0,A,A,5
UNESCO:EDU_NON_FINANCE(3.0),OFST,PER,L3,_T,_T,SCH_AGE_GROUP,_T,INST_T,_Z,_Z,_T,_T,_T,_Z,_Z,_Z,_Z,_Z,W00,W00,_Z,PL,2010,167000,0,A,A,5
UNESCO:EDU_NON_FINANCE(3.0),OFST,PER,L3,_T,_T,SCH_AGE_GROUP,_T,INST_T,_Z,_Z,_T,_T,_T,_Z,_Z,_Z,_Z,_Z,W00,W00,_Z,PL,2011,174136,0,A,A,5
UNESCO:EDU_NON_FINANCE(3.0),OFST,PER,L3,_T,_T,SCH_AGE_GROUP,_T,INST_T,_Z,_Z,_T,_T,_T,_Z,_Z,_Z,_Z,_Z,W00,W00,_Z,PL,2012,175101,0,A,A,5
UNESCO:EDU_NON_FINANCE(3.0),OFST,PER,L3,_T,_T,SCH_AGE_GROUP,_T,INST_T,_Z,_Z,_T,_T,_T,_Z,_Z,_Z,_Z,_Z,W00,W00,_Z,PL,2013,131368,0,A,A,5
UNESCO:EDU_NON_FINANCE(3.0),OFST,PER,L3,_T,_T,SCH_AGE_GROUP,_T,INST_T,_Z,_Z,_T,_T,_T,_Z,_Z,_Z,_Z,_Z,W00,W00,_Z,PL,2014,121662,0,A,A,5
UNESCO:EDU_NON_FINANCE(3.0),OFST,PER,L3,_T,_T,SCH_AGE_GROUP,_T,INST_T,_Z,_Z,_T,_T,_T,_Z,_Z,_Z,_Z,_Z,W00,W00,_Z,PL,2015,87924,0,E,A,5
UNESCO:EDU_NON_FINANCE(3.0),OFST,PER,L3,_T,_T,SCH_AGE_GROUP,_T,INST_T,_Z,_Z,_T,_T,_T,_Z,_Z,_Z,_Z,_Z,W00,W00,_Z,PL,2016,75106,0,E,A,5
UNESCO:EDU_NON_FINANCE(3.0),OFST,PER,L3,_T,_T,SCH_AGE_GROUP,_T,INST_T,_Z,_Z,_T,_T,_T,_Z,_Z,_Z,_Z,_Z,W00,W00,_Z,PL,2017,58884,0,A,A,5
UNESCO:EDU_NON_FINANCE(3.0),OFST,PER,L3,_T,_T,SCH_AGE_GROUP,_T,INST_T,_Z,_Z,_T,_T,_T,_Z,_Z,_Z,_Z,_Z,W00,W00,_Z,RO,2014,164930,0,E,A,5
UNESCO:EDU_NON_FINANCE(3.0),OFST,PER,L3,_T,_T,SCH_AGE_GROUP,_T,INST_T,_Z,_Z,_T,_T,_T,_Z,_Z,_Z,_Z,_Z,W00,W00,_Z,RO,2015,171340,0,A,A,5
UNESCO:EDU_NON_FINANCE(3.0),OFST,PER,L3,_T,_T,SCH_AGE_GROUP,_T,INST_T,_Z,_Z,_T,_T,_T,_Z,_Z,_Z,_Z,_Z,W00,W00,_Z,RO,2016,180684,0,A,A,5
UNESCO:EDU_NON_FINANCE(3.0),OFST,PER,L3,_T,_T,SCH_AGE_GROUP,_T,INST_T,_Z,_Z,_T,_T,_T,_Z,_Z,_Z,_Z,_Z,W00,W00,_Z,RO,2017,172215,0,A,A,5
UNESCO:EDU_NON_FINANCE(3.0),OFST,PER,L3,_T,_T,SCH_AGE_GROUP,_T,INST_T,_Z,_Z,_T,_T,_T,_Z,_Z,_Z,_Z,_Z,W00,W00,_Z,RS,2008,58157,0,E,A,5
UNESCO:EDU_NON_FINANCE(3.0),OFST,PER,L3,_T,_T,SCH_AGE_GROUP,_T,INST_T,_Z,_Z,_T,_T,_T,_Z,_Z,_Z,_Z,_Z,W00,W00,_Z,RS,2009,54407,0,E,A,5
UNESCO:EDU_NON_FINANCE(3.0),OFST,PER,L3,_T,_T,SCH_AGE_GROUP,_T,INST_T,_Z,_Z,_T,_T,_T,_Z,_Z,_Z,_Z,_Z,W00,W00,_Z,RS,2010,50524,0,E,A,5
UNESCO:EDU_NON_FINANCE(3.0),OFST,PER,L3,_T,_T,SCH_AGE_GROUP,_T,INST_T,_Z,_Z,_T,_T,_T,_Z,_Z,_Z,_Z,_Z,W00,W00,_Z,RS,2011,37149,0,E,A,5
UNESCO:EDU_NON_FINANCE(3.0),OFST,PER,L3,_T,_T,SCH_AGE_GROUP,_T,INST_T,_Z,_Z,_T,_T,_T,_Z,_Z,_Z,_Z,_Z,W00,W00,_Z,RS,2012,35495,0,E,A,5
UNESCO:EDU_NON_FINANCE(3.0),OFST,PER,L3,_T,_T,SCH_AGE_GROUP,_T,INST_T,_Z,_Z,_T,_T,_T,_Z,_Z,_Z,_Z,_Z,W00,W00,_Z,RS,2013,34650,0,E,A,5
UNESCO:EDU_NON_FINANCE(3.0),OFST,PER,L3,_T,_T,SCH_AGE_GROUP,_T,INST_T,_Z,_Z,_T,_T,_T,_Z,_Z,_Z,_Z,_Z,W00,W00,_Z,RS,2014,37319,0,E,A,5
UNESCO:EDU_NON_FINANCE(3.0),OFST,PER,L3,_T,_T,SCH_AGE_GROUP,_T,INST_T,_Z,_Z,_T,_T,_T,_Z,_Z,_Z,_Z,_Z,W00,W00,_Z,RS,2015,30714,0,E,A,5
UNESCO:EDU_NON_FINANCE(3.0),OFST,PER,L3,_T,_T,SCH_AGE_GROUP,_T,INST_T,_Z,_Z,_T,_T,_T,_Z,_Z,_Z,_Z,_Z,W00,W00,_Z,RS,2016,30503,0,E,A,5
UNESCO:EDU_NON_FINANCE(3.0),OFST,PER,L3,_T,_T,SCH_AGE_GROUP,_T,INST_T,_Z,_Z,_T,_T,_T,_Z,_Z,_Z,_Z,_Z,W00,W00,_Z,RS,2017,30962,0,E,A,5
UNESCO:EDU_NON_FINANCE(3.0),OFST,PER,L3,_T,_T,SCH_AGE_GROUP,_T,INST_T,_Z,_Z,_T,_T,_T,_Z,_Z,_Z,_Z,_Z,W00,W00,_Z,RS,2018,33080,0,E,A,5
UNESCO:EDU_NON_FINANCE(3.0),OFST,PER,L3,_T,_T,SCH_AGE_GROUP,_T,INST_T,_Z,_Z,_T,_T,_T,_Z,_Z,_Z,_Z,_Z,W00,W00,_Z,RU,2013,356825,0,E,A,5
UNESCO:EDU_NON_FINANCE(3.0),OFST,PER,L3,_T,_T,SCH_AGE_GROUP,_T,INST_T,_Z,_Z,_T,_T,_T,_Z,_Z,_Z,_Z,_Z,W00,W00,_Z,RU,2014,310876,0,E,A,5
UNESCO:EDU_NON_FINANCE(3.0),OFST,PER,L3,_T,_T,SCH_AGE_GROUP,_T,INST_T,_Z,_Z,_T,_T,_T,_Z,_Z,_Z,_Z,_Z,W00,W00,_Z,RU,2017,106100,0,E,A,5
UNESCO:EDU_NON_FINANCE(3.0),OFST,PER,L3,_T,_T,SCH_AGE_GROUP,_T,INST_T,_Z,_Z,_T,_T,_T,_Z,_Z,_Z,_Z,_Z,W00,W00,_Z,SI,1998,15888,0,A,A,5
UNESCO:EDU_NON_FINANCE(3.0),OFST,PER,L3,_T,_T,SCH_AGE_GROUP,_T,INST_T,_Z,_Z,_T,_T,_T,_Z,_Z,_Z,_Z,_Z,W00,W00,_Z,SI,1999,14059,0,A,A,5
UNESCO:EDU_NON_FINANCE(3.0),OFST,PER,L3,_T,_T,SCH_AGE_GROUP,_T,INST_T,_Z,_Z,_T,_T,_T,_Z,_Z,_Z,_Z,_Z,W00,W00,_Z,SI,2000,12156,0,A,A,5
UNESCO:EDU_NON_FINANCE(3.0),OFST,PER,L3,_T,_T,SCH_AGE_GROUP,_T,INST_T,_Z,_Z,_T,_T,_T,_Z,_Z,_Z,_Z,_Z,W00,W00,_Z,SI,2001,11076,0,A,A,5
UNESCO:EDU_NON_FINANCE(3.0),OFST,PER,L3,_T,_T,SCH_AGE_GROUP,_T,INST_T,_Z,_Z,_T,_T,_T,_Z,_Z,_Z,_Z,_Z,W00,W00,_Z,SI,2002,10531,0,A,A,5
UNESCO:EDU_NON_FINANCE(3.0),OFST,PER,L3,_T,_T,SCH_AGE_GROUP,_T,INST_T,_Z,_Z,_T,_T,_T,_Z,_Z,_Z,_Z,_Z,W00,W00,_Z,SI,2003,8881,0,A,A,5
UNESCO:EDU_NON_FINANCE(3.0),OFST,PER,L3,_T,_T,SCH_AGE_GROUP,_T,INST_T,_Z,_Z,_T,_T,_T,_Z,_Z,_Z,_Z,_Z,W00,W00,_Z,SI,2004,9352,0,A,A,5
UNESCO:EDU_NON_FINANCE(3.0),OFST,PER,L3,_T,_T,SCH_AGE_GROUP,_T,INST_T,_Z,_Z,_T,_T,_T,_Z,_Z,_Z,_Z,_Z,W00,W00,_Z,SI,2005,8432,0,A,A,5
UNESCO:EDU_NON_FINANCE(3.0),OFST,PER,L3,_T,_T,SCH_AGE_GROUP,_T,INST_T,_Z,_Z,_T,_T,_T,_Z,_Z,_Z,_Z,_Z,W00,W00,_Z,SI,2006,7418,0,A,A,5
UNESCO:EDU_NON_FINANCE(3.0),OFST,PER,L3,_T,_T,SCH_AGE_GROUP,_T,INST_T,_Z,_Z,_T,_T,_T,_Z,_Z,_Z,_Z,_Z,W00,W00,_Z,SI,2007,7285,0,A,A,5
UNESCO:EDU_NON_FINANCE(3.0),OFST,PER,L3,_T,_T,SCH_AGE_GROUP,_T,INST_T,_Z,_Z,_T,_T,_T,_Z,_Z,_Z,_Z,_Z,W00,W00,_Z,SI,2008,8070,0,A,A,5
UNESCO:EDU_NON_FINANCE(3.0),OFST,PER,L3,_T,_T,SCH_AGE_GROUP,_T,INST_T,_Z,_Z,_T,_T,_T,_Z,_Z,_Z,_Z,_Z,W00,W00,_Z,SI,2009,7094,0,A,A,5
UNESCO:EDU_NON_FINANCE(3.0),OFST,PER,L3,_T,_T,SCH_AGE_GROUP,_T,INST_T,_Z,_Z,_T,_T,_T,_Z,_Z,_Z,_Z,_Z,W00,W00,_Z,SI,2010,5352,0,A,A,5
UNESCO:EDU_NON_FINANCE(3.0),OFST,PER,L3,_T,_T,SCH_AGE_GROUP,_T,INST_T,_Z,_Z,_T,_T,_T,_Z,_Z,_Z,_Z,_Z,W00,W00,_Z,SI,2011,4561,0,A,A,5
UNESCO:EDU_NON_FINANCE(3.0),OFST,PER,L3,_T,_T,SCH_AGE_GROUP,_T,INST_T,_Z,_Z,_T,_T,_T,_Z,_Z,_Z,_Z,_Z,W00,W00,_Z,SI,2012,3782,0,A,A,5
UNESCO:EDU_NON_FINANCE(3.0),OFST,PER,L3,_T,_T,SCH_AGE_GROUP,_T,INST_T,_Z,_Z,_T,_T,_T,_Z,_Z,_Z,_Z,_Z,W00,W00,_Z,SI,2013,2944,0,A,A,5
UNESCO:EDU_NON_FINANCE(3.0),OFST,PER,L3,_T,_T,SCH_AGE_GROUP,_T,INST_T,_Z,_Z,_T,_T,_T,_Z,_Z,_Z,_Z,_Z,W00,W00,_Z,SI,2014,3998,0,A,A,5
UNESCO:EDU_NON_FINANCE(3.0),OFST,PER,L3,_T,_T,SCH_AGE_GROUP,_T,INST_T,_Z,_Z,_T,_T,_T,_Z,_Z,_Z,_Z,_Z,W00,W00,_Z,SI,2015,2510,0,A,A,5
UNESCO:EDU_NON_FINANCE(3.0),OFST,PER,L3,_T,_T,SCH_AGE_GROUP,_T,INST_T,_Z,_Z,_T,_T,_T,_Z,_Z,_Z,_Z,_Z,W00,W00,_Z,SI,2016,3072,0,A,A,5
UNESCO:EDU_NON_FINANCE(3.0),OFST,PER,L3,_T,_T,SCH_AGE_GROUP,_T,INST_T,_Z,_Z,_T,_T,_T,_Z,_Z,_Z,_Z,_Z,W00,W00,_Z,SI,2017,2837,0,A,A,5
UNESCO:EDU_NON_FINANCE(3.0),OFST,PER,L3,_T,_T,SCH_AGE_GROUP,_T,INST_T,_Z,_Z,_T,_T,_T,_Z,_Z,_Z,_Z,_Z,W00,W00,_Z,SK,2002,48287,0,E,A,5
UNESCO:EDU_NON_FINANCE(3.0),OFST,PER,L3,_T,_T,SCH_AGE_GROUP,_T,INST_T,_Z,_Z,_T,_T,_T,_Z,_Z,_Z,_Z,_Z,W00,W00,_Z,SK,2003,39240,0,E,A,5
UNESCO:EDU_NON_FINANCE(3.0),OFST,PER,L3,_T,_T,SCH_AGE_GROUP,_T,INST_T,_Z,_Z,_T,_T,_T,_Z,_Z,_Z,_Z,_Z,W00,W00,_Z,SK,2004,33038,0,E,A,5
UNESCO:EDU_NON_FINANCE(3.0),OFST,PER,L3,_T,_T,SCH_AGE_GROUP,_T,INST_T,_Z,_Z,_T,_T,_T,_Z,_Z,_Z,_Z,_Z,W00,W00,_Z,SK,2005,34458,0,E,A,5
UNESCO:EDU_NON_FINANCE(3.0),OFST,PER,L3,_T,_T,SCH_AGE_GROUP,_T,INST_T,_Z,_Z,_T,_T,_T,_Z,_Z,_Z,_Z,_Z,W00,W00,_Z,SK,2006,33562,0,A,A,5
UNESCO:EDU_NON_FINANCE(3.0),OFST,PER,L3,_T,_T,SCH_AGE_GROUP,_T,INST_T,_Z,_Z,_T,_T,_T,_Z,_Z,_Z,_Z,_Z,W00,W00,_Z,SK,2007,30156,0,A,A,5
UNESCO:EDU_NON_FINANCE(3.0),OFST,PER,L3,_T,_T,SCH_AGE_GROUP,_T,INST_T,_Z,_Z,_T,_T,_T,_Z,_Z,_Z,_Z,_Z,W00,W00,_Z,SK,2008,31266,0,A,A,5
UNESCO:EDU_NON_FINANCE(3.0),OFST,PER,L3,_T,_T,SCH_AGE_GROUP,_T,INST_T,_Z,_Z,_T,_T,_T,_Z,_Z,_Z,_Z,_Z,W00,W00,_Z,SK,2009,30005,0,A,A,5
UNESCO:EDU_NON_FINANCE(3.0),OFST,PER,L3,_T,_T,SCH_AGE_GROUP,_T,INST_T,_Z,_Z,_T,_T,_T,_Z,_Z,_Z,_Z,_Z,W00,W00,_Z,SK,2010,31970,0,A,A,5
UNESCO:EDU_NON_FINANCE(3.0),OFST,PER,L3,_T,_T,SCH_AGE_GROUP,_T,INST_T,_Z,_Z,_T,_T,_T,_Z,_Z,_Z,_Z,_Z,W00,W00,_Z,SK,2011,36097,0,A,A,5
UNESCO:EDU_NON_FINANCE(3.0),OFST,PER,L3,_T,_T,SCH_AGE_GROUP,_T,INST_T,_Z,_Z,_T,_T,_T,_Z,_Z,_Z,_Z,_Z,W00,W00,_Z,SK,2012,36612,0,A,A,5
UNESCO:EDU_NON_FINANCE(3.0),OFST,PER,L3,_T,_T,SCH_AGE_GROUP,_T,INST_T,_Z,_Z,_T,_T,_T,_Z,_Z,_Z,_Z,_Z,W00,W00,_Z,SK,2013,36414,0,A,A,5
UNESCO:EDU_NON_FINANCE(3.0),OFST,PER,L3,_T,_T,SCH_AGE_GROUP,_T,INST_T,_Z,_Z,_T,_T,_T,_Z,_Z,_Z,_Z,_Z,W00,W00,_Z,SK,2014,32097,0,A,A,5
UNESCO:EDU_NON_FINANCE(3.0),OFST,PER,L3,_T,_T,SCH_AGE_GROUP,_T,INST_T,_Z,_Z,_T,_T,_T,_Z,_Z,_Z,_Z,_Z,W00,W00,_Z,SK,2015,26306,0,A,A,5
UNESCO:EDU_NON_FINANCE(3.0),OFST,PER,L3,_T,_T,SCH_AGE_GROUP,_T,INST_T,_Z,_Z,_T,_T,_T,_Z,_Z,_Z,_Z,_Z,W00,W00,_Z,SK,2016,22773,0,A,A,5
UNESCO:EDU_NON_FINANCE(3.0),OFST,PER,L3,_T,_T,SCH_AGE_GROUP,_T,INST_T,_Z,_Z,_T,_T,_T,_Z,_Z,_Z,_Z,_Z,W00,W00,_Z,SK,2017,22940,0,A,A,5
UNESCO:EDU_NON_FINANCE(3.0),OFST,PER,L3,_T,_T,SCH_AGE_GROUP,_T,INST_T,_Z,_Z,_T,_T,_T,_Z,_Z,_Z,_Z,_Z,W00,W00,_Z,TJ,1999,190881,0,A,A,5
UNESCO:EDU_NON_FINANCE(3.0),OFST,PER,L3,_T,_T,SCH_AGE_GROUP,_T,INST_T,_Z,_Z,_T,_T,_T,_Z,_Z,_Z,_Z,_Z,W00,W00,_Z,TJ,2000,183861,0,A,A,5
UNESCO:EDU_NON_FINANCE(3.0),OFST,PER,L3,_T,_T,SCH_AGE_GROUP,_T,INST_T,_Z,_Z,_T,_T,_T,_Z,_Z,_Z,_Z,_Z,W00,W00,_Z,TJ,2001,149013,0,A,A,5
UNESCO:EDU_NON_FINANCE(3.0),OFST,PER,L3,_T,_T,SCH_AGE_GROUP,_T,INST_T,_Z,_Z,_T,_T,_T,_Z,_Z,_Z,_Z,_Z,W00,W00,_Z,TJ,2002,159134,0,A,A,5
UNESCO:EDU_NON_FINANCE(3.0),OFST,PER,L3,_T,_T,SCH_AGE_GROUP,_T,INST_T,_Z,_Z,_T,_T,_T,_Z,_Z,_Z,_Z,_Z,W00,W00,_Z,TJ,2004,167086,0,A,A,5
UNESCO:EDU_NON_FINANCE(3.0),OFST,PER,L3,_T,_T,SCH_AGE_GROUP,_T,INST_T,_Z,_Z,_T,_T,_T,_Z,_Z,_Z,_Z,_Z,W00,W00,_Z,TJ,2005,164483,0,A,A,5
UNESCO:EDU_NON_FINANCE(3.0),OFST,PER,L3,_T,_T,SCH_AGE_GROUP,_T,INST_T,_Z,_Z,_T,_T,_T,_Z,_Z,_Z,_Z,_Z,W00,W00,_Z,TJ,2006,170573,0,A,A,5
UNESCO:EDU_NON_FINANCE(3.0),OFST,PER,L3,_T,_T,SCH_AGE_GROUP,_T,INST_T,_Z,_Z,_T,_T,_T,_Z,_Z,_Z,_Z,_Z,W00,W00,_Z,TJ,2007,184465,0,A,A,5
UNESCO:EDU_NON_FINANCE(3.0),OFST,PER,L3,_T,_T,SCH_AGE_GROUP,_T,INST_T,_Z,_Z,_T,_T,_T,_Z,_Z,_Z,_Z,_Z,W00,W00,_Z,TJ,2008,147834,0,A,A,5
UNESCO:EDU_NON_FINANCE(3.0),OFST,PER,L3,_T,_T,SCH_AGE_GROUP,_T,INST_T,_Z,_Z,_T,_T,_T,_Z,_Z,_Z,_Z,_Z,W00,W00,_Z,TJ,2009,149766,0,A,A,5
UNESCO:EDU_NON_FINANCE(3.0),OFST,PER,L3,_T,_T,SCH_AGE_GROUP,_T,INST_T,_Z,_Z,_T,_T,_T,_Z,_Z,_Z,_Z,_Z,W00,W00,_Z,TJ,2010,150304,0,A,A,5
UNESCO:EDU_NON_FINANCE(3.0),OFST,PER,L3,_T,_T,SCH_AGE_GROUP,_T,INST_T,_Z,_Z,_T,_T,_T,_Z,_Z,_Z,_Z,_Z,W00,W00,_Z,TJ,2011,134465,0,A,A,5
UNESCO:EDU_NON_FINANCE(3.0),OFST,PER,L3,_T,_T,SCH_AGE_GROUP,_T,INST_T,_Z,_Z,_T,_T,_T,_Z,_Z,_Z,_Z,_Z,W00,W00,_Z,TR,1999,1958200,0,A,A,5
UNESCO:EDU_NON_FINANCE(3.0),OFST,PER,L3,_T,_T,SCH_AGE_GROUP,_T,INST_T,_Z,_Z,_T,_T,_T,_Z,_Z,_Z,_Z,_Z,W00,W00,_Z,TR,2000,1994744,0,A,A,5
UNESCO:EDU_NON_FINANCE(3.0),OFST,PER,L3,_T,_T,SCH_AGE_GROUP,_T,INST_T,_Z,_Z,_T,_T,_T,_Z,_Z,_Z,_Z,_Z,W00,W00,_Z,TR,2001,1850653,0,A,A,5
UNESCO:EDU_NON_FINANCE(3.0),OFST,PER,L3,_T,_T,SCH_AGE_GROUP,_T,INST_T,_Z,_Z,_T,_T,_T,_Z,_Z,_Z,_Z,_Z,W00,W00,_Z,TR,2002,1845246,0,A,A,5
UNESCO:EDU_NON_FINANCE(3.0),OFST,PER,L3,_T,_T,SCH_AGE_GROUP,_T,INST_T,_Z,_Z,_T,_T,_T,_Z,_Z,_Z,_Z,_Z,W00,W00,_Z,TR,2003,1672414,0,A,A,5
UNESCO:EDU_NON_FINANCE(3.0),OFST,PER,L3,_T,_T,SCH_AGE_GROUP,_T,INST_T,_Z,_Z,_T,_T,_T,_Z,_Z,_Z,_Z,_Z,W00,W00,_Z,TR,2004,1557433,0,A,A,5
UNESCO:EDU_NON_FINANCE(3.0),OFST,PER,L3,_T,_T,SCH_AGE_GROUP,_T,INST_T,_Z,_Z,_T,_T,_T,_Z,_Z,_Z,_Z,_Z,W00,W00,_Z,TR,2005,1439947,0,A,A,5
UNESCO:EDU_NON_FINANCE(3.0),OFST,PER,L3,_T,_T,SCH_AGE_GROUP,_T,INST_T,_Z,_Z,_T,_T,_T,_Z,_Z,_Z,_Z,_Z,W00,W00,_Z,TR,2006,1329105,0,A,A,5
UNESCO:EDU_NON_FINANCE(3.0),OFST,PER,L3,_T,_T,SCH_AGE_GROUP,_T,INST_T,_Z,_Z,_T,_T,_T,_Z,_Z,_Z,_Z,_Z,W00,W00,_Z,TR,2007,1261043,0,A,A,5
UNESCO:EDU_NON_FINANCE(3.0),OFST,PER,L3,_T,_T,SCH_AGE_GROUP,_T,INST_T,_Z,_Z,_T,_T,_T,_Z,_Z,_Z,_Z,_Z,W00,W00,_Z,TR,2008,1272355,0,A,A,5
UNESCO:EDU_NON_FINANCE(3.0),OFST,PER,L3,_T,_T,SCH_AGE_GROUP,_T,INST_T,_Z,_Z,_T,_T,_T,_Z,_Z,_Z,_Z,_Z,W00,W00,_Z,TR,2009,1631830,0,A,A,5
UNESCO:EDU_NON_FINANCE(3.0),OFST,PER,L3,_T,_T,SCH_AGE_GROUP,_T,INST_T,_Z,_Z,_T,_T,_T,_Z,_Z,_Z,_Z,_Z,W00,W00,_Z,TR,2010,1273093,0,A,A,5
UNESCO:EDU_NON_FINANCE(3.0),OFST,PER,L3,_T,_T,SCH_AGE_GROUP,_T,INST_T,_Z,_Z,_T,_T,_T,_Z,_Z,_Z,_Z,_Z,W00,W00,_Z,TR,2011,985924,0,A,A,5
UNESCO:EDU_NON_FINANCE(3.0),OFST,PER,L3,_T,_T,SCH_AGE_GROUP,_T,INST_T,_Z,_Z,_T,_T,_T,_Z,_Z,_Z,_Z,_Z,W00,W00,_Z,TR,2012,1273345,0,A,A,5
UNESCO:EDU_NON_FINANCE(3.0),OFST,PER,L3,_T,_T,SCH_AGE_GROUP,_T,INST_T,_Z,_Z,_T,_T,_T,_Z,_Z,_Z,_Z,_Z,W00,W00,_Z,TR,2013,869331,0,A,A,5
UNESCO:EDU_NON_FINANCE(3.0),OFST,PER,L3,_T,_T,SCH_AGE_GROUP,_T,INST_T,_Z,_Z,_T,_T,_T,_Z,_Z,_Z,_Z,_Z,W00,W00,_Z,TR,2014,752272,0,E,A,5
UNESCO:EDU_NON_FINANCE(3.0),OFST,PER,L3,_T,_T,SCH_AGE_GROUP,_T,INST_T,_Z,_Z,_T,_T,_T,_Z,_Z,_Z,_Z,_Z,W00,W00,_Z,TR,2015,805979,0,A,A,5
UNESCO:EDU_NON_FINANCE(3.0),OFST,PER,L3,_T,_T,SCH_AGE_GROUP,_T,INST_T,_Z,_Z,_T,_T,_T,_Z,_Z,_Z,_Z,_Z,W00,W00,_Z,TR,2016,868550,0,A,A,5
UNESCO:EDU_NON_FINANCE(3.0),OFST,PER,L3,_T,_T,SCH_AGE_GROUP,_T,INST_T,_Z,_Z,_T,_T,_T,_Z,_Z,_Z,_Z,_Z,W00,W00,_Z,TR,2017,786847,0,A,A,5
UNESCO:EDU_NON_FINANCE(3.0),OFST,PER,L3,_T,_T,SCH_AGE_GROUP,_T,INST_T,_Z,_Z,_T,_T,_T,_Z,_Z,_Z,_Z,_Z,W00,W00,_Z,UA,2001,198175,0,E,A,5
UNESCO:EDU_NON_FINANCE(3.0),OFST,PER,L3,_T,_T,SCH_AGE_GROUP,_T,INST_T,_Z,_Z,_T,_T,_T,_Z,_Z,_Z,_Z,_Z,W00,W00,_Z,UA,2002,55545,0,A,A,5
UNESCO:EDU_NON_FINANCE(3.0),OFST,PER,L3,_T,_T,SCH_AGE_GROUP,_T,INST_T,_Z,_Z,_T,_T,_T,_Z,_Z,_Z,_Z,_Z,W00,W00,_Z,UA,2003,15719,0,A,A,5
UNESCO:EDU_NON_FINANCE(3.0),OFST,PER,L3,_T,_T,SCH_AGE_GROUP,_T,INST_T,_Z,_Z,_T,_T,_T,_Z,_Z,_Z,_Z,_Z,W00,W00,_Z,UA,2004,39080,0,A,A,5
UNESCO:EDU_NON_FINANCE(3.0),OFST,PER,L3,_T,_T,SCH_AGE_GROUP,_T,INST_T,_Z,_Z,_T,_T,_T,_Z,_Z,_Z,_Z,_Z,W00,W00,_Z,UA,2005,36153,0,A,A,5
UNESCO:EDU_NON_FINANCE(3.0),OFST,PER,L3,_T,_T,SCH_AGE_GROUP,_T,INST_T,_Z,_Z,_T,_T,_T,_Z,_Z,_Z,_Z,_Z,W00,W00,_Z,UA,2006,47533,0,A,A,5
UNESCO:EDU_NON_FINANCE(3.0),OFST,PER,L3,_T,_T,SCH_AGE_GROUP,_T,INST_T,_Z,_Z,_T,_T,_T,_Z,_Z,_Z,_Z,_Z,W00,W00,_Z,UA,2007,60315,0,A,A,5
UNESCO:EDU_NON_FINANCE(3.0),OFST,PER,L3,_T,_T,SCH_AGE_GROUP,_T,INST_T,_Z,_Z,_T,_T,_T,_Z,_Z,_Z,_Z,_Z,W00,W00,_Z,UA,2008,58263,0,A,A,5
UNESCO:EDU_NON_FINANCE(3.0),OFST,PER,L3,_T,_T,SCH_AGE_GROUP,_T,INST_T,_Z,_Z,_T,_T,_T,_Z,_Z,_Z,_Z,_Z,W00,W00,_Z,UA,2009,50740,0,A,A,5
UNESCO:EDU_NON_FINANCE(3.0),OFST,PER,L3,_T,_T,SCH_AGE_GROUP,_T,INST_T,_Z,_Z,_T,_T,_T,_Z,_Z,_Z,_Z,_Z,W00,W00,_Z,UA,2010,59378,0,A,A,5
UNESCO:EDU_NON_FINANCE(3.0),OFST,PER,L3,_T,_T,SCH_AGE_GROUP,_T,INST_T,_Z,_Z,_T,_T,_T,_Z,_Z,_Z,_Z,_Z,W00,W00,_Z,UA,2011,65255,0,A,A,5
UNESCO:EDU_NON_FINANCE(3.0),OFST,PER,L3,_T,_T,SCH_AGE_GROUP,_T,INST_T,_Z,_Z,_T,_T,_T,_Z,_Z,_Z,_Z,_Z,W00,W00,_Z,UA,2012,42684,0,A,A,5
UNESCO:EDU_NON_FINANCE(3.0),OFST,PER,L3,_T,_T,SCH_AGE_GROUP,_T,INST_T,_Z,_Z,_T,_T,_T,_Z,_Z,_Z,_Z,_Z,W00,W00,_Z,UA,2013,40328,0,E,A,5
UNESCO:EDU_NON_FINANCE(3.0),OFST,PER,L3,_T,_T,SCH_AGE_GROUP,_T,INST_T,_Z,_Z,_T,_T,_T,_Z,_Z,_Z,_Z,_Z,W00,W00,_Z,UA,2014,50951,0,E,A,5
UNESCO:EDU_NON_FINANCE(3.0),OFST,PER,L3,_T,_T,SCH_AGE_GROUP,_T,INST_T,_Z,_Z,_T,_T,_T,_Z,_Z,_Z,_Z,_Z,W00,W00,_Z,UZ,2010,493278,0,A,A,5
UNESCO:EDU_NON_FINANCE(3.0),OFST,PER,L3,_T,_T,SCH_AGE_GROUP,_T,INST_T,_Z,_Z,_T,_T,_T,_Z,_Z,_Z,_Z,_Z,W00,W00,_Z,UZ,2011,407778,0,A,A,5
UNESCO:EDU_NON_FINANCE(3.0),OFST,PER,L3,_T,_T,SCH_AGE_GROUP,_T,INST_T,_Z,_Z,_T,_T,_T,_Z,_Z,_Z,_Z,_Z,W00,W00,_Z,UZ,2012,302978,0,A,A,5
UNESCO:EDU_NON_FINANCE(3.0),OFST,PER,L3,_T,_T,SCH_AGE_GROUP,_T,INST_T,_Z,_Z,_T,_T,_T,_Z,_Z,_Z,_Z,_Z,W00,W00,_Z,UZ,2013,267188,0,A,A,5
UNESCO:EDU_NON_FINANCE(3.0),OFST,PER,L3,_T,_T,SCH_AGE_GROUP,_T,INST_T,_Z,_Z,_T,_T,_T,_Z,_Z,_Z,_Z,_Z,W00,W00,_Z,UZ,2014,315284,0,A,A,5
UNESCO:EDU_NON_FINANCE(3.0),OFST,PER,L3,_T,_T,SCH_AGE_GROUP,_T,INST_T,_Z,_Z,_T,_T,_T,_Z,_Z,_Z,_Z,_Z,W00,W00,_Z,UZ,2015,279876,0,A,A,5
UNESCO:EDU_NON_FINANCE(3.0),OFST,PER,L3,_T,_T,SCH_AGE_GROUP,_T,INST_T,_Z,_Z,_T,_T,_T,_Z,_Z,_Z,_Z,_Z,W00,W00,_Z,UZ,2016,275654,0,A,A,5
UNESCO:EDU_NON_FINANCE(3.0),OFST,PER,L3,_T,_T,SCH_AGE_GROUP,_T,INST_T,_Z,_Z,_T,_T,_T,_Z,_Z,_Z,_Z,_Z,W00,W00,_Z,UZ,2017,260739,0,A,A,5
