DATAFLOW,REF_AREA:Geographic area,INDICATOR:Indicator,SEX:Sex,AGE:Current age,EDUCATION_LEVEL:Education Level,WEALTH_QUINTILE:Wealth Quintile,RESIDENCE:Residence,NUMBER_CHLD:Number of Living Children,TIME_PERIOD:Time period,OBS_VALUE:Observation Value,UNIT_MULTIPLIER:Unit multiplier,UNIT_MEASURE:Unit of measure,SOURCE_LINK:Citation of or link to the data source,SERIES_FOOTNOTE:Series footnote,OBS_STATUS:Observation Status,OBS_CONF:Observation confidentaility,DATA_SOURCE:Data Source,LOWER_BOUND:Lower Bound,UPPER_BOUND:Upper Bound,WGTD_SAMPL_SIZE:Weighted Sample Size,UNWGTD_SAMPL_SIZE:Unweighted Sample Size,TIME_PERIOD_METHOD:Time period activity related to when the data are collected,COVERAGE_TIME:The period of time for which data are provided,FREQ_COLL:Time interval at which the source data are collected,OBS_FOOTNOTE:Observation footnote
UNICEF:PT(1.0): Child Protection,ALB: Albania,PT_CHLD_1-14_PS-PSY-V_CGVR: Percentage of children (aged 1-14 years) who experienced any physical punishment and/or psychological aggression by caregivers,M: Male,Y2T14: 2 to 14 years old,_T: Total,_T: Total,_T: Total,_T: Total,2018,49.4,,PCNT: %,,,RP: Reported,F: Free,DHS 2017-18,,,,,End of fieldwork,2017-18,0: Not Known,
UNICEF:PT(1.0): Child Protection,ALB: Albania,PT_CHLD_1-14_PS-PSY-V_CGVR: Percentage of children (aged 1-14 years) who experienced any physical punishment and/or psychological aggression by caregivers,F: Female,Y2T14: 2 to 14 years old,_T: Total,_T: Total,_T: Total,_T: Total,2018,45.4,,PCNT: %,,,RP: Reported,F: Free,DHS 2017-18,,,,,End of fieldwork,2017-18,0: Not Known,
UNICEF:PT(1.0): Child Protection,ALB: Albania,PT_CHLD_1-14_PS-PSY-V_CGVR: Percentage of children (aged 1-14 years) who experienced any physical punishment and/or psychological aggression by caregivers,_T: Total,Y2T14: 2 to 14 years old,_T: Total,_T: Total,_T: Total,_T: Total,2018,47.5,,PCNT: %,,,RP: Reported,F: Free,DHS 2017-18,,,,,End of fieldwork,2017-18,0: Not Known,
UNICEF:PT(1.0): Child Protection,ALB: Albania,PT_CHLD_1-14_PS-PSY-V_CGVR: Percentage of children (aged 1-14 years) who experienced any physical punishment and/or psychological aggression by caregivers,_T: Total,Y2T4: 2 to 4 years old,_T: Total,_T: Total,_T: Total,_T: Total,2018,42.8,,PCNT: %,,,RP: Reported,F: Free,DHS 2017-18,,,,,End of fieldwork,2017-18,0: Not Known,
UNICEF:PT(1.0): Child Protection,ALB: Albania,PT_CHLD_1-14_PS-PSY-V_CGVR: Percentage of children (aged 1-14 years) who experienced any physical punishment and/or psychological aggression by caregivers,_T: Total,Y5T9: 5 to 9 years old,_T: Total,_T: Total,_T: Total,_T: Total,2018,51.3,,PCNT: %,,,RP: Reported,F: Free,DHS 2017-18,,,,,End of fieldwork,2017-18,0: Not Known,
UNICEF:PT(1.0): Child Protection,ALB: Albania,PT_CHLD_1-14_PS-PSY-V_CGVR: Percentage of children (aged 1-14 years) who experienced any physical punishment and/or psychological aggression by caregivers,_T: Total,Y10T14: 10 to 14 years old,_T: Total,_T: Total,_T: Total,_T: Total,2018,46.2,,PCNT: %,,,RP: Reported,F: Free,DHS 2017-18,,,,,End of fieldwork,2017-18,0: Not Known,
UNICEF:PT(1.0): Child Protection,ALB: Albania,PT_CHLD_1-14_PS-PSY-V_CGVR: Percentage of children (aged 1-14 years) who experienced any physical punishment and/or psychological aggression by caregivers,_T: Total,Y2T14: 2 to 14 years old,_T: Total,Q1: Lowest,_T: Total,_T: Total,2018,52.8,,PCNT: %,,,RP: Reported,F: Free,DHS 2017-18,,,,,End of fieldwork,2017-18,0: Not Known,
UNICEF:PT(1.0): Child Protection,ALB: Albania,PT_CHLD_1-14_PS-PSY-V_CGVR: Percentage of children (aged 1-14 years) who experienced any physical punishment and/or psychological aggression by caregivers,_T: Total,Y2T14: 2 to 14 years old,_T: Total,Q2: Second,_T: Total,_T: Total,2018,50.2,,PCNT: %,,,RP: Reported,F: Free,DHS 2017-18,,,,,End of fieldwork,2017-18,0: Not Known,
UNICEF:PT(1.0): Child Protection,ALB: Albania,PT_CHLD_1-14_PS-PSY-V_CGVR: Percentage of children (aged 1-14 years) who experienced any physical punishment and/or psychological aggression by caregivers,_T: Total,Y2T14: 2 to 14 years old,_T: Total,Q3: Middle,_T: Total,_T: Total,2018,51.2,,PCNT: %,,,RP: Reported,F: Free,DHS 2017-18,,,,,End of fieldwork,2017-18,0: Not Known,
UNICEF:PT(1.0): Child Protection,ALB: Albania,PT_CHLD_1-14_PS-PSY-V_CGVR: Percentage of children (aged 1-14 years) who experienced any physical punishment and/or psychological aggression by caregivers,_T: Total,Y2T14: 2 to 14 years old,_T: Total,Q4: Fourth,_T: Total,_T: Total,2018,46.4,,PCNT: %,,,RP: Reported,F: Free,DHS 2017-18,,,,,End of fieldwork,2017-18,0: Not Known,
UNICEF:PT(1.0): Child Protection,ALB: Albania,PT_CHLD_1-14_PS-PSY-V_CGVR: Percentage of children (aged 1-14 years) who experienced any physical punishment and/or psychological aggression by caregivers,_T: Total,Y2T14: 2 to 14 years old,_T: Total,Q5: Highest,_T: Total,_T: Total,2018,34.6,,PCNT: %,,,RP: Reported,F: Free,DHS 2017-18,,,,,End of fieldwork,2017-18,0: Not Known,
UNICEF:PT(1.0): Child Protection,ALB: Albania,PT_CHLD_1-14_PS-PSY-V_CGVR: Percentage of children (aged 1-14 years) who experienced any physical punishment and/or psychological aggression by caregivers,_T: Total,Y2T14: 2 to 14 years old,_T: Total,_T: Total,U: Urban,_T: Total,2018,45.9,,PCNT: %,,,RP: Reported,F: Free,DHS 2017-18,,,,,End of fieldwork,2017-18,0: Not Known,
UNICEF:PT(1.0): Child Protection,ALB: Albania,PT_CHLD_1-14_PS-PSY-V_CGVR: Percentage of children (aged 1-14 years) who experienced any physical punishment and/or psychological aggression by caregivers,_T: Total,Y2T14: 2 to 14 years old,_T: Total,_T: Total,R: Rural,_T: Total,2018,49.5,,PCNT: %,,,RP: Reported,F: Free,DHS 2017-18,,,,,End of fieldwork,2017-18,0: Not Known,
UNICEF:PT(1.0): Child Protection,ARM: Armenia,PT_CHLD_1-14_PS-PSY-V_CGVR: Percentage of children (aged 1-14 years) who experienced any physical punishment and/or psychological aggression by caregivers,M: Male,Y1T14: 1 to 14 years old,_T: Total,_T: Total,_T: Total,_T: Total,2016,70.8,,PCNT: %,,,RP: Reported,F: Free,DHS 2015-16,,,,,End of fieldwork,2015-16,0: Not Known,
UNICEF:PT(1.0): Child Protection,ARM: Armenia,PT_CHLD_1-14_PS-PSY-V_CGVR: Percentage of children (aged 1-14 years) who experienced any physical punishment and/or psychological aggression by caregivers,F: Female,Y1T14: 1 to 14 years old,_T: Total,_T: Total,_T: Total,_T: Total,2016,66.8,,PCNT: %,,,RP: Reported,F: Free,DHS 2015-16,,,,,End of fieldwork,2015-16,0: Not Known,
UNICEF:PT(1.0): Child Protection,ARM: Armenia,PT_CHLD_1-14_PS-PSY-V_CGVR: Percentage of children (aged 1-14 years) who experienced any physical punishment and/or psychological aggression by caregivers,_T: Total,Y1T14: 1 to 14 years old,_T: Total,_T: Total,_T: Total,_T: Total,2016,68.9,,PCNT: %,,,RP: Reported,F: Free,DHS 2015-16,,,,,End of fieldwork,2015-16,0: Not Known,
UNICEF:PT(1.0): Child Protection,ARM: Armenia,PT_CHLD_1-14_PS-PSY-V_CGVR: Percentage of children (aged 1-14 years) who experienced any physical punishment and/or psychological aggression by caregivers,_T: Total,Y1T2: 1 to 2 years old,_T: Total,_T: Total,_T: Total,_T: Total,2016,50.1,,PCNT: %,,,RP: Reported,F: Free,DHS 2015-16,,,,,End of fieldwork,2015-16,0: Not Known,
UNICEF:PT(1.0): Child Protection,ARM: Armenia,PT_CHLD_1-14_PS-PSY-V_CGVR: Percentage of children (aged 1-14 years) who experienced any physical punishment and/or psychological aggression by caregivers,_T: Total,Y3T4: 3 to 4 years old,_T: Total,_T: Total,_T: Total,_T: Total,2016,74.7,,PCNT: %,,,RP: Reported,F: Free,DHS 2015-16,,,,,End of fieldwork,2015-16,0: Not Known,
UNICEF:PT(1.0): Child Protection,ARM: Armenia,PT_CHLD_1-14_PS-PSY-V_CGVR: Percentage of children (aged 1-14 years) who experienced any physical punishment and/or psychological aggression by caregivers,_T: Total,Y5T9: 5 to 9 years old,_T: Total,_T: Total,_T: Total,_T: Total,2016,74.9,,PCNT: %,,,RP: Reported,F: Free,DHS 2015-16,,,,,End of fieldwork,2015-16,0: Not Known,
UNICEF:PT(1.0): Child Protection,ARM: Armenia,PT_CHLD_1-14_PS-PSY-V_CGVR: Percentage of children (aged 1-14 years) who experienced any physical punishment and/or psychological aggression by caregivers,_T: Total,Y10T14: 10 to 14 years old,_T: Total,_T: Total,_T: Total,_T: Total,2016,67.7,,PCNT: %,,,RP: Reported,F: Free,DHS 2015-16,,,,,End of fieldwork,2015-16,0: Not Known,
UNICEF:PT(1.0): Child Protection,ARM: Armenia,PT_CHLD_1-14_PS-PSY-V_CGVR: Percentage of children (aged 1-14 years) who experienced any physical punishment and/or psychological aggression by caregivers,_T: Total,Y1T14: 1 to 14 years old,_T: Total,Q1: Lowest,_T: Total,_T: Total,2016,73.1,,PCNT: %,,,RP: Reported,F: Free,DHS 2015-16,,,,,End of fieldwork,2015-16,0: Not Known,
UNICEF:PT(1.0): Child Protection,ARM: Armenia,PT_CHLD_1-14_PS-PSY-V_CGVR: Percentage of children (aged 1-14 years) who experienced any physical punishment and/or psychological aggression by caregivers,_T: Total,Y1T14: 1 to 14 years old,_T: Total,Q2: Second,_T: Total,_T: Total,2016,69.3,,PCNT: %,,,RP: Reported,F: Free,DHS 2015-16,,,,,End of fieldwork,2015-16,0: Not Known,
UNICEF:PT(1.0): Child Protection,ARM: Armenia,PT_CHLD_1-14_PS-PSY-V_CGVR: Percentage of children (aged 1-14 years) who experienced any physical punishment and/or psychological aggression by caregivers,_T: Total,Y1T14: 1 to 14 years old,_T: Total,Q3: Middle,_T: Total,_T: Total,2016,69,,PCNT: %,,,RP: Reported,F: Free,DHS 2015-16,,,,,End of fieldwork,2015-16,0: Not Known,
UNICEF:PT(1.0): Child Protection,ARM: Armenia,PT_CHLD_1-14_PS-PSY-V_CGVR: Percentage of children (aged 1-14 years) who experienced any physical punishment and/or psychological aggression by caregivers,_T: Total,Y1T14: 1 to 14 years old,_T: Total,Q4: Fourth,_T: Total,_T: Total,2016,64.9,,PCNT: %,,,RP: Reported,F: Free,DHS 2015-16,,,,,End of fieldwork,2015-16,0: Not Known,
UNICEF:PT(1.0): Child Protection,ARM: Armenia,PT_CHLD_1-14_PS-PSY-V_CGVR: Percentage of children (aged 1-14 years) who experienced any physical punishment and/or psychological aggression by caregivers,_T: Total,Y1T14: 1 to 14 years old,_T: Total,Q5: Highest,_T: Total,_T: Total,2016,68,,PCNT: %,,,RP: Reported,F: Free,DHS 2015-16,,,,,End of fieldwork,2015-16,0: Not Known,
UNICEF:PT(1.0): Child Protection,ARM: Armenia,PT_CHLD_1-14_PS-PSY-V_CGVR: Percentage of children (aged 1-14 years) who experienced any physical punishment and/or psychological aggression by caregivers,_T: Total,Y1T14: 1 to 14 years old,_T: Total,_T: Total,U: Urban,_T: Total,2016,67.6,,PCNT: %,,,RP: Reported,F: Free,DHS 2015-16,,,,,End of fieldwork,2015-16,0: Not Known,
UNICEF:PT(1.0): Child Protection,ARM: Armenia,PT_CHLD_1-14_PS-PSY-V_CGVR: Percentage of children (aged 1-14 years) who experienced any physical punishment and/or psychological aggression by caregivers,_T: Total,Y1T14: 1 to 14 years old,_T: Total,_T: Total,R: Rural,_T: Total,2016,70.7,,PCNT: %,,,RP: Reported,F: Free,DHS 2015-16,,,,,End of fieldwork,2015-16,0: Not Known,
UNICEF:PT(1.0): Child Protection,AZE: Azerbaijan,PT_CHLD_1-14_PS-PSY-V_CGVR: Percentage of children (aged 1-14 years) who experienced any physical punishment and/or psychological aggression by caregivers,M: Male,Y2T14: 2 to 14 years old,_T: Total,_T: Total,_T: Total,_T: Total,2006,80,,PCNT: %,,,RA: Reanalysed,F: Free,DHS 2006,,,,,End of fieldwork,2006,0: Not Known,
UNICEF:PT(1.0): Child Protection,AZE: Azerbaijan,PT_CHLD_1-14_PS-PSY-V_CGVR: Percentage of children (aged 1-14 years) who experienced any physical punishment and/or psychological aggression by caregivers,F: Female,Y2T14: 2 to 14 years old,_T: Total,_T: Total,_T: Total,_T: Total,2006,73.8,,PCNT: %,,,RA: Reanalysed,F: Free,DHS 2006,,,,,End of fieldwork,2006,0: Not Known,
UNICEF:PT(1.0): Child Protection,AZE: Azerbaijan,PT_CHLD_1-14_PS-PSY-V_CGVR: Percentage of children (aged 1-14 years) who experienced any physical punishment and/or psychological aggression by caregivers,_T: Total,Y2T14: 2 to 14 years old,_T: Total,_T: Total,_T: Total,_T: Total,2006,76.8,,PCNT: %,,,RA: Reanalysed,F: Free,DHS 2006,,,,,End of fieldwork,2006,0: Not Known,
UNICEF:PT(1.0): Child Protection,AZE: Azerbaijan,PT_CHLD_1-14_PS-PSY-V_CGVR: Percentage of children (aged 1-14 years) who experienced any physical punishment and/or psychological aggression by caregivers,_T: Total,Y2T4: 2 to 4 years old,_T: Total,_T: Total,_T: Total,_T: Total,2006,75.3,,PCNT: %,,,RA: Reanalysed,F: Free,DHS 2006,,,,,End of fieldwork,2006,0: Not Known,
UNICEF:PT(1.0): Child Protection,AZE: Azerbaijan,PT_CHLD_1-14_PS-PSY-V_CGVR: Percentage of children (aged 1-14 years) who experienced any physical punishment and/or psychological aggression by caregivers,_T: Total,Y5T9: 5 to 9 years old,_T: Total,_T: Total,_T: Total,_T: Total,2006,80.3,,PCNT: %,,,RA: Reanalysed,F: Free,DHS 2006,,,,,End of fieldwork,2006,0: Not Known,
UNICEF:PT(1.0): Child Protection,AZE: Azerbaijan,PT_CHLD_1-14_PS-PSY-V_CGVR: Percentage of children (aged 1-14 years) who experienced any physical punishment and/or psychological aggression by caregivers,_T: Total,Y10T14: 10 to 14 years old,_T: Total,_T: Total,_T: Total,_T: Total,2006,74.6,,PCNT: %,,,RA: Reanalysed,F: Free,DHS 2006,,,,,End of fieldwork,2006,0: Not Known,
UNICEF:PT(1.0): Child Protection,AZE: Azerbaijan,PT_CHLD_1-14_PS-PSY-V_CGVR: Percentage of children (aged 1-14 years) who experienced any physical punishment and/or psychological aggression by caregivers,_T: Total,Y2T14: 2 to 14 years old,_T: Total,Q1: Lowest,_T: Total,_T: Total,2006,80.5,,PCNT: %,,,RA: Reanalysed,F: Free,DHS 2006,,,,,End of fieldwork,2006,0: Not Known,
UNICEF:PT(1.0): Child Protection,AZE: Azerbaijan,PT_CHLD_1-14_PS-PSY-V_CGVR: Percentage of children (aged 1-14 years) who experienced any physical punishment and/or psychological aggression by caregivers,_T: Total,Y2T14: 2 to 14 years old,_T: Total,Q2: Second,_T: Total,_T: Total,2006,76.1,,PCNT: %,,,RA: Reanalysed,F: Free,DHS 2006,,,,,End of fieldwork,2006,0: Not Known,
UNICEF:PT(1.0): Child Protection,AZE: Azerbaijan,PT_CHLD_1-14_PS-PSY-V_CGVR: Percentage of children (aged 1-14 years) who experienced any physical punishment and/or psychological aggression by caregivers,_T: Total,Y2T14: 2 to 14 years old,_T: Total,Q3: Middle,_T: Total,_T: Total,2006,75.9,,PCNT: %,,,RA: Reanalysed,F: Free,DHS 2006,,,,,End of fieldwork,2006,0: Not Known,
UNICEF:PT(1.0): Child Protection,AZE: Azerbaijan,PT_CHLD_1-14_PS-PSY-V_CGVR: Percentage of children (aged 1-14 years) who experienced any physical punishment and/or psychological aggression by caregivers,_T: Total,Y2T14: 2 to 14 years old,_T: Total,Q4: Fourth,_T: Total,_T: Total,2006,75,,PCNT: %,,,RA: Reanalysed,F: Free,DHS 2006,,,,,End of fieldwork,2006,0: Not Known,
UNICEF:PT(1.0): Child Protection,AZE: Azerbaijan,PT_CHLD_1-14_PS-PSY-V_CGVR: Percentage of children (aged 1-14 years) who experienced any physical punishment and/or psychological aggression by caregivers,_T: Total,Y2T14: 2 to 14 years old,_T: Total,Q5: Highest,_T: Total,_T: Total,2006,74.4,,PCNT: %,,,RA: Reanalysed,F: Free,DHS 2006,,,,,End of fieldwork,2006,0: Not Known,
UNICEF:PT(1.0): Child Protection,AZE: Azerbaijan,PT_CHLD_1-14_PS-PSY-V_CGVR: Percentage of children (aged 1-14 years) who experienced any physical punishment and/or psychological aggression by caregivers,_T: Total,Y2T14: 2 to 14 years old,_T: Total,_T: Total,U: Urban,_T: Total,2006,76,,PCNT: %,,,RA: Reanalysed,F: Free,DHS 2006,,,,,End of fieldwork,2006,0: Not Known,
UNICEF:PT(1.0): Child Protection,AZE: Azerbaijan,PT_CHLD_1-14_PS-PSY-V_CGVR: Percentage of children (aged 1-14 years) who experienced any physical punishment and/or psychological aggression by caregivers,_T: Total,Y2T14: 2 to 14 years old,_T: Total,_T: Total,R: Rural,_T: Total,2006,77.6,,PCNT: %,,,RA: Reanalysed,F: Free,DHS 2006,,,,,End of fieldwork,2006,0: Not Known,
UNICEF:PT(1.0): Child Protection,BLR: Belarus,PT_CHLD_1-14_PS-PSY-V_CGVR: Percentage of children (aged 1-14 years) who experienced any physical punishment and/or psychological aggression by caregivers,M: Male,Y2T14: 2 to 14 years old,_T: Total,_T: Total,_T: Total,_T: Total,2012,67.4,,PCNT: %,,,RP: Reported,F: Free,MICS 2012,,,,,End of fieldwork,2012,0: Not Known,Two questions (CD19 & CD20) were removed from the child discipline module and therefore it is not comparable with standard indicator definition
UNICEF:PT(1.0): Child Protection,BLR: Belarus,PT_CHLD_1-14_PS-PSY-V_CGVR: Percentage of children (aged 1-14 years) who experienced any physical punishment and/or psychological aggression by caregivers,F: Female,Y2T14: 2 to 14 years old,_T: Total,_T: Total,_T: Total,_T: Total,2012,61.8,,PCNT: %,,,RP: Reported,F: Free,MICS 2012,,,,,End of fieldwork,2012,0: Not Known,Two questions (CD19 & CD20) were removed from the child discipline module and therefore it is not comparable with standard indicator definition
UNICEF:PT(1.0): Child Protection,BLR: Belarus,PT_CHLD_1-14_PS-PSY-V_CGVR: Percentage of children (aged 1-14 years) who experienced any physical punishment and/or psychological aggression by caregivers,_T: Total,Y2T14: 2 to 14 years old,_T: Total,_T: Total,_T: Total,_T: Total,2012,64.5,,PCNT: %,,,RP: Reported,F: Free,MICS 2012,,,,,End of fieldwork,2012,0: Not Known,Two questions (CD19 & CD20) were removed from the child discipline module and therefore it is not comparable with standard indicator definition
UNICEF:PT(1.0): Child Protection,BLR: Belarus,PT_CHLD_1-14_PS-PSY-V_CGVR: Percentage of children (aged 1-14 years) who experienced any physical punishment and/or psychological aggression by caregivers,_T: Total,Y2T4: 2 to 4 years old,_T: Total,_T: Total,_T: Total,_T: Total,2012,67.9,,PCNT: %,,,RP: Reported,F: Free,MICS 2012,,,,,End of fieldwork,2012,0: Not Known,Two questions (CD19 & CD20) were removed from the child discipline module and therefore it is not comparable with standard indicator definition
UNICEF:PT(1.0): Child Protection,BLR: Belarus,PT_CHLD_1-14_PS-PSY-V_CGVR: Percentage of children (aged 1-14 years) who experienced any physical punishment and/or psychological aggression by caregivers,_T: Total,Y5T9: 5 to 9 years old,_T: Total,_T: Total,_T: Total,_T: Total,2012,66,,PCNT: %,,,RP: Reported,F: Free,MICS 2012,,,,,End of fieldwork,2012,0: Not Known,Two questions (CD19 & CD20) were removed from the child discipline module and therefore it is not comparable with standard indicator definition
UNICEF:PT(1.0): Child Protection,BLR: Belarus,PT_CHLD_1-14_PS-PSY-V_CGVR: Percentage of children (aged 1-14 years) who experienced any physical punishment and/or psychological aggression by caregivers,_T: Total,Y10T14: 10 to 14 years old,_T: Total,_T: Total,_T: Total,_T: Total,2012,60.2,,PCNT: %,,,RP: Reported,F: Free,MICS 2012,,,,,End of fieldwork,2012,0: Not Known,Two questions (CD19 & CD20) were removed from the child discipline module and therefore it is not comparable with standard indicator definition
UNICEF:PT(1.0): Child Protection,BLR: Belarus,PT_CHLD_1-14_PS-PSY-V_CGVR: Percentage of children (aged 1-14 years) who experienced any physical punishment and/or psychological aggression by caregivers,_T: Total,Y2T14: 2 to 14 years old,_T: Total,Q1: Lowest,_T: Total,_T: Total,2012,64.1,,PCNT: %,,,RP: Reported,F: Free,MICS 2012,,,,,End of fieldwork,2012,0: Not Known,Two questions (CD19 & CD20) were removed from the child discipline module and therefore it is not comparable with standard indicator definition
UNICEF:PT(1.0): Child Protection,BLR: Belarus,PT_CHLD_1-14_PS-PSY-V_CGVR: Percentage of children (aged 1-14 years) who experienced any physical punishment and/or psychological aggression by caregivers,_T: Total,Y2T14: 2 to 14 years old,_T: Total,Q2: Second,_T: Total,_T: Total,2012,67.1,,PCNT: %,,,RP: Reported,F: Free,MICS 2012,,,,,End of fieldwork,2012,0: Not Known,Two questions (CD19 & CD20) were removed from the child discipline module and therefore it is not comparable with standard indicator definition
UNICEF:PT(1.0): Child Protection,BLR: Belarus,PT_CHLD_1-14_PS-PSY-V_CGVR: Percentage of children (aged 1-14 years) who experienced any physical punishment and/or psychological aggression by caregivers,_T: Total,Y2T14: 2 to 14 years old,_T: Total,Q3: Middle,_T: Total,_T: Total,2012,61.8,,PCNT: %,,,RP: Reported,F: Free,MICS 2012,,,,,End of fieldwork,2012,0: Not Known,Two questions (CD19 & CD20) were removed from the child discipline module and therefore it is not comparable with standard indicator definition
UNICEF:PT(1.0): Child Protection,BLR: Belarus,PT_CHLD_1-14_PS-PSY-V_CGVR: Percentage of children (aged 1-14 years) who experienced any physical punishment and/or psychological aggression by caregivers,_T: Total,Y2T14: 2 to 14 years old,_T: Total,Q4: Fourth,_T: Total,_T: Total,2012,65.1,,PCNT: %,,,RP: Reported,F: Free,MICS 2012,,,,,End of fieldwork,2012,0: Not Known,Two questions (CD19 & CD20) were removed from the child discipline module and therefore it is not comparable with standard indicator definition
UNICEF:PT(1.0): Child Protection,BLR: Belarus,PT_CHLD_1-14_PS-PSY-V_CGVR: Percentage of children (aged 1-14 years) who experienced any physical punishment and/or psychological aggression by caregivers,_T: Total,Y2T14: 2 to 14 years old,_T: Total,Q5: Highest,_T: Total,_T: Total,2012,64.4,,PCNT: %,,,RP: Reported,F: Free,MICS 2012,,,,,End of fieldwork,2012,0: Not Known,Two questions (CD19 & CD20) were removed from the child discipline module and therefore it is not comparable with standard indicator definition
UNICEF:PT(1.0): Child Protection,BLR: Belarus,PT_CHLD_1-14_PS-PSY-V_CGVR: Percentage of children (aged 1-14 years) who experienced any physical punishment and/or psychological aggression by caregivers,_T: Total,Y2T14: 2 to 14 years old,_T: Total,_T: Total,U: Urban,_T: Total,2012,65.7,,PCNT: %,,,RP: Reported,F: Free,MICS 2012,,,,,End of fieldwork,2012,0: Not Known,Two questions (CD19 & CD20) were removed from the child discipline module and therefore it is not comparable with standard indicator definition
UNICEF:PT(1.0): Child Protection,BLR: Belarus,PT_CHLD_1-14_PS-PSY-V_CGVR: Percentage of children (aged 1-14 years) who experienced any physical punishment and/or psychological aggression by caregivers,_T: Total,Y2T14: 2 to 14 years old,_T: Total,_T: Total,R: Rural,_T: Total,2012,61.9,,PCNT: %,,,RP: Reported,F: Free,MICS 2012,,,,,End of fieldwork,2012,0: Not Known,Two questions (CD19 & CD20) were removed from the child discipline module and therefore it is not comparable with standard indicator definition
UNICEF:PT(1.0): Child Protection,BIH: Bosnia and Herzegovina,PT_CHLD_1-14_PS-PSY-V_CGVR: Percentage of children (aged 1-14 years) who experienced any physical punishment and/or psychological aggression by caregivers,M: Male,Y2T14: 2 to 14 years old,_T: Total,_T: Total,_T: Total,_T: Total,2012,60.4,,PCNT: %,,,RP: Reported,F: Free,MICS 2011-12,,,,,End of fieldwork,2011-12,0: Not Known,
UNICEF:PT(1.0): Child Protection,BIH: Bosnia and Herzegovina,PT_CHLD_1-14_PS-PSY-V_CGVR: Percentage of children (aged 1-14 years) who experienced any physical punishment and/or psychological aggression by caregivers,F: Female,Y2T14: 2 to 14 years old,_T: Total,_T: Total,_T: Total,_T: Total,2012,49.5,,PCNT: %,,,RP: Reported,F: Free,MICS 2011-12,,,,,End of fieldwork,2011-12,0: Not Known,
UNICEF:PT(1.0): Child Protection,BIH: Bosnia and Herzegovina,PT_CHLD_1-14_PS-PSY-V_CGVR: Percentage of children (aged 1-14 years) who experienced any physical punishment and/or psychological aggression by caregivers,_T: Total,Y2T14: 2 to 14 years old,_T: Total,_T: Total,_T: Total,_T: Total,2012,55.2,,PCNT: %,,,RP: Reported,F: Free,MICS 2011-12,,,,,End of fieldwork,2011-12,0: Not Known,
UNICEF:PT(1.0): Child Protection,BIH: Bosnia and Herzegovina,PT_CHLD_1-14_PS-PSY-V_CGVR: Percentage of children (aged 1-14 years) who experienced any physical punishment and/or psychological aggression by caregivers,_T: Total,Y2T4: 2 to 4 years old,_T: Total,_T: Total,_T: Total,_T: Total,2012,54.6,,PCNT: %,,,RP: Reported,F: Free,MICS 2011-12,,,,,End of fieldwork,2011-12,0: Not Known,
UNICEF:PT(1.0): Child Protection,BIH: Bosnia and Herzegovina,PT_CHLD_1-14_PS-PSY-V_CGVR: Percentage of children (aged 1-14 years) who experienced any physical punishment and/or psychological aggression by caregivers,_T: Total,Y5T9: 5 to 9 years old,_T: Total,_T: Total,_T: Total,_T: Total,2012,58.9,,PCNT: %,,,RP: Reported,F: Free,MICS 2011-12,,,,,End of fieldwork,2011-12,0: Not Known,
UNICEF:PT(1.0): Child Protection,BIH: Bosnia and Herzegovina,PT_CHLD_1-14_PS-PSY-V_CGVR: Percentage of children (aged 1-14 years) who experienced any physical punishment and/or psychological aggression by caregivers,_T: Total,Y10T14: 10 to 14 years old,_T: Total,_T: Total,_T: Total,_T: Total,2012,52.6,,PCNT: %,,,RP: Reported,F: Free,MICS 2011-12,,,,,End of fieldwork,2011-12,0: Not Known,
UNICEF:PT(1.0): Child Protection,BIH: Bosnia and Herzegovina,PT_CHLD_1-14_PS-PSY-V_CGVR: Percentage of children (aged 1-14 years) who experienced any physical punishment and/or psychological aggression by caregivers,_T: Total,Y2T14: 2 to 14 years old,_T: Total,Q1: Lowest,_T: Total,_T: Total,2012,58.8,,PCNT: %,,,RP: Reported,F: Free,MICS 2011-12,,,,,End of fieldwork,2011-12,0: Not Known,
UNICEF:PT(1.0): Child Protection,BIH: Bosnia and Herzegovina,PT_CHLD_1-14_PS-PSY-V_CGVR: Percentage of children (aged 1-14 years) who experienced any physical punishment and/or psychological aggression by caregivers,_T: Total,Y2T14: 2 to 14 years old,_T: Total,Q2: Second,_T: Total,_T: Total,2012,53.6,,PCNT: %,,,RP: Reported,F: Free,MICS 2011-12,,,,,End of fieldwork,2011-12,0: Not Known,
UNICEF:PT(1.0): Child Protection,BIH: Bosnia and Herzegovina,PT_CHLD_1-14_PS-PSY-V_CGVR: Percentage of children (aged 1-14 years) who experienced any physical punishment and/or psychological aggression by caregivers,_T: Total,Y2T14: 2 to 14 years old,_T: Total,Q3: Middle,_T: Total,_T: Total,2012,54.4,,PCNT: %,,,RP: Reported,F: Free,MICS 2011-12,,,,,End of fieldwork,2011-12,0: Not Known,
UNICEF:PT(1.0): Child Protection,BIH: Bosnia and Herzegovina,PT_CHLD_1-14_PS-PSY-V_CGVR: Percentage of children (aged 1-14 years) who experienced any physical punishment and/or psychological aggression by caregivers,_T: Total,Y2T14: 2 to 14 years old,_T: Total,Q4: Fourth,_T: Total,_T: Total,2012,58.7,,PCNT: %,,,RP: Reported,F: Free,MICS 2011-12,,,,,End of fieldwork,2011-12,0: Not Known,
UNICEF:PT(1.0): Child Protection,BIH: Bosnia and Herzegovina,PT_CHLD_1-14_PS-PSY-V_CGVR: Percentage of children (aged 1-14 years) who experienced any physical punishment and/or psychological aggression by caregivers,_T: Total,Y2T14: 2 to 14 years old,_T: Total,Q5: Highest,_T: Total,_T: Total,2012,51.2,,PCNT: %,,,RP: Reported,F: Free,MICS 2011-12,,,,,End of fieldwork,2011-12,0: Not Known,
UNICEF:PT(1.0): Child Protection,BIH: Bosnia and Herzegovina,PT_CHLD_1-14_PS-PSY-V_CGVR: Percentage of children (aged 1-14 years) who experienced any physical punishment and/or psychological aggression by caregivers,_T: Total,Y2T14: 2 to 14 years old,_T: Total,_T: Total,U: Urban,_T: Total,2012,54.3,,PCNT: %,,,RP: Reported,F: Free,MICS 2011-12,,,,,End of fieldwork,2011-12,0: Not Known,
UNICEF:PT(1.0): Child Protection,BIH: Bosnia and Herzegovina,PT_CHLD_1-14_PS-PSY-V_CGVR: Percentage of children (aged 1-14 years) who experienced any physical punishment and/or psychological aggression by caregivers,_T: Total,Y2T14: 2 to 14 years old,_T: Total,_T: Total,R: Rural,_T: Total,2012,55.6,,PCNT: %,,,RP: Reported,F: Free,MICS 2011-12,,,,,End of fieldwork,2011-12,0: Not Known,
UNICEF:PT(1.0): Child Protection,GEO: Georgia,PT_CHLD_1-14_PS-PSY-V_CGVR: Percentage of children (aged 1-14 years) who experienced any physical punishment and/or psychological aggression by caregivers,M: Male,Y2T14: 2 to 14 years old,_T: Total,_T: Total,_T: Total,_T: Total,2005,70.1,,PCNT: %,,,RA: Reanalysed,F: Free,MICS 2005,,,,,End of fieldwork,2005,0: Not Known,
UNICEF:PT(1.0): Child Protection,GEO: Georgia,PT_CHLD_1-14_PS-PSY-V_CGVR: Percentage of children (aged 1-14 years) who experienced any physical punishment and/or psychological aggression by caregivers,F: Female,Y2T14: 2 to 14 years old,_T: Total,_T: Total,_T: Total,_T: Total,2005,63.3,,PCNT: %,,,RA: Reanalysed,F: Free,MICS 2005,,,,,End of fieldwork,2005,0: Not Known,
UNICEF:PT(1.0): Child Protection,GEO: Georgia,PT_CHLD_1-14_PS-PSY-V_CGVR: Percentage of children (aged 1-14 years) who experienced any physical punishment and/or psychological aggression by caregivers,_T: Total,Y2T14: 2 to 14 years old,_T: Total,_T: Total,_T: Total,_T: Total,2005,66.9,,PCNT: %,,,RA: Reanalysed,F: Free,MICS 2005,,,,,End of fieldwork,2005,0: Not Known,
UNICEF:PT(1.0): Child Protection,GEO: Georgia,PT_CHLD_1-14_PS-PSY-V_CGVR: Percentage of children (aged 1-14 years) who experienced any physical punishment and/or psychological aggression by caregivers,_T: Total,Y2T4: 2 to 4 years old,_T: Total,_T: Total,_T: Total,_T: Total,2005,68.6,,PCNT: %,,,RA: Reanalysed,F: Free,MICS 2005,,,,,End of fieldwork,2005,0: Not Known,
UNICEF:PT(1.0): Child Protection,GEO: Georgia,PT_CHLD_1-14_PS-PSY-V_CGVR: Percentage of children (aged 1-14 years) who experienced any physical punishment and/or psychological aggression by caregivers,_T: Total,Y5T9: 5 to 9 years old,_T: Total,_T: Total,_T: Total,_T: Total,2005,72.9,,PCNT: %,,,RA: Reanalysed,F: Free,MICS 2005,,,,,End of fieldwork,2005,0: Not Known,
UNICEF:PT(1.0): Child Protection,GEO: Georgia,PT_CHLD_1-14_PS-PSY-V_CGVR: Percentage of children (aged 1-14 years) who experienced any physical punishment and/or psychological aggression by caregivers,_T: Total,Y10T14: 10 to 14 years old,_T: Total,_T: Total,_T: Total,_T: Total,2005,61.5,,PCNT: %,,,RA: Reanalysed,F: Free,MICS 2005,,,,,End of fieldwork,2005,0: Not Known,
UNICEF:PT(1.0): Child Protection,GEO: Georgia,PT_CHLD_1-14_PS-PSY-V_CGVR: Percentage of children (aged 1-14 years) who experienced any physical punishment and/or psychological aggression by caregivers,_T: Total,Y2T14: 2 to 14 years old,_T: Total,Q1: Lowest,_T: Total,_T: Total,2005,67.7,,PCNT: %,,,RA: Reanalysed,F: Free,MICS 2005,,,,,End of fieldwork,2005,0: Not Known,
UNICEF:PT(1.0): Child Protection,GEO: Georgia,PT_CHLD_1-14_PS-PSY-V_CGVR: Percentage of children (aged 1-14 years) who experienced any physical punishment and/or psychological aggression by caregivers,_T: Total,Y2T14: 2 to 14 years old,_T: Total,Q2: Second,_T: Total,_T: Total,2005,67.6,,PCNT: %,,,RA: Reanalysed,F: Free,MICS 2005,,,,,End of fieldwork,2005,0: Not Known,
UNICEF:PT(1.0): Child Protection,GEO: Georgia,PT_CHLD_1-14_PS-PSY-V_CGVR: Percentage of children (aged 1-14 years) who experienced any physical punishment and/or psychological aggression by caregivers,_T: Total,Y2T14: 2 to 14 years old,_T: Total,Q3: Middle,_T: Total,_T: Total,2005,66.3,,PCNT: %,,,RA: Reanalysed,F: Free,MICS 2005,,,,,End of fieldwork,2005,0: Not Known,
UNICEF:PT(1.0): Child Protection,GEO: Georgia,PT_CHLD_1-14_PS-PSY-V_CGVR: Percentage of children (aged 1-14 years) who experienced any physical punishment and/or psychological aggression by caregivers,_T: Total,Y2T14: 2 to 14 years old,_T: Total,Q4: Fourth,_T: Total,_T: Total,2005,65.6,,PCNT: %,,,RA: Reanalysed,F: Free,MICS 2005,,,,,End of fieldwork,2005,0: Not Known,
UNICEF:PT(1.0): Child Protection,GEO: Georgia,PT_CHLD_1-14_PS-PSY-V_CGVR: Percentage of children (aged 1-14 years) who experienced any physical punishment and/or psychological aggression by caregivers,_T: Total,Y2T14: 2 to 14 years old,_T: Total,Q5: Highest,_T: Total,_T: Total,2005,67.2,,PCNT: %,,,RA: Reanalysed,F: Free,MICS 2005,,,,,End of fieldwork,2005,0: Not Known,
UNICEF:PT(1.0): Child Protection,GEO: Georgia,PT_CHLD_1-14_PS-PSY-V_CGVR: Percentage of children (aged 1-14 years) who experienced any physical punishment and/or psychological aggression by caregivers,_T: Total,Y2T14: 2 to 14 years old,_T: Total,_T: Total,U: Urban,_T: Total,2005,67.9,,PCNT: %,,,RA: Reanalysed,F: Free,MICS 2005,,,,,End of fieldwork,2005,0: Not Known,
UNICEF:PT(1.0): Child Protection,GEO: Georgia,PT_CHLD_1-14_PS-PSY-V_CGVR: Percentage of children (aged 1-14 years) who experienced any physical punishment and/or psychological aggression by caregivers,_T: Total,Y2T14: 2 to 14 years old,_T: Total,_T: Total,R: Rural,_T: Total,2005,65.9,,PCNT: %,,,RA: Reanalysed,F: Free,MICS 2005,,,,,End of fieldwork,2005,0: Not Known,
UNICEF:PT(1.0): Child Protection,KAZ: Kazakhstan,PT_CHLD_1-14_PS-PSY-V_CGVR: Percentage of children (aged 1-14 years) who experienced any physical punishment and/or psychological aggression by caregivers,M: Male,Y1T14: 1 to 14 years old,_T: Total,_T: Total,_T: Total,_T: Total,2015,55.2,,PCNT: %,,,RP: Reported,F: Free,MICS 2015,,,,,End of fieldwork,2015,0: Not Known,
UNICEF:PT(1.0): Child Protection,KAZ: Kazakhstan,PT_CHLD_1-14_PS-PSY-V_CGVR: Percentage of children (aged 1-14 years) who experienced any physical punishment and/or psychological aggression by caregivers,F: Female,Y1T14: 1 to 14 years old,_T: Total,_T: Total,_T: Total,_T: Total,2015,49.9,,PCNT: %,,,RP: Reported,F: Free,MICS 2015,,,,,End of fieldwork,2015,0: Not Known,
UNICEF:PT(1.0): Child Protection,KAZ: Kazakhstan,PT_CHLD_1-14_PS-PSY-V_CGVR: Percentage of children (aged 1-14 years) who experienced any physical punishment and/or psychological aggression by caregivers,_T: Total,Y1T14: 1 to 14 years old,_T: Total,_T: Total,_T: Total,_T: Total,2015,52.7,,PCNT: %,,,RP: Reported,F: Free,MICS 2015,,,,,End of fieldwork,2015,0: Not Known,
UNICEF:PT(1.0): Child Protection,KAZ: Kazakhstan,PT_CHLD_1-14_PS-PSY-V_CGVR: Percentage of children (aged 1-14 years) who experienced any physical punishment and/or psychological aggression by caregivers,_T: Total,Y1T2: 1 to 2 years old,_T: Total,_T: Total,_T: Total,_T: Total,2015,38.3,,PCNT: %,,,RP: Reported,F: Free,MICS 2015,,,,,End of fieldwork,2015,0: Not Known,
UNICEF:PT(1.0): Child Protection,KAZ: Kazakhstan,PT_CHLD_1-14_PS-PSY-V_CGVR: Percentage of children (aged 1-14 years) who experienced any physical punishment and/or psychological aggression by caregivers,_T: Total,Y3T4: 3 to 4 years old,_T: Total,_T: Total,_T: Total,_T: Total,2015,53.2,,PCNT: %,,,RP: Reported,F: Free,MICS 2015,,,,,End of fieldwork,2015,0: Not Known,
UNICEF:PT(1.0): Child Protection,KAZ: Kazakhstan,PT_CHLD_1-14_PS-PSY-V_CGVR: Percentage of children (aged 1-14 years) who experienced any physical punishment and/or psychological aggression by caregivers,_T: Total,Y2T4: 2 to 4 years old,_T: Total,_T: Total,_T: Total,_T: Total,2015,50,,PCNT: %,,,RP: Reported,F: Free,MICS 2015,,,,,End of fieldwork,2015,0: Not Known,
UNICEF:PT(1.0): Child Protection,KAZ: Kazakhstan,PT_CHLD_1-14_PS-PSY-V_CGVR: Percentage of children (aged 1-14 years) who experienced any physical punishment and/or psychological aggression by caregivers,_T: Total,Y5T9: 5 to 9 years old,_T: Total,_T: Total,_T: Total,_T: Total,2015,57.8,,PCNT: %,,,RP: Reported,F: Free,MICS 2015,,,,,End of fieldwork,2015,0: Not Known,
UNICEF:PT(1.0): Child Protection,KAZ: Kazakhstan,PT_CHLD_1-14_PS-PSY-V_CGVR: Percentage of children (aged 1-14 years) who experienced any physical punishment and/or psychological aggression by caregivers,_T: Total,Y10T14: 10 to 14 years old,_T: Total,_T: Total,_T: Total,_T: Total,2015,53.9,,PCNT: %,,,RP: Reported,F: Free,MICS 2015,,,,,End of fieldwork,2015,0: Not Known,
UNICEF:PT(1.0): Child Protection,KAZ: Kazakhstan,PT_CHLD_1-14_PS-PSY-V_CGVR: Percentage of children (aged 1-14 years) who experienced any physical punishment and/or psychological aggression by caregivers,_T: Total,Y1T14: 1 to 14 years old,_T: Total,Q1: Lowest,_T: Total,_T: Total,2015,59.2,,PCNT: %,,,RP: Reported,F: Free,MICS 2015,,,,,End of fieldwork,2015,0: Not Known,
UNICEF:PT(1.0): Child Protection,KAZ: Kazakhstan,PT_CHLD_1-14_PS-PSY-V_CGVR: Percentage of children (aged 1-14 years) who experienced any physical punishment and/or psychological aggression by caregivers,_T: Total,Y1T14: 1 to 14 years old,_T: Total,Q2: Second,_T: Total,_T: Total,2015,50.9,,PCNT: %,,,RP: Reported,F: Free,MICS 2015,,,,,End of fieldwork,2015,0: Not Known,
UNICEF:PT(1.0): Child Protection,KAZ: Kazakhstan,PT_CHLD_1-14_PS-PSY-V_CGVR: Percentage of children (aged 1-14 years) who experienced any physical punishment and/or psychological aggression by caregivers,_T: Total,Y1T14: 1 to 14 years old,_T: Total,Q3: Middle,_T: Total,_T: Total,2015,48.5,,PCNT: %,,,RP: Reported,F: Free,MICS 2015,,,,,End of fieldwork,2015,0: Not Known,
UNICEF:PT(1.0): Child Protection,KAZ: Kazakhstan,PT_CHLD_1-14_PS-PSY-V_CGVR: Percentage of children (aged 1-14 years) who experienced any physical punishment and/or psychological aggression by caregivers,_T: Total,Y1T14: 1 to 14 years old,_T: Total,Q4: Fourth,_T: Total,_T: Total,2015,50.7,,PCNT: %,,,RP: Reported,F: Free,MICS 2015,,,,,End of fieldwork,2015,0: Not Known,
UNICEF:PT(1.0): Child Protection,KAZ: Kazakhstan,PT_CHLD_1-14_PS-PSY-V_CGVR: Percentage of children (aged 1-14 years) who experienced any physical punishment and/or psychological aggression by caregivers,_T: Total,Y1T14: 1 to 14 years old,_T: Total,Q5: Highest,_T: Total,_T: Total,2015,52.8,,PCNT: %,,,RP: Reported,F: Free,MICS 2015,,,,,End of fieldwork,2015,0: Not Known,
UNICEF:PT(1.0): Child Protection,KAZ: Kazakhstan,PT_CHLD_1-14_PS-PSY-V_CGVR: Percentage of children (aged 1-14 years) who experienced any physical punishment and/or psychological aggression by caregivers,_T: Total,Y1T14: 1 to 14 years old,_T: Total,_T: Total,U: Urban,_T: Total,2015,51.7,,PCNT: %,,,RP: Reported,F: Free,MICS 2015,,,,,End of fieldwork,2015,0: Not Known,
UNICEF:PT(1.0): Child Protection,KAZ: Kazakhstan,PT_CHLD_1-14_PS-PSY-V_CGVR: Percentage of children (aged 1-14 years) who experienced any physical punishment and/or psychological aggression by caregivers,_T: Total,Y1T14: 1 to 14 years old,_T: Total,_T: Total,R: Rural,_T: Total,2015,53.5,,PCNT: %,,,RP: Reported,F: Free,MICS 2015,,,,,End of fieldwork,2015,0: Not Known,
UNICEF:PT(1.0): Child Protection,MDA: Republic of Moldova,PT_CHLD_1-14_PS-PSY-V_CGVR: Percentage of children (aged 1-14 years) who experienced any physical punishment and/or psychological aggression by caregivers,M: Male,Y2T14: 2 to 14 years old,_T: Total,_T: Total,_T: Total,_T: Total,2012,77.4,,PCNT: %,,,RP: Reported,F: Free,MICS 2012,,,,,End of fieldwork,2012,0: Not Known,
UNICEF:PT(1.0): Child Protection,MDA: Republic of Moldova,PT_CHLD_1-14_PS-PSY-V_CGVR: Percentage of children (aged 1-14 years) who experienced any physical punishment and/or psychological aggression by caregivers,F: Female,Y2T14: 2 to 14 years old,_T: Total,_T: Total,_T: Total,_T: Total,2012,73.8,,PCNT: %,,,RP: Reported,F: Free,MICS 2012,,,,,End of fieldwork,2012,0: Not Known,
UNICEF:PT(1.0): Child Protection,MDA: Republic of Moldova,PT_CHLD_1-14_PS-PSY-V_CGVR: Percentage of children (aged 1-14 years) who experienced any physical punishment and/or psychological aggression by caregivers,_T: Total,Y2T14: 2 to 14 years old,_T: Total,_T: Total,_T: Total,_T: Total,2012,75.6,,PCNT: %,,,RP: Reported,F: Free,MICS 2012,,,,,End of fieldwork,2012,0: Not Known,
UNICEF:PT(1.0): Child Protection,MDA: Republic of Moldova,PT_CHLD_1-14_PS-PSY-V_CGVR: Percentage of children (aged 1-14 years) who experienced any physical punishment and/or psychological aggression by caregivers,_T: Total,Y2T4: 2 to 4 years old,_T: Total,_T: Total,_T: Total,_T: Total,2012,76.2,,PCNT: %,,,RP: Reported,F: Free,MICS 2012,,,,,End of fieldwork,2012,0: Not Known,
UNICEF:PT(1.0): Child Protection,MDA: Republic of Moldova,PT_CHLD_1-14_PS-PSY-V_CGVR: Percentage of children (aged 1-14 years) who experienced any physical punishment and/or psychological aggression by caregivers,_T: Total,Y5T9: 5 to 9 years old,_T: Total,_T: Total,_T: Total,_T: Total,2012,78.1,,PCNT: %,,,RP: Reported,F: Free,MICS 2012,,,,,End of fieldwork,2012,0: Not Known,
UNICEF:PT(1.0): Child Protection,MDA: Republic of Moldova,PT_CHLD_1-14_PS-PSY-V_CGVR: Percentage of children (aged 1-14 years) who experienced any physical punishment and/or psychological aggression by caregivers,_T: Total,Y10T14: 10 to 14 years old,_T: Total,_T: Total,_T: Total,_T: Total,2012,72.8,,PCNT: %,,,RP: Reported,F: Free,MICS 2012,,,,,End of fieldwork,2012,0: Not Known,
UNICEF:PT(1.0): Child Protection,MDA: Republic of Moldova,PT_CHLD_1-14_PS-PSY-V_CGVR: Percentage of children (aged 1-14 years) who experienced any physical punishment and/or psychological aggression by caregivers,_T: Total,Y2T14: 2 to 14 years old,_T: Total,Q1: Lowest,_T: Total,_T: Total,2012,82.1,,PCNT: %,,,RP: Reported,F: Free,MICS 2012,,,,,End of fieldwork,2012,0: Not Known,
UNICEF:PT(1.0): Child Protection,MDA: Republic of Moldova,PT_CHLD_1-14_PS-PSY-V_CGVR: Percentage of children (aged 1-14 years) who experienced any physical punishment and/or psychological aggression by caregivers,_T: Total,Y2T14: 2 to 14 years old,_T: Total,Q2: Second,_T: Total,_T: Total,2012,77,,PCNT: %,,,RP: Reported,F: Free,MICS 2012,,,,,End of fieldwork,2012,0: Not Known,
UNICEF:PT(1.0): Child Protection,MDA: Republic of Moldova,PT_CHLD_1-14_PS-PSY-V_CGVR: Percentage of children (aged 1-14 years) who experienced any physical punishment and/or psychological aggression by caregivers,_T: Total,Y2T14: 2 to 14 years old,_T: Total,Q3: Middle,_T: Total,_T: Total,2012,74.9,,PCNT: %,,,RP: Reported,F: Free,MICS 2012,,,,,End of fieldwork,2012,0: Not Known,
UNICEF:PT(1.0): Child Protection,MDA: Republic of Moldova,PT_CHLD_1-14_PS-PSY-V_CGVR: Percentage of children (aged 1-14 years) who experienced any physical punishment and/or psychological aggression by caregivers,_T: Total,Y2T14: 2 to 14 years old,_T: Total,Q4: Fourth,_T: Total,_T: Total,2012,71.3,,PCNT: %,,,RP: Reported,F: Free,MICS 2012,,,,,End of fieldwork,2012,0: Not Known,
UNICEF:PT(1.0): Child Protection,MDA: Republic of Moldova,PT_CHLD_1-14_PS-PSY-V_CGVR: Percentage of children (aged 1-14 years) who experienced any physical punishment and/or psychological aggression by caregivers,_T: Total,Y2T14: 2 to 14 years old,_T: Total,Q5: Highest,_T: Total,_T: Total,2012,73.6,,PCNT: %,,,RP: Reported,F: Free,MICS 2012,,,,,End of fieldwork,2012,0: Not Known,
UNICEF:PT(1.0): Child Protection,MDA: Republic of Moldova,PT_CHLD_1-14_PS-PSY-V_CGVR: Percentage of children (aged 1-14 years) who experienced any physical punishment and/or psychological aggression by caregivers,_T: Total,Y2T14: 2 to 14 years old,_T: Total,_T: Total,U: Urban,_T: Total,2012,73.9,,PCNT: %,,,RP: Reported,F: Free,MICS 2012,,,,,End of fieldwork,2012,0: Not Known,
UNICEF:PT(1.0): Child Protection,MDA: Republic of Moldova,PT_CHLD_1-14_PS-PSY-V_CGVR: Percentage of children (aged 1-14 years) who experienced any physical punishment and/or psychological aggression by caregivers,_T: Total,Y2T14: 2 to 14 years old,_T: Total,_T: Total,R: Rural,_T: Total,2012,76.5,,PCNT: %,,,RP: Reported,F: Free,MICS 2012,,,,,End of fieldwork,2012,0: Not Known,
UNICEF:PT(1.0): Child Protection,SRB: Serbia,PT_CHLD_1-14_PS-PSY-V_CGVR: Percentage of children (aged 1-14 years) who experienced any physical punishment and/or psychological aggression by caregivers,M: Male,Y1T14: 1 to 14 years old,_T: Total,_T: Total,_T: Total,_T: Total,2014,44.4,,PCNT: %,,,RP: Reported,F: Free,MICS 2014,,,,,End of fieldwork,2014,0: Not Known,
UNICEF:PT(1.0): Child Protection,SRB: Serbia,PT_CHLD_1-14_PS-PSY-V_CGVR: Percentage of children (aged 1-14 years) who experienced any physical punishment and/or psychological aggression by caregivers,F: Female,Y1T14: 1 to 14 years old,_T: Total,_T: Total,_T: Total,_T: Total,2014,41.8,,PCNT: %,,,RP: Reported,F: Free,MICS 2014,,,,,End of fieldwork,2014,0: Not Known,
UNICEF:PT(1.0): Child Protection,SRB: Serbia,PT_CHLD_1-14_PS-PSY-V_CGVR: Percentage of children (aged 1-14 years) who experienced any physical punishment and/or psychological aggression by caregivers,_T: Total,Y1T14: 1 to 14 years old,_T: Total,_T: Total,_T: Total,_T: Total,2014,43.1,,PCNT: %,,,RP: Reported,F: Free,MICS 2014,,,,,End of fieldwork,2014,0: Not Known,
UNICEF:PT(1.0): Child Protection,SRB: Serbia,PT_CHLD_1-14_PS-PSY-V_CGVR: Percentage of children (aged 1-14 years) who experienced any physical punishment and/or psychological aggression by caregivers,_T: Total,Y1T2: 1 to 2 years old,_T: Total,_T: Total,_T: Total,_T: Total,2014,46.1,,PCNT: %,,,RP: Reported,F: Free,MICS 2014,,,,,End of fieldwork,2014,0: Not Known,
UNICEF:PT(1.0): Child Protection,SRB: Serbia,PT_CHLD_1-14_PS-PSY-V_CGVR: Percentage of children (aged 1-14 years) who experienced any physical punishment and/or psychological aggression by caregivers,_T: Total,Y3T4: 3 to 4 years old,_T: Total,_T: Total,_T: Total,_T: Total,2014,48.7,,PCNT: %,,,RP: Reported,F: Free,MICS 2014,,,,,End of fieldwork,2014,0: Not Known,
UNICEF:PT(1.0): Child Protection,SRB: Serbia,PT_CHLD_1-14_PS-PSY-V_CGVR: Percentage of children (aged 1-14 years) who experienced any physical punishment and/or psychological aggression by caregivers,_T: Total,Y5T9: 5 to 9 years old,_T: Total,_T: Total,_T: Total,_T: Total,2014,43.6,,PCNT: %,,,RP: Reported,F: Free,MICS 2014,,,,,End of fieldwork,2014,0: Not Known,
UNICEF:PT(1.0): Child Protection,SRB: Serbia,PT_CHLD_1-14_PS-PSY-V_CGVR: Percentage of children (aged 1-14 years) who experienced any physical punishment and/or psychological aggression by caregivers,_T: Total,Y10T14: 10 to 14 years old,_T: Total,_T: Total,_T: Total,_T: Total,2014,39,,PCNT: %,,,RP: Reported,F: Free,MICS 2014,,,,,End of fieldwork,2014,0: Not Known,
UNICEF:PT(1.0): Child Protection,SRB: Serbia,PT_CHLD_1-14_PS-PSY-V_CGVR: Percentage of children (aged 1-14 years) who experienced any physical punishment and/or psychological aggression by caregivers,_T: Total,Y1T14: 1 to 14 years old,_T: Total,Q1: Lowest,_T: Total,_T: Total,2014,47.6,,PCNT: %,,,RP: Reported,F: Free,MICS 2014,,,,,End of fieldwork,2014,0: Not Known,
UNICEF:PT(1.0): Child Protection,SRB: Serbia,PT_CHLD_1-14_PS-PSY-V_CGVR: Percentage of children (aged 1-14 years) who experienced any physical punishment and/or psychological aggression by caregivers,_T: Total,Y1T14: 1 to 14 years old,_T: Total,Q2: Second,_T: Total,_T: Total,2014,44.8,,PCNT: %,,,RP: Reported,F: Free,MICS 2014,,,,,End of fieldwork,2014,0: Not Known,
UNICEF:PT(1.0): Child Protection,SRB: Serbia,PT_CHLD_1-14_PS-PSY-V_CGVR: Percentage of children (aged 1-14 years) who experienced any physical punishment and/or psychological aggression by caregivers,_T: Total,Y1T14: 1 to 14 years old,_T: Total,Q3: Middle,_T: Total,_T: Total,2014,43.2,,PCNT: %,,,RP: Reported,F: Free,MICS 2014,,,,,End of fieldwork,2014,0: Not Known,
UNICEF:PT(1.0): Child Protection,SRB: Serbia,PT_CHLD_1-14_PS-PSY-V_CGVR: Percentage of children (aged 1-14 years) who experienced any physical punishment and/or psychological aggression by caregivers,_T: Total,Y1T14: 1 to 14 years old,_T: Total,Q4: Fourth,_T: Total,_T: Total,2014,41,,PCNT: %,,,RP: Reported,F: Free,MICS 2014,,,,,End of fieldwork,2014,0: Not Known,
UNICEF:PT(1.0): Child Protection,SRB: Serbia,PT_CHLD_1-14_PS-PSY-V_CGVR: Percentage of children (aged 1-14 years) who experienced any physical punishment and/or psychological aggression by caregivers,_T: Total,Y1T14: 1 to 14 years old,_T: Total,Q5: Highest,_T: Total,_T: Total,2014,40.2,,PCNT: %,,,RP: Reported,F: Free,MICS 2014,,,,,End of fieldwork,2014,0: Not Known,
UNICEF:PT(1.0): Child Protection,SRB: Serbia,PT_CHLD_1-14_PS-PSY-V_CGVR: Percentage of children (aged 1-14 years) who experienced any physical punishment and/or psychological aggression by caregivers,_T: Total,Y1T14: 1 to 14 years old,_T: Total,_T: Total,U: Urban,_T: Total,2014,45.7,,PCNT: %,,,RP: Reported,F: Free,MICS 2014,,,,,End of fieldwork,2014,0: Not Known,
UNICEF:PT(1.0): Child Protection,SRB: Serbia,PT_CHLD_1-14_PS-PSY-V_CGVR: Percentage of children (aged 1-14 years) who experienced any physical punishment and/or psychological aggression by caregivers,_T: Total,Y1T14: 1 to 14 years old,_T: Total,_T: Total,R: Rural,_T: Total,2014,39.2,,PCNT: %,,,RP: Reported,F: Free,MICS 2014,,,,,End of fieldwork,2014,0: Not Known,
UNICEF:PT(1.0): Child Protection,TJK: Tajikistan,PT_CHLD_1-14_PS-PSY-V_CGVR: Percentage of children (aged 1-14 years) who experienced any physical punishment and/or psychological aggression by caregivers,M: Male,Y1T14: 1 to 14 years old,_T: Total,_T: Total,_T: Total,_T: Total,2017,70.3,,PCNT: %,,,RP: Reported,F: Free,DHS 2017,,,,,End of fieldwork,2017,0: Not Known,
UNICEF:PT(1.0): Child Protection,TJK: Tajikistan,PT_CHLD_1-14_PS-PSY-V_CGVR: Percentage of children (aged 1-14 years) who experienced any physical punishment and/or psychological aggression by caregivers,F: Female,Y1T14: 1 to 14 years old,_T: Total,_T: Total,_T: Total,_T: Total,2017,67.6,,PCNT: %,,,RP: Reported,F: Free,DHS 2017,,,,,End of fieldwork,2017,0: Not Known,
UNICEF:PT(1.0): Child Protection,TJK: Tajikistan,PT_CHLD_1-14_PS-PSY-V_CGVR: Percentage of children (aged 1-14 years) who experienced any physical punishment and/or psychological aggression by caregivers,_T: Total,Y1T14: 1 to 14 years old,_T: Total,_T: Total,_T: Total,_T: Total,2017,69,,PCNT: %,,,RP: Reported,F: Free,DHS 2017,,,,,End of fieldwork,2017,0: Not Known,
UNICEF:PT(1.0): Child Protection,TJK: Tajikistan,PT_CHLD_1-14_PS-PSY-V_CGVR: Percentage of children (aged 1-14 years) who experienced any physical punishment and/or psychological aggression by caregivers,_T: Total,Y1T2: 1 to 2 years old,_T: Total,_T: Total,_T: Total,_T: Total,2017,56.2,,PCNT: %,,,RP: Reported,F: Free,DHS 2017,,,,,End of fieldwork,2017,0: Not Known,
UNICEF:PT(1.0): Child Protection,TJK: Tajikistan,PT_CHLD_1-14_PS-PSY-V_CGVR: Percentage of children (aged 1-14 years) who experienced any physical punishment and/or psychological aggression by caregivers,_T: Total,Y3T4: 3 to 4 years old,_T: Total,_T: Total,_T: Total,_T: Total,2017,67.6,,PCNT: %,,,RP: Reported,F: Free,DHS 2017,,,,,End of fieldwork,2017,0: Not Known,
UNICEF:PT(1.0): Child Protection,TJK: Tajikistan,PT_CHLD_1-14_PS-PSY-V_CGVR: Percentage of children (aged 1-14 years) who experienced any physical punishment and/or psychological aggression by caregivers,_T: Total,Y5T9: 5 to 9 years old,_T: Total,_T: Total,_T: Total,_T: Total,2017,74.9,,PCNT: %,,,RP: Reported,F: Free,DHS 2017,,,,,End of fieldwork,2017,0: Not Known,
UNICEF:PT(1.0): Child Protection,TJK: Tajikistan,PT_CHLD_1-14_PS-PSY-V_CGVR: Percentage of children (aged 1-14 years) who experienced any physical punishment and/or psychological aggression by caregivers,_T: Total,Y10T14: 10 to 14 years old,_T: Total,_T: Total,_T: Total,_T: Total,2017,70.5,,PCNT: %,,,RP: Reported,F: Free,DHS 2017,,,,,End of fieldwork,2017,0: Not Known,
UNICEF:PT(1.0): Child Protection,TJK: Tajikistan,PT_CHLD_1-14_PS-PSY-V_CGVR: Percentage of children (aged 1-14 years) who experienced any physical punishment and/or psychological aggression by caregivers,_T: Total,Y1T14: 1 to 14 years old,_T: Total,Q1: Lowest,_T: Total,_T: Total,2017,74.2,,PCNT: %,,,RP: Reported,F: Free,DHS 2017,,,,,End of fieldwork,2017,0: Not Known,
UNICEF:PT(1.0): Child Protection,TJK: Tajikistan,PT_CHLD_1-14_PS-PSY-V_CGVR: Percentage of children (aged 1-14 years) who experienced any physical punishment and/or psychological aggression by caregivers,_T: Total,Y1T14: 1 to 14 years old,_T: Total,Q2: Second,_T: Total,_T: Total,2017,71,,PCNT: %,,,RP: Reported,F: Free,DHS 2017,,,,,End of fieldwork,2017,0: Not Known,
UNICEF:PT(1.0): Child Protection,TJK: Tajikistan,PT_CHLD_1-14_PS-PSY-V_CGVR: Percentage of children (aged 1-14 years) who experienced any physical punishment and/or psychological aggression by caregivers,_T: Total,Y1T14: 1 to 14 years old,_T: Total,Q3: Middle,_T: Total,_T: Total,2017,68.9,,PCNT: %,,,RP: Reported,F: Free,DHS 2017,,,,,End of fieldwork,2017,0: Not Known,
UNICEF:PT(1.0): Child Protection,TJK: Tajikistan,PT_CHLD_1-14_PS-PSY-V_CGVR: Percentage of children (aged 1-14 years) who experienced any physical punishment and/or psychological aggression by caregivers,_T: Total,Y1T14: 1 to 14 years old,_T: Total,Q4: Fourth,_T: Total,_T: Total,2017,64.2,,PCNT: %,,,RP: Reported,F: Free,DHS 2017,,,,,End of fieldwork,2017,0: Not Known,
UNICEF:PT(1.0): Child Protection,TJK: Tajikistan,PT_CHLD_1-14_PS-PSY-V_CGVR: Percentage of children (aged 1-14 years) who experienced any physical punishment and/or psychological aggression by caregivers,_T: Total,Y1T14: 1 to 14 years old,_T: Total,Q5: Highest,_T: Total,_T: Total,2017,65.6,,PCNT: %,,,RP: Reported,F: Free,DHS 2017,,,,,End of fieldwork,2017,0: Not Known,
UNICEF:PT(1.0): Child Protection,TJK: Tajikistan,PT_CHLD_1-14_PS-PSY-V_CGVR: Percentage of children (aged 1-14 years) who experienced any physical punishment and/or psychological aggression by caregivers,_T: Total,Y1T14: 1 to 14 years old,_T: Total,_T: Total,U: Urban,_T: Total,2017,65.5,,PCNT: %,,,RP: Reported,F: Free,DHS 2017,,,,,End of fieldwork,2017,0: Not Known,
UNICEF:PT(1.0): Child Protection,TJK: Tajikistan,PT_CHLD_1-14_PS-PSY-V_CGVR: Percentage of children (aged 1-14 years) who experienced any physical punishment and/or psychological aggression by caregivers,_T: Total,Y1T14: 1 to 14 years old,_T: Total,_T: Total,R: Rural,_T: Total,2017,70,,PCNT: %,,,RP: Reported,F: Free,DHS 2017,,,,,End of fieldwork,2017,0: Not Known,
UNICEF:PT(1.0): Child Protection,MKD: North Macedonia,PT_CHLD_1-14_PS-PSY-V_CGVR: Percentage of children (aged 1-14 years) who experienced any physical punishment and/or psychological aggression by caregivers,M: Male,Y2T14: 2 to 14 years old,_T: Total,_T: Total,_T: Total,_T: Total,2011,71,,PCNT: %,,,RP: Reported,F: Free,MICS 2011,,,,,End of fieldwork,2011,0: Not Known,
UNICEF:PT(1.0): Child Protection,MKD: North Macedonia,PT_CHLD_1-14_PS-PSY-V_CGVR: Percentage of children (aged 1-14 years) who experienced any physical punishment and/or psychological aggression by caregivers,F: Female,Y2T14: 2 to 14 years old,_T: Total,_T: Total,_T: Total,_T: Total,2011,67.4,,PCNT: %,,,RP: Reported,F: Free,MICS 2011,,,,,End of fieldwork,2011,0: Not Known,
UNICEF:PT(1.0): Child Protection,MKD: North Macedonia,PT_CHLD_1-14_PS-PSY-V_CGVR: Percentage of children (aged 1-14 years) who experienced any physical punishment and/or psychological aggression by caregivers,_T: Total,Y2T14: 2 to 14 years old,_T: Total,_T: Total,_T: Total,_T: Total,2011,69.3,,PCNT: %,,,RP: Reported,F: Free,MICS 2011,,,,,End of fieldwork,2011,0: Not Known,
UNICEF:PT(1.0): Child Protection,MKD: North Macedonia,PT_CHLD_1-14_PS-PSY-V_CGVR: Percentage of children (aged 1-14 years) who experienced any physical punishment and/or psychological aggression by caregivers,_T: Total,Y2T4: 2 to 4 years old,_T: Total,_T: Total,_T: Total,_T: Total,2011,68.8,,PCNT: %,,,RP: Reported,F: Free,MICS 2011,,,,,End of fieldwork,2011,0: Not Known,
UNICEF:PT(1.0): Child Protection,MKD: North Macedonia,PT_CHLD_1-14_PS-PSY-V_CGVR: Percentage of children (aged 1-14 years) who experienced any physical punishment and/or psychological aggression by caregivers,_T: Total,Y5T9: 5 to 9 years old,_T: Total,_T: Total,_T: Total,_T: Total,2011,73.3,,PCNT: %,,,RP: Reported,F: Free,MICS 2011,,,,,End of fieldwork,2011,0: Not Known,
UNICEF:PT(1.0): Child Protection,MKD: North Macedonia,PT_CHLD_1-14_PS-PSY-V_CGVR: Percentage of children (aged 1-14 years) who experienced any physical punishment and/or psychological aggression by caregivers,_T: Total,Y10T14: 10 to 14 years old,_T: Total,_T: Total,_T: Total,_T: Total,2011,65.5,,PCNT: %,,,RP: Reported,F: Free,MICS 2011,,,,,End of fieldwork,2011,0: Not Known,
UNICEF:PT(1.0): Child Protection,MKD: North Macedonia,PT_CHLD_1-14_PS-PSY-V_CGVR: Percentage of children (aged 1-14 years) who experienced any physical punishment and/or psychological aggression by caregivers,_T: Total,Y2T14: 2 to 14 years old,_T: Total,Q1: Lowest,_T: Total,_T: Total,2011,77.8,,PCNT: %,,,RP: Reported,F: Free,MICS 2011,,,,,End of fieldwork,2011,0: Not Known,
UNICEF:PT(1.0): Child Protection,MKD: North Macedonia,PT_CHLD_1-14_PS-PSY-V_CGVR: Percentage of children (aged 1-14 years) who experienced any physical punishment and/or psychological aggression by caregivers,_T: Total,Y2T14: 2 to 14 years old,_T: Total,Q2: Second,_T: Total,_T: Total,2011,66.4,,PCNT: %,,,RP: Reported,F: Free,MICS 2011,,,,,End of fieldwork,2011,0: Not Known,
UNICEF:PT(1.0): Child Protection,MKD: North Macedonia,PT_CHLD_1-14_PS-PSY-V_CGVR: Percentage of children (aged 1-14 years) who experienced any physical punishment and/or psychological aggression by caregivers,_T: Total,Y2T14: 2 to 14 years old,_T: Total,Q3: Middle,_T: Total,_T: Total,2011,67.9,,PCNT: %,,,RP: Reported,F: Free,MICS 2011,,,,,End of fieldwork,2011,0: Not Known,
UNICEF:PT(1.0): Child Protection,MKD: North Macedonia,PT_CHLD_1-14_PS-PSY-V_CGVR: Percentage of children (aged 1-14 years) who experienced any physical punishment and/or psychological aggression by caregivers,_T: Total,Y2T14: 2 to 14 years old,_T: Total,Q4: Fourth,_T: Total,_T: Total,2011,64.8,,PCNT: %,,,RP: Reported,F: Free,MICS 2011,,,,,End of fieldwork,2011,0: Not Known,
UNICEF:PT(1.0): Child Protection,MKD: North Macedonia,PT_CHLD_1-14_PS-PSY-V_CGVR: Percentage of children (aged 1-14 years) who experienced any physical punishment and/or psychological aggression by caregivers,_T: Total,Y2T14: 2 to 14 years old,_T: Total,Q5: Highest,_T: Total,_T: Total,2011,68.9,,PCNT: %,,,RP: Reported,F: Free,MICS 2011,,,,,End of fieldwork,2011,0: Not Known,
UNICEF:PT(1.0): Child Protection,MKD: North Macedonia,PT_CHLD_1-14_PS-PSY-V_CGVR: Percentage of children (aged 1-14 years) who experienced any physical punishment and/or psychological aggression by caregivers,_T: Total,Y2T14: 2 to 14 years old,_T: Total,_T: Total,U: Urban,_T: Total,2011,66.7,,PCNT: %,,,RP: Reported,F: Free,MICS 2011,,,,,End of fieldwork,2011,0: Not Known,
UNICEF:PT(1.0): Child Protection,MKD: North Macedonia,PT_CHLD_1-14_PS-PSY-V_CGVR: Percentage of children (aged 1-14 years) who experienced any physical punishment and/or psychological aggression by caregivers,_T: Total,Y2T14: 2 to 14 years old,_T: Total,_T: Total,R: Rural,_T: Total,2011,72.1,,PCNT: %,,,RP: Reported,F: Free,MICS 2011,,,,,End of fieldwork,2011,0: Not Known,
UNICEF:PT(1.0): Child Protection,TKM: Turkmenistan,PT_CHLD_1-14_PS-PSY-V_CGVR: Percentage of children (aged 1-14 years) who experienced any physical punishment and/or psychological aggression by caregivers,M: Male,Y1T14: 1 to 14 years old,_T: Total,_T: Total,_T: Total,_T: Total,2016,38.8,,PCNT: %,,,RP: Reported,F: Free,MICS 2015-16,,,,,End of fieldwork,2015-16,0: Not Known,Data should be interpreted with caution since levels of violent discipline are lower than expected due to some data quality issues that arose early in the fieldwork
UNICEF:PT(1.0): Child Protection,TKM: Turkmenistan,PT_CHLD_1-14_PS-PSY-V_CGVR: Percentage of children (aged 1-14 years) who experienced any physical punishment and/or psychological aggression by caregivers,F: Female,Y1T14: 1 to 14 years old,_T: Total,_T: Total,_T: Total,_T: Total,2016,34.1,,PCNT: %,,,RP: Reported,F: Free,MICS 2015-16,,,,,End of fieldwork,2015-16,0: Not Known,Data should be interpreted with caution since levels of violent discipline are lower than expected due to some data quality issues that arose early in the fieldwork
UNICEF:PT(1.0): Child Protection,TKM: Turkmenistan,PT_CHLD_1-14_PS-PSY-V_CGVR: Percentage of children (aged 1-14 years) who experienced any physical punishment and/or psychological aggression by caregivers,_T: Total,Y1T14: 1 to 14 years old,_T: Total,_T: Total,_T: Total,_T: Total,2016,37,,PCNT: %,,,RP: Reported,F: Free,MICS 2015-16,,,,,End of fieldwork,2015-16,0: Not Known,Data should be interpreted with caution since levels of violent discipline are lower than expected due to some data quality issues that arose early in the fieldwork
UNICEF:PT(1.0): Child Protection,UKR: Ukraine,PT_CHLD_1-14_PS-PSY-V_CGVR: Percentage of children (aged 1-14 years) who experienced any physical punishment and/or psychological aggression by caregivers,M: Male,Y2T14: 2 to 14 years old,_T: Total,_T: Total,_T: Total,_T: Total,2012,67.6,,PCNT: %,,,RP: Reported,F: Free,MICS 2012,,,,,End of fieldwork,2012,0: Not Known,
UNICEF:PT(1.0): Child Protection,UKR: Ukraine,PT_CHLD_1-14_PS-PSY-V_CGVR: Percentage of children (aged 1-14 years) who experienced any physical punishment and/or psychological aggression by caregivers,F: Female,Y2T14: 2 to 14 years old,_T: Total,_T: Total,_T: Total,_T: Total,2012,54.9,,PCNT: %,,,RP: Reported,F: Free,MICS 2012,,,,,End of fieldwork,2012,0: Not Known,
UNICEF:PT(1.0): Child Protection,UKR: Ukraine,PT_CHLD_1-14_PS-PSY-V_CGVR: Percentage of children (aged 1-14 years) who experienced any physical punishment and/or psychological aggression by caregivers,_T: Total,Y2T14: 2 to 14 years old,_T: Total,_T: Total,_T: Total,_T: Total,2012,61.2,,PCNT: %,,,RP: Reported,F: Free,MICS 2012,,,,,End of fieldwork,2012,0: Not Known,
UNICEF:PT(1.0): Child Protection,UKR: Ukraine,PT_CHLD_1-14_PS-PSY-V_CGVR: Percentage of children (aged 1-14 years) who experienced any physical punishment and/or psychological aggression by caregivers,_T: Total,Y2T4: 2 to 4 years old,_T: Total,_T: Total,_T: Total,_T: Total,2012,52.5,,PCNT: %,,,RP: Reported,F: Free,MICS 2012,,,,,End of fieldwork,2012,0: Not Known,
UNICEF:PT(1.0): Child Protection,UKR: Ukraine,PT_CHLD_1-14_PS-PSY-V_CGVR: Percentage of children (aged 1-14 years) who experienced any physical punishment and/or psychological aggression by caregivers,_T: Total,Y5T9: 5 to 9 years old,_T: Total,_T: Total,_T: Total,_T: Total,2012,63.4,,PCNT: %,,,RP: Reported,F: Free,MICS 2012,,,,,End of fieldwork,2012,0: Not Known,
UNICEF:PT(1.0): Child Protection,UKR: Ukraine,PT_CHLD_1-14_PS-PSY-V_CGVR: Percentage of children (aged 1-14 years) who experienced any physical punishment and/or psychological aggression by caregivers,_T: Total,Y10T14: 10 to 14 years old,_T: Total,_T: Total,_T: Total,_T: Total,2012,65.5,,PCNT: %,,,RP: Reported,F: Free,MICS 2012,,,,,End of fieldwork,2012,0: Not Known,
UNICEF:PT(1.0): Child Protection,UKR: Ukraine,PT_CHLD_1-14_PS-PSY-V_CGVR: Percentage of children (aged 1-14 years) who experienced any physical punishment and/or psychological aggression by caregivers,_T: Total,Y2T14: 2 to 14 years old,_T: Total,Q1: Lowest,_T: Total,_T: Total,2012,61.6,,PCNT: %,,,RP: Reported,F: Free,MICS 2012,,,,,End of fieldwork,2012,0: Not Known,
UNICEF:PT(1.0): Child Protection,UKR: Ukraine,PT_CHLD_1-14_PS-PSY-V_CGVR: Percentage of children (aged 1-14 years) who experienced any physical punishment and/or psychological aggression by caregivers,_T: Total,Y2T14: 2 to 14 years old,_T: Total,Q2: Second,_T: Total,_T: Total,2012,60.5,,PCNT: %,,,RP: Reported,F: Free,MICS 2012,,,,,End of fieldwork,2012,0: Not Known,
UNICEF:PT(1.0): Child Protection,UKR: Ukraine,PT_CHLD_1-14_PS-PSY-V_CGVR: Percentage of children (aged 1-14 years) who experienced any physical punishment and/or psychological aggression by caregivers,_T: Total,Y2T14: 2 to 14 years old,_T: Total,Q3: Middle,_T: Total,_T: Total,2012,56.4,,PCNT: %,,,RP: Reported,F: Free,MICS 2012,,,,,End of fieldwork,2012,0: Not Known,
UNICEF:PT(1.0): Child Protection,UKR: Ukraine,PT_CHLD_1-14_PS-PSY-V_CGVR: Percentage of children (aged 1-14 years) who experienced any physical punishment and/or psychological aggression by caregivers,_T: Total,Y2T14: 2 to 14 years old,_T: Total,Q4: Fourth,_T: Total,_T: Total,2012,67.1,,PCNT: %,,,RP: Reported,F: Free,MICS 2012,,,,,End of fieldwork,2012,0: Not Known,
UNICEF:PT(1.0): Child Protection,UKR: Ukraine,PT_CHLD_1-14_PS-PSY-V_CGVR: Percentage of children (aged 1-14 years) who experienced any physical punishment and/or psychological aggression by caregivers,_T: Total,Y2T14: 2 to 14 years old,_T: Total,Q5: Highest,_T: Total,_T: Total,2012,60.4,,PCNT: %,,,RP: Reported,F: Free,MICS 2012,,,,,End of fieldwork,2012,0: Not Known,
UNICEF:PT(1.0): Child Protection,UKR: Ukraine,PT_CHLD_1-14_PS-PSY-V_CGVR: Percentage of children (aged 1-14 years) who experienced any physical punishment and/or psychological aggression by caregivers,_T: Total,Y2T14: 2 to 14 years old,_T: Total,_T: Total,U: Urban,_T: Total,2012,59.4,,PCNT: %,,,RP: Reported,F: Free,MICS 2012,,,,,End of fieldwork,2012,0: Not Known,
UNICEF:PT(1.0): Child Protection,UKR: Ukraine,PT_CHLD_1-14_PS-PSY-V_CGVR: Percentage of children (aged 1-14 years) who experienced any physical punishment and/or psychological aggression by caregivers,_T: Total,Y2T14: 2 to 14 years old,_T: Total,_T: Total,R: Rural,_T: Total,2012,65.2,,PCNT: %,,,RP: Reported,F: Free,MICS 2012,,,,,End of fieldwork,2012,0: Not Known,
UNICEF:PT(1.0): Child Protection,KGZ: Kyrgyzstan,PT_CHLD_1-14_PS-PSY-V_CGVR: Percentage of children (aged 1-14 years) who experienced any physical punishment and/or psychological aggression by caregivers,_T: Total,Y1T14: 1 to 14 years old,_T: Total,_T: Total,_T: Total,_T: Total,2018,74.3,,PCNT: %,,,RP: Reported,F: Free,MICS 2018,,,,,End of fieldwork,2018,0: Not Known,
UNICEF:PT(1.0): Child Protection,KGZ: Kyrgyzstan,PT_CHLD_1-14_PS-PSY-V_CGVR: Percentage of children (aged 1-14 years) who experienced any physical punishment and/or psychological aggression by caregivers,M: Male,_T: Total,_T: Total,_T: Total,_T: Total,_T: Total,2018,75.5,,PCNT: %,,,RP: Reported,F: Free,MICS 2018,,,,,End of fieldwork,2018,0: Not Known,
UNICEF:PT(1.0): Child Protection,KGZ: Kyrgyzstan,PT_CHLD_1-14_PS-PSY-V_CGVR: Percentage of children (aged 1-14 years) who experienced any physical punishment and/or psychological aggression by caregivers,F: Female,_T: Total,_T: Total,_T: Total,_T: Total,_T: Total,2018,73,,PCNT: %,,,RP: Reported,F: Free,MICS 2018,,,,,End of fieldwork,2018,0: Not Known,
UNICEF:PT(1.0): Child Protection,KGZ: Kyrgyzstan,PT_CHLD_1-14_PS-PSY-V_CGVR: Percentage of children (aged 1-14 years) who experienced any physical punishment and/or psychological aggression by caregivers,_T: Total,Y1T2: 1 to 2 years old,_T: Total,_T: Total,_T: Total,_T: Total,2018,55.3,,PCNT: %,,,RP: Reported,F: Free,MICS 2018,,,,,End of fieldwork,2018,0: Not Known,
UNICEF:PT(1.0): Child Protection,KGZ: Kyrgyzstan,PT_CHLD_1-14_PS-PSY-V_CGVR: Percentage of children (aged 1-14 years) who experienced any physical punishment and/or psychological aggression by caregivers,_T: Total,Y3T4: 3 to 4 years old,_T: Total,_T: Total,_T: Total,_T: Total,2018,71.2,,PCNT: %,,,RP: Reported,F: Free,MICS 2018,,,,,End of fieldwork,2018,0: Not Known,
UNICEF:PT(1.0): Child Protection,KGZ: Kyrgyzstan,PT_CHLD_1-14_PS-PSY-V_CGVR: Percentage of children (aged 1-14 years) who experienced any physical punishment and/or psychological aggression by caregivers,_T: Total,Y5T9: 5 to 9 years old,_T: Total,_T: Total,_T: Total,_T: Total,2018,75.7,,PCNT: %,,,RP: Reported,F: Free,MICS 2018,,,,,End of fieldwork,2018,0: Not Known,
UNICEF:PT(1.0): Child Protection,KGZ: Kyrgyzstan,PT_CHLD_1-14_PS-PSY-V_CGVR: Percentage of children (aged 1-14 years) who experienced any physical punishment and/or psychological aggression by caregivers,_T: Total,Y10T14: 10 to 14 years old,_T: Total,_T: Total,_T: Total,_T: Total,2018,74.9,,PCNT: %,,,RP: Reported,F: Free,MICS 2018,,,,,End of fieldwork,2018,0: Not Known,
UNICEF:PT(1.0): Child Protection,KGZ: Kyrgyzstan,PT_CHLD_1-14_PS-PSY-V_CGVR: Percentage of children (aged 1-14 years) who experienced any physical punishment and/or psychological aggression by caregivers,_T: Total,_T: Total,_T: Total,Q1: Lowest,_T: Total,_T: Total,2018,70.9,,PCNT: %,,,RP: Reported,F: Free,MICS 2018,,,,,End of fieldwork,2018,0: Not Known,
UNICEF:PT(1.0): Child Protection,KGZ: Kyrgyzstan,PT_CHLD_1-14_PS-PSY-V_CGVR: Percentage of children (aged 1-14 years) who experienced any physical punishment and/or psychological aggression by caregivers,_T: Total,_T: Total,_T: Total,Q2: Second,_T: Total,_T: Total,2018,70.6,,PCNT: %,,,RP: Reported,F: Free,MICS 2018,,,,,End of fieldwork,2018,0: Not Known,
UNICEF:PT(1.0): Child Protection,KGZ: Kyrgyzstan,PT_CHLD_1-14_PS-PSY-V_CGVR: Percentage of children (aged 1-14 years) who experienced any physical punishment and/or psychological aggression by caregivers,_T: Total,_T: Total,_T: Total,Q3: Middle,_T: Total,_T: Total,2018,73.1,,PCNT: %,,,RP: Reported,F: Free,MICS 2018,,,,,End of fieldwork,2018,0: Not Known,
UNICEF:PT(1.0): Child Protection,KGZ: Kyrgyzstan,PT_CHLD_1-14_PS-PSY-V_CGVR: Percentage of children (aged 1-14 years) who experienced any physical punishment and/or psychological aggression by caregivers,_T: Total,_T: Total,_T: Total,Q4: Fourth,_T: Total,_T: Total,2018,81.4,,PCNT: %,,,RP: Reported,F: Free,MICS 2018,,,,,End of fieldwork,2018,0: Not Known,
UNICEF:PT(1.0): Child Protection,KGZ: Kyrgyzstan,PT_CHLD_1-14_PS-PSY-V_CGVR: Percentage of children (aged 1-14 years) who experienced any physical punishment and/or psychological aggression by caregivers,_T: Total,_T: Total,_T: Total,Q5: Highest,_T: Total,_T: Total,2018,77.4,,PCNT: %,,,RP: Reported,F: Free,MICS 2018,,,,,End of fieldwork,2018,0: Not Known,
UNICEF:PT(1.0): Child Protection,KGZ: Kyrgyzstan,PT_CHLD_1-14_PS-PSY-V_CGVR: Percentage of children (aged 1-14 years) who experienced any physical punishment and/or psychological aggression by caregivers,_T: Total,_T: Total,_T: Total,_T: Total,U: Urban,_T: Total,2018,76.9,,PCNT: %,,,RP: Reported,F: Free,MICS 2018,,,,,End of fieldwork,2018,0: Not Known,
UNICEF:PT(1.0): Child Protection,KGZ: Kyrgyzstan,PT_CHLD_1-14_PS-PSY-V_CGVR: Percentage of children (aged 1-14 years) who experienced any physical punishment and/or psychological aggression by caregivers,_T: Total,_T: Total,_T: Total,_T: Total,R: Rural,_T: Total,2018,73.1,,PCNT: %,,,RP: Reported,F: Free,MICS 2018,,,,,End of fieldwork,2018,0: Not Known,
UNICEF:PT(1.0): Child Protection,MNE: Montenegro,PT_CHLD_1-14_PS-PSY-V_CGVR: Percentage of children (aged 1-14 years) who experienced any physical punishment and/or psychological aggression by caregivers,_T: Total,Y1T14: 1 to 14 years old,_T: Total,_T: Total,_T: Total,_T: Total,2018,65.8,,PCNT: %,,,RP: Reported,F: Free,MICS 2018,,,,,End of fieldwork,2018,0: Not Known,
UNICEF:PT(1.0): Child Protection,MNE: Montenegro,PT_CHLD_1-14_PS-PSY-V_CGVR: Percentage of children (aged 1-14 years) who experienced any physical punishment and/or psychological aggression by caregivers,M: Male,_T: Total,_T: Total,_T: Total,_T: Total,_T: Total,2018,66.1,,PCNT: %,,,RP: Reported,F: Free,MICS 2018,,,,,End of fieldwork,2018,0: Not Known,
UNICEF:PT(1.0): Child Protection,MNE: Montenegro,PT_CHLD_1-14_PS-PSY-V_CGVR: Percentage of children (aged 1-14 years) who experienced any physical punishment and/or psychological aggression by caregivers,F: Female,_T: Total,_T: Total,_T: Total,_T: Total,_T: Total,2018,65.5,,PCNT: %,,,RP: Reported,F: Free,MICS 2018,,,,,End of fieldwork,2018,0: Not Known,
UNICEF:PT(1.0): Child Protection,MNE: Montenegro,PT_CHLD_1-14_PS-PSY-V_CGVR: Percentage of children (aged 1-14 years) who experienced any physical punishment and/or psychological aggression by caregivers,_T: Total,Y1T2: 1 to 2 years old,_T: Total,_T: Total,_T: Total,_T: Total,2018,51.9,,PCNT: %,,,RP: Reported,F: Free,MICS 2018,,,,,End of fieldwork,2018,0: Not Known,
UNICEF:PT(1.0): Child Protection,MNE: Montenegro,PT_CHLD_1-14_PS-PSY-V_CGVR: Percentage of children (aged 1-14 years) who experienced any physical punishment and/or psychological aggression by caregivers,_T: Total,Y3T4: 3 to 4 years old,_T: Total,_T: Total,_T: Total,_T: Total,2018,71.1,,PCNT: %,,,RP: Reported,F: Free,MICS 2018,,,,,End of fieldwork,2018,0: Not Known,
UNICEF:PT(1.0): Child Protection,MNE: Montenegro,PT_CHLD_1-14_PS-PSY-V_CGVR: Percentage of children (aged 1-14 years) who experienced any physical punishment and/or psychological aggression by caregivers,_T: Total,Y5T9: 5 to 9 years old,_T: Total,_T: Total,_T: Total,_T: Total,2018,75.3,,PCNT: %,,,RP: Reported,F: Free,MICS 2018,,,,,End of fieldwork,2018,0: Not Known,
UNICEF:PT(1.0): Child Protection,MNE: Montenegro,PT_CHLD_1-14_PS-PSY-V_CGVR: Percentage of children (aged 1-14 years) who experienced any physical punishment and/or psychological aggression by caregivers,_T: Total,Y10T14: 10 to 14 years old,_T: Total,_T: Total,_T: Total,_T: Total,2018,61.1,,PCNT: %,,,RP: Reported,F: Free,MICS 2018,,,,,End of fieldwork,2018,0: Not Known,
UNICEF:PT(1.0): Child Protection,MNE: Montenegro,PT_CHLD_1-14_PS-PSY-V_CGVR: Percentage of children (aged 1-14 years) who experienced any physical punishment and/or psychological aggression by caregivers,_T: Total,_T: Total,_T: Total,Q1: Lowest,_T: Total,_T: Total,2018,63.6,,PCNT: %,,,RP: Reported,F: Free,MICS 2018,,,,,End of fieldwork,2018,0: Not Known,
UNICEF:PT(1.0): Child Protection,MNE: Montenegro,PT_CHLD_1-14_PS-PSY-V_CGVR: Percentage of children (aged 1-14 years) who experienced any physical punishment and/or psychological aggression by caregivers,_T: Total,_T: Total,_T: Total,Q2: Second,_T: Total,_T: Total,2018,61.7,,PCNT: %,,,RP: Reported,F: Free,MICS 2018,,,,,End of fieldwork,2018,0: Not Known,
UNICEF:PT(1.0): Child Protection,MNE: Montenegro,PT_CHLD_1-14_PS-PSY-V_CGVR: Percentage of children (aged 1-14 years) who experienced any physical punishment and/or psychological aggression by caregivers,_T: Total,_T: Total,_T: Total,Q3: Middle,_T: Total,_T: Total,2018,67,,PCNT: %,,,RP: Reported,F: Free,MICS 2018,,,,,End of fieldwork,2018,0: Not Known,
UNICEF:PT(1.0): Child Protection,MNE: Montenegro,PT_CHLD_1-14_PS-PSY-V_CGVR: Percentage of children (aged 1-14 years) who experienced any physical punishment and/or psychological aggression by caregivers,_T: Total,_T: Total,_T: Total,Q4: Fourth,_T: Total,_T: Total,2018,66.8,,PCNT: %,,,RP: Reported,F: Free,MICS 2018,,,,,End of fieldwork,2018,0: Not Known,
UNICEF:PT(1.0): Child Protection,MNE: Montenegro,PT_CHLD_1-14_PS-PSY-V_CGVR: Percentage of children (aged 1-14 years) who experienced any physical punishment and/or psychological aggression by caregivers,_T: Total,_T: Total,_T: Total,Q5: Highest,_T: Total,_T: Total,2018,69.3,,PCNT: %,,,RP: Reported,F: Free,MICS 2018,,,,,End of fieldwork,2018,0: Not Known,
UNICEF:PT(1.0): Child Protection,MNE: Montenegro,PT_CHLD_1-14_PS-PSY-V_CGVR: Percentage of children (aged 1-14 years) who experienced any physical punishment and/or psychological aggression by caregivers,_T: Total,_T: Total,_T: Total,_T: Total,U: Urban,_T: Total,2018,66.8,,PCNT: %,,,RP: Reported,F: Free,MICS 2018,,,,,End of fieldwork,2018,0: Not Known,
UNICEF:PT(1.0): Child Protection,MNE: Montenegro,PT_CHLD_1-14_PS-PSY-V_CGVR: Percentage of children (aged 1-14 years) who experienced any physical punishment and/or psychological aggression by caregivers,_T: Total,_T: Total,_T: Total,_T: Total,R: Rural,_T: Total,2018,63.8,,PCNT: %,,,RP: Reported,F: Free,MICS 2018,,,,,End of fieldwork,2018,0: Not Known,
