Dataflow,REF_AREA,UNICEF_INDICATOR,SEX,AGE,RESIDENCE,WEALTH_QUINTILE,TIME_PERIOD,OBS_VALUE,UNIT_MEASURE,OBS_FOOTNOTE,FREQ,DATA_SOURCE,UNIT_MULTIPLIER,OBS_STATUS
ECARO:TRANSMONEE(1.0),AL,EDUNF_GECER_L02,_T,_T,_T,_T,1998,40.52646,PCNT,,A,UIS: EDUNF_GECER_L02,0,A
ECARO:TRANSMONEE(1.0),AL,EDUNF_GECER_L02,_T,_T,_T,_T,1999,42.31086,PCNT,,A,UIS: EDUNF_GECER_L02,0,A
ECARO:TRANSMONEE(1.0),AL,EDUNF_GECER_L02,_T,_T,_T,_T,2000,44.13253,PCNT,,A,UIS: EDUNF_GECER_L02,0,A
ECARO:TRANSMONEE(1.0),AL,EDUNF_GECER_L02,_T,_T,_T,_T,2001,45.23442,PCNT,,A,UIS: EDUNF_GECER_L02,0,A
ECARO:TRANSMONEE(1.0),AL,EDUNF_GECER_L02,_T,_T,_T,_T,2002,44.79487,PCNT,,A,UIS: EDUNF_GECER_L02,0,A
ECARO:TRANSMONEE(1.0),AL,EDUNF_GECER_L02,_T,_T,_T,_T,2003,48.33761,PCNT,,A,UIS: EDUNF_GECER_L02,0,A
ECARO:TRANSMONEE(1.0),AL,EDUNF_GECER_L02,_T,_T,_T,_T,2004,49.66252,PCNT,,A,UIS: EDUNF_GECER_L02,0,A
ECARO:TRANSMONEE(1.0),AL,EDUNF_GECER_L02,_T,_T,_T,_T,2005,51.28998,PCNT,,A,UIS: EDUNF_GECER_L02,0,A
ECARO:TRANSMONEE(1.0),AL,EDUNF_GECER_L02,_T,_T,_T,_T,2006,53.76874,PCNT,,A,UIS: EDUNF_GECER_L02,0,A
ECARO:TRANSMONEE(1.0),AL,EDUNF_GECER_L02,_T,_T,_T,_T,2007,54.83866,PCNT,,A,UIS: EDUNF_GECER_L02,0,A
ECARO:TRANSMONEE(1.0),AL,EDUNF_GECER_L02,_T,_T,_T,_T,2008,58.60956,PCNT,,A,UIS: EDUNF_GECER_L02,0,A
ECARO:TRANSMONEE(1.0),AL,EDUNF_GECER_L02,_T,_T,_T,_T,2009,61.71825,PCNT,,A,UIS: EDUNF_GECER_L02,0,A
ECARO:TRANSMONEE(1.0),AL,EDUNF_GECER_L02,_T,_T,_T,_T,2010,65.03855,PCNT,,A,UIS: EDUNF_GECER_L02,0,A
ECARO:TRANSMONEE(1.0),AL,EDUNF_GECER_L02,_T,_T,_T,_T,2011,70.00330,PCNT,,A,UIS: EDUNF_GECER_L02,0,A
ECARO:TRANSMONEE(1.0),AL,EDUNF_GECER_L02,_T,_T,_T,_T,2012,77.32688,PCNT,,A,UIS: EDUNF_GECER_L02,0,A
ECARO:TRANSMONEE(1.0),AL,EDUNF_GECER_L02,_T,_T,_T,_T,2013,48.84838,PCNT,,A,UIS: EDUNF_GECER_L02,0,A
ECARO:TRANSMONEE(1.0),AL,EDUNF_GECER_L02,_T,_T,_T,_T,2014,49.26092,PCNT,,A,UIS: EDUNF_GECER_L02,0,A
ECARO:TRANSMONEE(1.0),AL,EDUNF_GECER_L02,_T,_T,_T,_T,2015,50.32700,PCNT,,A,UIS: EDUNF_GECER_L02,0,A
ECARO:TRANSMONEE(1.0),AL,EDUNF_GECER_L02,_T,_T,_T,_T,2016,50.59460,PCNT,,A,UIS: EDUNF_GECER_L02,0,A
ECARO:TRANSMONEE(1.0),AL,EDUNF_GECER_L02,_T,_T,_T,_T,2017,47.76904,PCNT,,A,UIS: EDUNF_GECER_L02,0,A
ECARO:TRANSMONEE(1.0),AL,EDUNF_GECER_L02,_T,_T,_T,_T,2018,46.97922,PCNT,,A,UIS: EDUNF_GECER_L02,0,A
ECARO:TRANSMONEE(1.0),AM,EDUNF_GECER_L02,_T,_T,_T,_T,1998,28.92230,PCNT,,A,UIS: EDUNF_GECER_L02,0,A
ECARO:TRANSMONEE(1.0),AM,EDUNF_GECER_L02,_T,_T,_T,_T,1999,26.25673,PCNT,,A,UIS: EDUNF_GECER_L02,0,A
ECARO:TRANSMONEE(1.0),AM,EDUNF_GECER_L02,_T,_T,_T,_T,2000,26.31642,PCNT,,A,UIS: EDUNF_GECER_L02,0,A
ECARO:TRANSMONEE(1.0),AM,EDUNF_GECER_L02,_T,_T,_T,_T,2001,24.86084,PCNT,,A,UIS: EDUNF_GECER_L02,0,A
ECARO:TRANSMONEE(1.0),AM,EDUNF_GECER_L02,_T,_T,_T,_T,2002,25.72026,PCNT,,A,UIS: EDUNF_GECER_L02,0,A
ECARO:TRANSMONEE(1.0),AM,EDUNF_GECER_L02,_T,_T,_T,_T,2003,28.25854,PCNT,,A,UIS: EDUNF_GECER_L02,0,A
ECARO:TRANSMONEE(1.0),AM,EDUNF_GECER_L02,_T,_T,_T,_T,2004,31.30010,PCNT,,A,UIS: EDUNF_GECER_L02,0,A
ECARO:TRANSMONEE(1.0),AM,EDUNF_GECER_L02,_T,_T,_T,_T,2005,32.09145,PCNT,,A,UIS: EDUNF_GECER_L02,0,A
ECARO:TRANSMONEE(1.0),AM,EDUNF_GECER_L02,_T,_T,_T,_T,2006,35.06798,PCNT,,A,UIS: EDUNF_GECER_L02,0,A
ECARO:TRANSMONEE(1.0),AM,EDUNF_GECER_L02,_T,_T,_T,_T,2007,34.65986,PCNT,,A,UIS: EDUNF_GECER_L02,0,A
ECARO:TRANSMONEE(1.0),AM,EDUNF_GECER_L02,_T,_T,_T,_T,2008,35.79373,PCNT,,A,UIS: EDUNF_GECER_L02,0,A
ECARO:TRANSMONEE(1.0),AM,EDUNF_GECER_L02,_T,_T,_T,_T,2009,37.09371,PCNT,,A,UIS: EDUNF_GECER_L02,0,A
ECARO:TRANSMONEE(1.0),AM,EDUNF_GECER_L02,_T,_T,_T,_T,2010,36.99861,PCNT,,A,UIS: EDUNF_GECER_L02,0,A
ECARO:TRANSMONEE(1.0),AM,EDUNF_GECER_L02,_T,_T,_T,_T,2011,51.96393,PCNT,,A,UIS: EDUNF_GECER_L02,0,A
ECARO:TRANSMONEE(1.0),AM,EDUNF_GECER_L02,_T,_T,_T,_T,2012,54.94859,PCNT,,A,UIS: EDUNF_GECER_L02,0,A
ECARO:TRANSMONEE(1.0),AM,EDUNF_GECER_L02,_T,_T,_T,_T,2013,49.82858,PCNT,,A,UIS: EDUNF_GECER_L02,0,A
ECARO:TRANSMONEE(1.0),AM,EDUNF_GECER_L02,_T,_T,_T,_T,2014,49.46956,PCNT,,A,UIS: EDUNF_GECER_L02,0,A
ECARO:TRANSMONEE(1.0),AM,EDUNF_GECER_L02,_T,_T,_T,_T,2015,51.54290,PCNT,,A,UIS: EDUNF_GECER_L02,0,A
ECARO:TRANSMONEE(1.0),AM,EDUNF_GECER_L02,_T,_T,_T,_T,2016,50.77103,PCNT,,A,UIS: EDUNF_GECER_L02,0,A
ECARO:TRANSMONEE(1.0),AM,EDUNF_GECER_L02,_T,_T,_T,_T,2017,50.63231,PCNT,,A,UIS: EDUNF_GECER_L02,0,A
ECARO:TRANSMONEE(1.0),AM,EDUNF_GECER_L02,_T,_T,_T,_T,2018,38.02129,PCNT,,A,UIS: EDUNF_GECER_L02,0,A
ECARO:TRANSMONEE(1.0),AZ,EDUNF_GECER_L02,_T,_T,_T,_T,1998,10.58516,PCNT,,A,UIS: EDUNF_GECER_L02,0,A
ECARO:TRANSMONEE(1.0),AZ,EDUNF_GECER_L02,_T,_T,_T,_T,1999,11.72181,PCNT,,A,UIS: EDUNF_GECER_L02,0,E
ECARO:TRANSMONEE(1.0),AZ,EDUNF_GECER_L02,_T,_T,_T,_T,2000,12.21887,PCNT,,A,UIS: EDUNF_GECER_L02,0,E
ECARO:TRANSMONEE(1.0),AZ,EDUNF_GECER_L02,_T,_T,_T,_T,2001,13.05513,PCNT,,A,UIS: EDUNF_GECER_L02,0,E
ECARO:TRANSMONEE(1.0),AZ,EDUNF_GECER_L02,_T,_T,_T,_T,2002,14.09197,PCNT,,A,UIS: EDUNF_GECER_L02,0,E
ECARO:TRANSMONEE(1.0),AZ,EDUNF_GECER_L02,_T,_T,_T,_T,2003,15.11095,PCNT,,A,UIS: EDUNF_GECER_L02,0,E
ECARO:TRANSMONEE(1.0),AZ,EDUNF_GECER_L02,_T,_T,_T,_T,2004,15.71765,PCNT,,A,UIS: EDUNF_GECER_L02,0,E
ECARO:TRANSMONEE(1.0),AZ,EDUNF_GECER_L02,_T,_T,_T,_T,2005,16.21859,PCNT,,A,UIS: EDUNF_GECER_L02,0,E
ECARO:TRANSMONEE(1.0),AZ,EDUNF_GECER_L02,_T,_T,_T,_T,2006,16.67971,PCNT,,A,UIS: EDUNF_GECER_L02,0,E
ECARO:TRANSMONEE(1.0),AZ,EDUNF_GECER_L02,_T,_T,_T,_T,2007,16.31844,PCNT,,A,UIS: EDUNF_GECER_L02,0,E
ECARO:TRANSMONEE(1.0),AZ,EDUNF_GECER_L02,_T,_T,_T,_T,2008,14.87277,PCNT,,A,UIS: EDUNF_GECER_L02,0,E
ECARO:TRANSMONEE(1.0),AZ,EDUNF_GECER_L02,_T,_T,_T,_T,2009,14.19794,PCNT,,A,UIS: EDUNF_GECER_L02,0,E
ECARO:TRANSMONEE(1.0),AZ,EDUNF_GECER_L02,_T,_T,_T,_T,2010,14.55256,PCNT,,A,UIS: EDUNF_GECER_L02,0,E
ECARO:TRANSMONEE(1.0),AZ,EDUNF_GECER_L02,_T,_T,_T,_T,2011,14.60167,PCNT,,A,UIS: EDUNF_GECER_L02,0,E
ECARO:TRANSMONEE(1.0),AZ,EDUNF_GECER_L02,_T,_T,_T,_T,2012,13.86764,PCNT,,A,UIS: EDUNF_GECER_L02,0,E
ECARO:TRANSMONEE(1.0),AZ,EDUNF_GECER_L02,_T,_T,_T,_T,2013,14.34179,PCNT,,A,UIS: EDUNF_GECER_L02,0,E
ECARO:TRANSMONEE(1.0),AZ,EDUNF_GECER_L02,_T,_T,_T,_T,2014,13.22052,PCNT,,A,UIS: EDUNF_GECER_L02,0,E
ECARO:TRANSMONEE(1.0),AZ,EDUNF_GECER_L02,_T,_T,_T,_T,2015,14.00444,PCNT,,A,UIS: EDUNF_GECER_L02,0,E
ECARO:TRANSMONEE(1.0),AZ,EDUNF_GECER_L02,_T,_T,_T,_T,2016,13.64859,PCNT,,A,UIS: EDUNF_GECER_L02,0,E
ECARO:TRANSMONEE(1.0),AZ,EDUNF_GECER_L02,_T,_T,_T,_T,2017,21.88819,PCNT,,A,UIS: EDUNF_GECER_L02,0,E
ECARO:TRANSMONEE(1.0),AZ,EDUNF_GECER_L02,_T,_T,_T,_T,2018,24.35902,PCNT,,A,UIS: EDUNF_GECER_L02,0,E
ECARO:TRANSMONEE(1.0),BG,EDUNF_GECER_L02,_T,_T,_T,_T,1998,63.75160,PCNT,,A,UIS: EDUNF_GECER_L02,0,A
ECARO:TRANSMONEE(1.0),BG,EDUNF_GECER_L02,_T,_T,_T,_T,1999,67.95798,PCNT,,A,UIS: EDUNF_GECER_L02,0,A
ECARO:TRANSMONEE(1.0),BG,EDUNF_GECER_L02,_T,_T,_T,_T,2000,69.88683,PCNT,,A,UIS: EDUNF_GECER_L02,0,A
ECARO:TRANSMONEE(1.0),BG,EDUNF_GECER_L02,_T,_T,_T,_T,2001,69.89741,PCNT,,A,UIS: EDUNF_GECER_L02,0,A
ECARO:TRANSMONEE(1.0),BG,EDUNF_GECER_L02,_T,_T,_T,_T,2002,73.59438,PCNT,,A,UIS: EDUNF_GECER_L02,0,A
ECARO:TRANSMONEE(1.0),BG,EDUNF_GECER_L02,_T,_T,_T,_T,2003,78.36426,PCNT,,A,UIS: EDUNF_GECER_L02,0,A
ECARO:TRANSMONEE(1.0),BG,EDUNF_GECER_L02,_T,_T,_T,_T,2004,81.69785,PCNT,,A,UIS: EDUNF_GECER_L02,0,A
ECARO:TRANSMONEE(1.0),BG,EDUNF_GECER_L02,_T,_T,_T,_T,2005,84.47380,PCNT,,A,UIS: EDUNF_GECER_L02,0,A
ECARO:TRANSMONEE(1.0),BG,EDUNF_GECER_L02,_T,_T,_T,_T,2006,86.89111,PCNT,,A,UIS: EDUNF_GECER_L02,0,A
ECARO:TRANSMONEE(1.0),BG,EDUNF_GECER_L02,_T,_T,_T,_T,2007,85.03930,PCNT,,A,UIS: EDUNF_GECER_L02,0,A
ECARO:TRANSMONEE(1.0),BG,EDUNF_GECER_L02,_T,_T,_T,_T,2008,82.08126,PCNT,,A,UIS: EDUNF_GECER_L02,0,A
ECARO:TRANSMONEE(1.0),BG,EDUNF_GECER_L02,_T,_T,_T,_T,2009,80.36389,PCNT,,A,UIS: EDUNF_GECER_L02,0,A
ECARO:TRANSMONEE(1.0),BG,EDUNF_GECER_L02,_T,_T,_T,_T,2010,80.42123,PCNT,,A,UIS: EDUNF_GECER_L02,0,A
ECARO:TRANSMONEE(1.0),BG,EDUNF_GECER_L02,_T,_T,_T,_T,2011,80.55133,PCNT,,A,UIS: EDUNF_GECER_L02,0,A
ECARO:TRANSMONEE(1.0),BG,EDUNF_GECER_L02,_T,_T,_T,_T,2012,79.61549,PCNT,,A,UIS: EDUNF_GECER_L02,0,A
ECARO:TRANSMONEE(1.0),BG,EDUNF_GECER_L02,_T,_T,_T,_T,2013,79.61294,PCNT,,A,UIS: EDUNF_GECER_L02,0,A
ECARO:TRANSMONEE(1.0),BG,EDUNF_GECER_L02,_T,_T,_T,_T,2014,79.70017,PCNT,,A,UIS: EDUNF_GECER_L02,0,A
ECARO:TRANSMONEE(1.0),BG,EDUNF_GECER_L02,_T,_T,_T,_T,2015,79.74963,PCNT,,A,UIS: EDUNF_GECER_L02,0,A
ECARO:TRANSMONEE(1.0),BG,EDUNF_GECER_L02,_T,_T,_T,_T,2016,77.20578,PCNT,,A,UIS: EDUNF_GECER_L02,0,A
ECARO:TRANSMONEE(1.0),BG,EDUNF_GECER_L02,_T,_T,_T,_T,2017,76.96318,PCNT,,A,UIS: EDUNF_GECER_L02,0,A
ECARO:TRANSMONEE(1.0),BY,EDUNF_GECER_L02,_T,_T,_T,_T,1999,53.67780,PCNT,,A,UIS: EDUNF_GECER_L02,0,A
ECARO:TRANSMONEE(1.0),BY,EDUNF_GECER_L02,_T,_T,_T,_T,2000,53.69407,PCNT,,A,UIS: EDUNF_GECER_L02,0,A
ECARO:TRANSMONEE(1.0),BY,EDUNF_GECER_L02,_T,_T,_T,_T,2001,54.53313,PCNT,,A,UIS: EDUNF_GECER_L02,0,A
ECARO:TRANSMONEE(1.0),BY,EDUNF_GECER_L02,_T,_T,_T,_T,2002,56.24753,PCNT,,A,UIS: EDUNF_GECER_L02,0,A
ECARO:TRANSMONEE(1.0),BY,EDUNF_GECER_L02,_T,_T,_T,_T,2003,56.55469,PCNT,,A,UIS: EDUNF_GECER_L02,0,A
ECARO:TRANSMONEE(1.0),BY,EDUNF_GECER_L02,_T,_T,_T,_T,2004,58.42270,PCNT,,A,UIS: EDUNF_GECER_L02,0,A
ECARO:TRANSMONEE(1.0),BY,EDUNF_GECER_L02,_T,_T,_T,_T,2005,61.66673,PCNT,,A,UIS: EDUNF_GECER_L02,0,A
ECARO:TRANSMONEE(1.0),BY,EDUNF_GECER_L02,_T,_T,_T,_T,2006,62.13846,PCNT,,A,UIS: EDUNF_GECER_L02,0,A
ECARO:TRANSMONEE(1.0),BY,EDUNF_GECER_L02,_T,_T,_T,_T,2007,61.07209,PCNT,,A,UIS: EDUNF_GECER_L02,0,A
ECARO:TRANSMONEE(1.0),BY,EDUNF_GECER_L02,_T,_T,_T,_T,2008,59.84640,PCNT,,A,UIS: EDUNF_GECER_L02,0,A
ECARO:TRANSMONEE(1.0),BY,EDUNF_GECER_L02,_T,_T,_T,_T,2009,58.27014,PCNT,,A,UIS: EDUNF_GECER_L02,0,A
ECARO:TRANSMONEE(1.0),BY,EDUNF_GECER_L02,_T,_T,_T,_T,2010,75.33941,PCNT,,A,UIS: EDUNF_GECER_L02,0,A
ECARO:TRANSMONEE(1.0),BY,EDUNF_GECER_L02,_T,_T,_T,_T,2011,77.16021,PCNT,,A,UIS: EDUNF_GECER_L02,0,A
ECARO:TRANSMONEE(1.0),BY,EDUNF_GECER_L02,_T,_T,_T,_T,2012,75.48395,PCNT,,A,UIS: EDUNF_GECER_L02,0,A
ECARO:TRANSMONEE(1.0),BY,EDUNF_GECER_L02,_T,_T,_T,_T,2013,76.30574,PCNT,,A,UIS: EDUNF_GECER_L02,0,A
ECARO:TRANSMONEE(1.0),BY,EDUNF_GECER_L02,_T,_T,_T,_T,2014,75.70803,PCNT,,A,UIS: EDUNF_GECER_L02,0,A
ECARO:TRANSMONEE(1.0),BY,EDUNF_GECER_L02,_T,_T,_T,_T,2015,74.47078,PCNT,,A,UIS: EDUNF_GECER_L02,0,A
ECARO:TRANSMONEE(1.0),BY,EDUNF_GECER_L02,_T,_T,_T,_T,2016,72.71266,PCNT,,A,UIS: EDUNF_GECER_L02,0,A
ECARO:TRANSMONEE(1.0),BY,EDUNF_GECER_L02,_T,_T,_T,_T,2017,73.17407,PCNT,,A,UIS: EDUNF_GECER_L02,0,A
ECARO:TRANSMONEE(1.0),BY,EDUNF_GECER_L02,_T,_T,_T,_T,2018,73.90040,PCNT,,A,UIS: EDUNF_GECER_L02,0,A
ECARO:TRANSMONEE(1.0),CZ,EDUNF_GECER_L02,_T,_T,_T,_T,1997,88.04873,PCNT,,A,UIS: EDUNF_GECER_L02,0,A
ECARO:TRANSMONEE(1.0),CZ,EDUNF_GECER_L02,_T,_T,_T,_T,1998,88.09197,PCNT,,A,UIS: EDUNF_GECER_L02,0,A
ECARO:TRANSMONEE(1.0),CZ,EDUNF_GECER_L02,_T,_T,_T,_T,1999,90.20613,PCNT,,A,UIS: EDUNF_GECER_L02,0,A
ECARO:TRANSMONEE(1.0),CZ,EDUNF_GECER_L02,_T,_T,_T,_T,2000,90.25152,PCNT,,A,UIS: EDUNF_GECER_L02,0,A
ECARO:TRANSMONEE(1.0),CZ,EDUNF_GECER_L02,_T,_T,_T,_T,2001,91.26330,PCNT,,A,UIS: EDUNF_GECER_L02,0,A
ECARO:TRANSMONEE(1.0),CZ,EDUNF_GECER_L02,_T,_T,_T,_T,2002,97.20355,PCNT,,A,UIS: EDUNF_GECER_L02,0,A
ECARO:TRANSMONEE(1.0),CZ,EDUNF_GECER_L02,_T,_T,_T,_T,2003,106.57715,PCNT,,A,UIS: EDUNF_GECER_L02,0,A
ECARO:TRANSMONEE(1.0),CZ,EDUNF_GECER_L02,_T,_T,_T,_T,2004,115.49393,PCNT,,A,UIS: EDUNF_GECER_L02,0,A
ECARO:TRANSMONEE(1.0),CZ,EDUNF_GECER_L02,_T,_T,_T,_T,2005,116.44248,PCNT,,A,UIS: EDUNF_GECER_L02,0,A
ECARO:TRANSMONEE(1.0),CZ,EDUNF_GECER_L02,_T,_T,_T,_T,2006,113.86182,PCNT,,A,UIS: EDUNF_GECER_L02,0,A
ECARO:TRANSMONEE(1.0),CZ,EDUNF_GECER_L02,_T,_T,_T,_T,2007,110.12670,PCNT,,A,UIS: EDUNF_GECER_L02,0,A
ECARO:TRANSMONEE(1.0),CZ,EDUNF_GECER_L02,_T,_T,_T,_T,2008,105.21139,PCNT,,A,UIS: EDUNF_GECER_L02,0,A
ECARO:TRANSMONEE(1.0),CZ,EDUNF_GECER_L02,_T,_T,_T,_T,2009,101.70853,PCNT,,A,UIS: EDUNF_GECER_L02,0,A
ECARO:TRANSMONEE(1.0),CZ,EDUNF_GECER_L02,_T,_T,_T,_T,2010,102.28656,PCNT,,A,UIS: EDUNF_GECER_L02,0,A
ECARO:TRANSMONEE(1.0),CZ,EDUNF_GECER_L02,_T,_T,_T,_T,2011,103.58541,PCNT,,A,UIS: EDUNF_GECER_L02,0,A
ECARO:TRANSMONEE(1.0),CZ,EDUNF_GECER_L02,_T,_T,_T,_T,2012,103.93408,PCNT,,A,UIS: EDUNF_GECER_L02,0,A
ECARO:TRANSMONEE(1.0),CZ,EDUNF_GECER_L02,_T,_T,_T,_T,2013,104.19117,PCNT,,A,UIS: EDUNF_GECER_L02,0,A
ECARO:TRANSMONEE(1.0),CZ,EDUNF_GECER_L02,_T,_T,_T,_T,2014,104.42515,PCNT,,A,UIS: EDUNF_GECER_L02,0,A
ECARO:TRANSMONEE(1.0),CZ,EDUNF_GECER_L02,_T,_T,_T,_T,2015,105.16949,PCNT,,A,UIS: EDUNF_GECER_L02,0,A
ECARO:TRANSMONEE(1.0),CZ,EDUNF_GECER_L02,_T,_T,_T,_T,2016,105.29418,PCNT,,A,UIS: EDUNF_GECER_L02,0,A
ECARO:TRANSMONEE(1.0),CZ,EDUNF_GECER_L02,_T,_T,_T,_T,2017,106.41897,PCNT,,A,UIS: EDUNF_GECER_L02,0,A
ECARO:TRANSMONEE(1.0),EE,EDUNF_GECER_L02,_T,_T,_T,_T,1998,81.92325,PCNT,,A,UIS: EDUNF_GECER_L02,0,A
ECARO:TRANSMONEE(1.0),EE,EDUNF_GECER_L02,_T,_T,_T,_T,1999,89.80714,PCNT,,A,UIS: EDUNF_GECER_L02,0,A
ECARO:TRANSMONEE(1.0),EE,EDUNF_GECER_L02,_T,_T,_T,_T,2000,91.98249,PCNT,,A,UIS: EDUNF_GECER_L02,0,A
ECARO:TRANSMONEE(1.0),EE,EDUNF_GECER_L02,_T,_T,_T,_T,2013,50.00842,PCNT,,A,UIS: EDUNF_GECER_L02,0,A
ECARO:TRANSMONEE(1.0),EE,EDUNF_GECER_L02,_T,_T,_T,_T,2014,55.94910,PCNT,,A,UIS: EDUNF_GECER_L02,0,A
ECARO:TRANSMONEE(1.0),EE,EDUNF_GECER_L02,_T,_T,_T,_T,2015,56.48767,PCNT,,A,UIS: EDUNF_GECER_L02,0,A
ECARO:TRANSMONEE(1.0),EE,EDUNF_GECER_L02,_T,_T,_T,_T,2016,56.27864,PCNT,,A,UIS: EDUNF_GECER_L02,0,A
ECARO:TRANSMONEE(1.0),EE,EDUNF_GECER_L02,_T,_T,_T,_T,2017,57.01821,PCNT,,A,UIS: EDUNF_GECER_L02,0,A
ECARO:TRANSMONEE(1.0),GE,EDUNF_GECER_L02,_T,_T,_T,_T,1998,38.16966,PCNT,,A,UIS: EDUNF_GECER_L02,0,A
ECARO:TRANSMONEE(1.0),GE,EDUNF_GECER_L02,_T,_T,_T,_T,1999,41.05333,PCNT,,A,UIS: EDUNF_GECER_L02,0,A
ECARO:TRANSMONEE(1.0),GE,EDUNF_GECER_L02,_T,_T,_T,_T,2000,44.42656,PCNT,,A,UIS: EDUNF_GECER_L02,0,A
ECARO:TRANSMONEE(1.0),GE,EDUNF_GECER_L02,_T,_T,_T,_T,2001,46.67441,PCNT,,A,UIS: EDUNF_GECER_L02,0,A
ECARO:TRANSMONEE(1.0),GE,EDUNF_GECER_L02,_T,_T,_T,_T,2002,47.90621,PCNT,,A,UIS: EDUNF_GECER_L02,0,A
ECARO:TRANSMONEE(1.0),GE,EDUNF_GECER_L02,_T,_T,_T,_T,2003,48.52429,PCNT,,A,UIS: EDUNF_GECER_L02,0,A
ECARO:TRANSMONEE(1.0),GE,EDUNF_GECER_L02,_T,_T,_T,_T,2004,49.81765,PCNT,,A,UIS: EDUNF_GECER_L02,0,A
ECARO:TRANSMONEE(1.0),GE,EDUNF_GECER_L02,_T,_T,_T,_T,2005,52.37109,PCNT,,A,UIS: EDUNF_GECER_L02,0,A
ECARO:TRANSMONEE(1.0),GE,EDUNF_GECER_L02,_T,_T,_T,_T,2006,54.85636,PCNT,,A,UIS: EDUNF_GECER_L02,0,A
ECARO:TRANSMONEE(1.0),GE,EDUNF_GECER_L02,_T,_T,_T,_T,2007,56.73367,PCNT,,A,UIS: EDUNF_GECER_L02,0,A
ECARO:TRANSMONEE(1.0),GE,EDUNF_GECER_L02,_T,_T,_T,_T,2008,57.50912,PCNT,,A,UIS: EDUNF_GECER_L02,0,A
ECARO:TRANSMONEE(1.0),HR,EDUNF_GECER_L02,_T,_T,_T,_T,1998,34.01114,PCNT,,A,UIS: EDUNF_GECER_L02,0,A
ECARO:TRANSMONEE(1.0),HR,EDUNF_GECER_L02,_T,_T,_T,_T,1999,49.23248,PCNT,,A,UIS: EDUNF_GECER_L02,0,A
ECARO:TRANSMONEE(1.0),HR,EDUNF_GECER_L02,_T,_T,_T,_T,2000,52.42026,PCNT,,A,UIS: EDUNF_GECER_L02,0,A
ECARO:TRANSMONEE(1.0),HR,EDUNF_GECER_L02,_T,_T,_T,_T,2001,52.39369,PCNT,,A,UIS: EDUNF_GECER_L02,0,A
ECARO:TRANSMONEE(1.0),HR,EDUNF_GECER_L02,_T,_T,_T,_T,2002,53.57695,PCNT,,A,UIS: EDUNF_GECER_L02,0,A
ECARO:TRANSMONEE(1.0),HR,EDUNF_GECER_L02,_T,_T,_T,_T,2003,52.44590,PCNT,,A,UIS: EDUNF_GECER_L02,0,A
ECARO:TRANSMONEE(1.0),HR,EDUNF_GECER_L02,_T,_T,_T,_T,2004,45.86971,PCNT,,A,UIS: EDUNF_GECER_L02,0,A
ECARO:TRANSMONEE(1.0),HR,EDUNF_GECER_L02,_T,_T,_T,_T,2005,46.43719,PCNT,,A,UIS: EDUNF_GECER_L02,0,A
ECARO:TRANSMONEE(1.0),HR,EDUNF_GECER_L02,_T,_T,_T,_T,2006,47.61300,PCNT,,A,UIS: EDUNF_GECER_L02,0,A
ECARO:TRANSMONEE(1.0),HR,EDUNF_GECER_L02,_T,_T,_T,_T,2007,50.36717,PCNT,,A,UIS: EDUNF_GECER_L02,0,A
ECARO:TRANSMONEE(1.0),HR,EDUNF_GECER_L02,_T,_T,_T,_T,2008,54.54524,PCNT,,A,UIS: EDUNF_GECER_L02,0,A
ECARO:TRANSMONEE(1.0),HR,EDUNF_GECER_L02,_T,_T,_T,_T,2009,58.91685,PCNT,,A,UIS: EDUNF_GECER_L02,0,A
ECARO:TRANSMONEE(1.0),HR,EDUNF_GECER_L02,_T,_T,_T,_T,2010,61.65311,PCNT,,A,UIS: EDUNF_GECER_L02,0,A
ECARO:TRANSMONEE(1.0),HR,EDUNF_GECER_L02,_T,_T,_T,_T,2011,63.23170,PCNT,,A,UIS: EDUNF_GECER_L02,0,A
ECARO:TRANSMONEE(1.0),HR,EDUNF_GECER_L02,_T,_T,_T,_T,2012,62.88064,PCNT,,A,UIS: EDUNF_GECER_L02,0,A
ECARO:TRANSMONEE(1.0),HR,EDUNF_GECER_L02,_T,_T,_T,_T,2013,40.34519,PCNT,,A,UIS: EDUNF_GECER_L02,0,A
ECARO:TRANSMONEE(1.0),HR,EDUNF_GECER_L02,_T,_T,_T,_T,2014,41.75220,PCNT,,A,UIS: EDUNF_GECER_L02,0,A
ECARO:TRANSMONEE(1.0),HR,EDUNF_GECER_L02,_T,_T,_T,_T,2015,43.04439,PCNT,,A,UIS: EDUNF_GECER_L02,0,A
ECARO:TRANSMONEE(1.0),HR,EDUNF_GECER_L02,_T,_T,_T,_T,2016,43.92264,PCNT,,A,UIS: EDUNF_GECER_L02,0,A
ECARO:TRANSMONEE(1.0),HR,EDUNF_GECER_L02,_T,_T,_T,_T,2017,48.33834,PCNT,,A,UIS: EDUNF_GECER_L02,0,A
ECARO:TRANSMONEE(1.0),HU,EDUNF_GECER_L02,_T,_T,_T,_T,1998,79.38931,PCNT,,A,UIS: EDUNF_GECER_L02,0,A
ECARO:TRANSMONEE(1.0),HU,EDUNF_GECER_L02,_T,_T,_T,_T,1999,79.49660,PCNT,,A,UIS: EDUNF_GECER_L02,0,A
ECARO:TRANSMONEE(1.0),HU,EDUNF_GECER_L02,_T,_T,_T,_T,2000,79.55913,PCNT,,A,UIS: EDUNF_GECER_L02,0,A
ECARO:TRANSMONEE(1.0),HU,EDUNF_GECER_L02,_T,_T,_T,_T,2001,78.90115,PCNT,,A,UIS: EDUNF_GECER_L02,0,A
ECARO:TRANSMONEE(1.0),HU,EDUNF_GECER_L02,_T,_T,_T,_T,2002,79.97182,PCNT,,A,UIS: EDUNF_GECER_L02,0,A
ECARO:TRANSMONEE(1.0),HU,EDUNF_GECER_L02,_T,_T,_T,_T,2003,81.65316,PCNT,,A,UIS: EDUNF_GECER_L02,0,A
ECARO:TRANSMONEE(1.0),HU,EDUNF_GECER_L02,_T,_T,_T,_T,2004,84.83432,PCNT,,A,UIS: EDUNF_GECER_L02,0,A
ECARO:TRANSMONEE(1.0),HU,EDUNF_GECER_L02,_T,_T,_T,_T,2005,86.54879,PCNT,,A,UIS: EDUNF_GECER_L02,0,A
ECARO:TRANSMONEE(1.0),HU,EDUNF_GECER_L02,_T,_T,_T,_T,2006,88.24419,PCNT,,A,UIS: EDUNF_GECER_L02,0,A
ECARO:TRANSMONEE(1.0),HU,EDUNF_GECER_L02,_T,_T,_T,_T,2007,88.04132,PCNT,,A,UIS: EDUNF_GECER_L02,0,A
ECARO:TRANSMONEE(1.0),HU,EDUNF_GECER_L02,_T,_T,_T,_T,2008,85.67371,PCNT,,A,UIS: EDUNF_GECER_L02,0,A
ECARO:TRANSMONEE(1.0),HU,EDUNF_GECER_L02,_T,_T,_T,_T,2009,84.56419,PCNT,,A,UIS: EDUNF_GECER_L02,0,A
ECARO:TRANSMONEE(1.0),HU,EDUNF_GECER_L02,_T,_T,_T,_T,2010,85.16206,PCNT,,A,UIS: EDUNF_GECER_L02,0,A
ECARO:TRANSMONEE(1.0),HU,EDUNF_GECER_L02,_T,_T,_T,_T,2011,87.53575,PCNT,,A,UIS: EDUNF_GECER_L02,0,A
ECARO:TRANSMONEE(1.0),HU,EDUNF_GECER_L02,_T,_T,_T,_T,2012,88.23803,PCNT,,A,UIS: EDUNF_GECER_L02,0,A
ECARO:TRANSMONEE(1.0),HU,EDUNF_GECER_L02,_T,_T,_T,_T,2013,70.50831,PCNT,,A,UIS: EDUNF_GECER_L02,0,A
ECARO:TRANSMONEE(1.0),HU,EDUNF_GECER_L02,_T,_T,_T,_T,2014,68.96275,PCNT,,A,UIS: EDUNF_GECER_L02,0,A
ECARO:TRANSMONEE(1.0),HU,EDUNF_GECER_L02,_T,_T,_T,_T,2015,65.55093,PCNT,,A,UIS: EDUNF_GECER_L02,0,A
ECARO:TRANSMONEE(1.0),HU,EDUNF_GECER_L02,_T,_T,_T,_T,2016,65.95026,PCNT,,A,UIS: EDUNF_GECER_L02,0,A
ECARO:TRANSMONEE(1.0),HU,EDUNF_GECER_L02,_T,_T,_T,_T,2017,66.66369,PCNT,,A,UIS: EDUNF_GECER_L02,0,A
ECARO:TRANSMONEE(1.0),KG,EDUNF_GECER_L02,_T,_T,_T,_T,1999,10.18499,PCNT,,A,UIS: EDUNF_GECER_L02,0,A
ECARO:TRANSMONEE(1.0),KG,EDUNF_GECER_L02,_T,_T,_T,_T,2000,9.92434,PCNT,,A,UIS: EDUNF_GECER_L02,0,A
ECARO:TRANSMONEE(1.0),KG,EDUNF_GECER_L02,_T,_T,_T,_T,2001,10.39699,PCNT,,A,UIS: EDUNF_GECER_L02,0,A
ECARO:TRANSMONEE(1.0),KG,EDUNF_GECER_L02,_T,_T,_T,_T,2002,10.56659,PCNT,,A,UIS: EDUNF_GECER_L02,0,A
ECARO:TRANSMONEE(1.0),KG,EDUNF_GECER_L02,_T,_T,_T,_T,2003,11.14204,PCNT,,A,UIS: EDUNF_GECER_L02,0,A
ECARO:TRANSMONEE(1.0),KG,EDUNF_GECER_L02,_T,_T,_T,_T,2004,12.00846,PCNT,,A,UIS: EDUNF_GECER_L02,0,A
ECARO:TRANSMONEE(1.0),KG,EDUNF_GECER_L02,_T,_T,_T,_T,2005,13.41141,PCNT,,A,UIS: EDUNF_GECER_L02,0,A
ECARO:TRANSMONEE(1.0),KG,EDUNF_GECER_L02,_T,_T,_T,_T,2006,14.90527,PCNT,,A,UIS: EDUNF_GECER_L02,0,A
ECARO:TRANSMONEE(1.0),KG,EDUNF_GECER_L02,_T,_T,_T,_T,2007,16.32040,PCNT,,A,UIS: EDUNF_GECER_L02,0,A
ECARO:TRANSMONEE(1.0),KG,EDUNF_GECER_L02,_T,_T,_T,_T,2008,17.49286,PCNT,,A,UIS: EDUNF_GECER_L02,0,A
ECARO:TRANSMONEE(1.0),KG,EDUNF_GECER_L02,_T,_T,_T,_T,2009,18.43779,PCNT,,A,UIS: EDUNF_GECER_L02,0,A
ECARO:TRANSMONEE(1.0),KG,EDUNF_GECER_L02,_T,_T,_T,_T,2010,18.79609,PCNT,,A,UIS: EDUNF_GECER_L02,0,A
ECARO:TRANSMONEE(1.0),KG,EDUNF_GECER_L02,_T,_T,_T,_T,2011,20.30705,PCNT,,A,UIS: EDUNF_GECER_L02,0,A
ECARO:TRANSMONEE(1.0),KG,EDUNF_GECER_L02,_T,_T,_T,_T,2012,24.06679,PCNT,,A,UIS: EDUNF_GECER_L02,0,A
ECARO:TRANSMONEE(1.0),KG,EDUNF_GECER_L02,_T,_T,_T,_T,2013,26.34639,PCNT,,A,UIS: EDUNF_GECER_L02,0,A
ECARO:TRANSMONEE(1.0),KG,EDUNF_GECER_L02,_T,_T,_T,_T,2014,15.95847,PCNT,,A,UIS: EDUNF_GECER_L02,0,A
ECARO:TRANSMONEE(1.0),KG,EDUNF_GECER_L02,_T,_T,_T,_T,2015,17.52234,PCNT,,A,UIS: EDUNF_GECER_L02,0,A
ECARO:TRANSMONEE(1.0),KG,EDUNF_GECER_L02,_T,_T,_T,_T,2016,19.31408,PCNT,,A,UIS: EDUNF_GECER_L02,0,A
ECARO:TRANSMONEE(1.0),KG,EDUNF_GECER_L02,_T,_T,_T,_T,2017,24.58376,PCNT,,A,UIS: EDUNF_GECER_L02,0,A
ECARO:TRANSMONEE(1.0),KG,EDUNF_GECER_L02,_T,_T,_T,_T,2018,25.85483,PCNT,,A,UIS: EDUNF_GECER_L02,0,A
ECARO:TRANSMONEE(1.0),KZ,EDUNF_GECER_L02,_T,_T,_T,_T,1998,14.72589,PCNT,,A,UIS: EDUNF_GECER_L02,0,A
ECARO:TRANSMONEE(1.0),KZ,EDUNF_GECER_L02,_T,_T,_T,_T,1999,14.97977,PCNT,,A,UIS: EDUNF_GECER_L02,0,A
ECARO:TRANSMONEE(1.0),KZ,EDUNF_GECER_L02,_T,_T,_T,_T,2000,20.64985,PCNT,,A,UIS: EDUNF_GECER_L02,0,A
ECARO:TRANSMONEE(1.0),KZ,EDUNF_GECER_L02,_T,_T,_T,_T,2001,27.08875,PCNT,,A,UIS: EDUNF_GECER_L02,0,A
ECARO:TRANSMONEE(1.0),KZ,EDUNF_GECER_L02,_T,_T,_T,_T,2002,27.47151,PCNT,,A,UIS: EDUNF_GECER_L02,0,A
ECARO:TRANSMONEE(1.0),KZ,EDUNF_GECER_L02,_T,_T,_T,_T,2003,29.50204,PCNT,,A,UIS: EDUNF_GECER_L02,0,A
ECARO:TRANSMONEE(1.0),KZ,EDUNF_GECER_L02,_T,_T,_T,_T,2004,30.49504,PCNT,,A,UIS: EDUNF_GECER_L02,0,A
ECARO:TRANSMONEE(1.0),KZ,EDUNF_GECER_L02,_T,_T,_T,_T,2005,32.72739,PCNT,,A,UIS: EDUNF_GECER_L02,0,A
ECARO:TRANSMONEE(1.0),KZ,EDUNF_GECER_L02,_T,_T,_T,_T,2006,33.96050,PCNT,,A,UIS: EDUNF_GECER_L02,0,A
ECARO:TRANSMONEE(1.0),KZ,EDUNF_GECER_L02,_T,_T,_T,_T,2007,36.54297,PCNT,,A,UIS: EDUNF_GECER_L02,0,A
ECARO:TRANSMONEE(1.0),KZ,EDUNF_GECER_L02,_T,_T,_T,_T,2008,37.89384,PCNT,,A,UIS: EDUNF_GECER_L02,0,A
ECARO:TRANSMONEE(1.0),KZ,EDUNF_GECER_L02,_T,_T,_T,_T,2009,38.32595,PCNT,,A,UIS: EDUNF_GECER_L02,0,A
ECARO:TRANSMONEE(1.0),KZ,EDUNF_GECER_L02,_T,_T,_T,_T,2011,48.52119,PCNT,,A,UIS: EDUNF_GECER_L02,0,A
ECARO:TRANSMONEE(1.0),KZ,EDUNF_GECER_L02,_T,_T,_T,_T,2012,53.96138,PCNT,,A,UIS: EDUNF_GECER_L02,0,A
ECARO:TRANSMONEE(1.0),KZ,EDUNF_GECER_L02,_T,_T,_T,_T,2013,57.66417,PCNT,,A,UIS: EDUNF_GECER_L02,0,A
ECARO:TRANSMONEE(1.0),KZ,EDUNF_GECER_L02,_T,_T,_T,_T,2014,57.58225,PCNT,,A,UIS: EDUNF_GECER_L02,0,A
ECARO:TRANSMONEE(1.0),KZ,EDUNF_GECER_L02,_T,_T,_T,_T,2015,39.04001,PCNT,,A,UIS: EDUNF_GECER_L02,0,A
ECARO:TRANSMONEE(1.0),KZ,EDUNF_GECER_L02,_T,_T,_T,_T,2016,38.81967,PCNT,,A,UIS: EDUNF_GECER_L02,0,A
ECARO:TRANSMONEE(1.0),KZ,EDUNF_GECER_L02,_T,_T,_T,_T,2019,41.59160,PCNT,,A,UIS: EDUNF_GECER_L02,0,A
ECARO:TRANSMONEE(1.0),LT,EDUNF_GECER_L02,_T,_T,_T,_T,1989,43.94026,PCNT,,A,UIS: EDUNF_GECER_L02,0,A
ECARO:TRANSMONEE(1.0),LT,EDUNF_GECER_L02,_T,_T,_T,_T,1998,32.35774,PCNT,,A,UIS: EDUNF_GECER_L02,0,A
ECARO:TRANSMONEE(1.0),LT,EDUNF_GECER_L02,_T,_T,_T,_T,1999,36.78802,PCNT,,A,UIS: EDUNF_GECER_L02,0,E
ECARO:TRANSMONEE(1.0),LT,EDUNF_GECER_L02,_T,_T,_T,_T,2000,39.13557,PCNT,,A,UIS: EDUNF_GECER_L02,0,E
ECARO:TRANSMONEE(1.0),LT,EDUNF_GECER_L02,_T,_T,_T,_T,2001,38.52309,PCNT,,A,UIS: EDUNF_GECER_L02,0,E
ECARO:TRANSMONEE(1.0),LT,EDUNF_GECER_L02,_T,_T,_T,_T,2002,40.30933,PCNT,,A,UIS: EDUNF_GECER_L02,0,E
ECARO:TRANSMONEE(1.0),LT,EDUNF_GECER_L02,_T,_T,_T,_T,2003,43.07037,PCNT,,A,UIS: EDUNF_GECER_L02,0,E
ECARO:TRANSMONEE(1.0),LT,EDUNF_GECER_L02,_T,_T,_T,_T,2004,44.10131,PCNT,,A,UIS: EDUNF_GECER_L02,0,E
ECARO:TRANSMONEE(1.0),LT,EDUNF_GECER_L02,_T,_T,_T,_T,2005,45.53455,PCNT,,A,UIS: EDUNF_GECER_L02,0,E
ECARO:TRANSMONEE(1.0),LT,EDUNF_GECER_L02,_T,_T,_T,_T,2006,48.70110,PCNT,,A,UIS: EDUNF_GECER_L02,0,E
ECARO:TRANSMONEE(1.0),LT,EDUNF_GECER_L02,_T,_T,_T,_T,2007,49.34925,PCNT,,A,UIS: EDUNF_GECER_L02,0,E
ECARO:TRANSMONEE(1.0),LT,EDUNF_GECER_L02,_T,_T,_T,_T,2008,50.98634,PCNT,,A,UIS: EDUNF_GECER_L02,0,E
ECARO:TRANSMONEE(1.0),LT,EDUNF_GECER_L02,_T,_T,_T,_T,2009,52.47801,PCNT,,A,UIS: EDUNF_GECER_L02,0,E
ECARO:TRANSMONEE(1.0),LT,EDUNF_GECER_L02,_T,_T,_T,_T,2010,51.45676,PCNT,,A,UIS: EDUNF_GECER_L02,0,E
ECARO:TRANSMONEE(1.0),LT,EDUNF_GECER_L02,_T,_T,_T,_T,2011,43.25130,PCNT,,A,UIS: EDUNF_GECER_L02,0,E
ECARO:TRANSMONEE(1.0),LT,EDUNF_GECER_L02,_T,_T,_T,_T,2012,43.92216,PCNT,,A,UIS: EDUNF_GECER_L02,0,E
ECARO:TRANSMONEE(1.0),LT,EDUNF_GECER_L02,_T,_T,_T,_T,2013,45.62895,PCNT,,A,UIS: EDUNF_GECER_L02,0,E
ECARO:TRANSMONEE(1.0),LT,EDUNF_GECER_L02,_T,_T,_T,_T,2014,47.74772,PCNT,,A,UIS: EDUNF_GECER_L02,0,E
ECARO:TRANSMONEE(1.0),LT,EDUNF_GECER_L02,_T,_T,_T,_T,2015,48.87669,PCNT,,A,UIS: EDUNF_GECER_L02,0,E
ECARO:TRANSMONEE(1.0),LT,EDUNF_GECER_L02,_T,_T,_T,_T,2016,49.28481,PCNT,,A,UIS: EDUNF_GECER_L02,0,E
ECARO:TRANSMONEE(1.0),LT,EDUNF_GECER_L02,_T,_T,_T,_T,2017,49.58060,PCNT,,A,UIS: EDUNF_GECER_L02,0,E
ECARO:TRANSMONEE(1.0),LV,EDUNF_GECER_L02,_T,_T,_T,_T,1999,42.14710,PCNT,,A,UIS: EDUNF_GECER_L02,0,E
ECARO:TRANSMONEE(1.0),LV,EDUNF_GECER_L02,_T,_T,_T,_T,2000,45.27198,PCNT,,A,UIS: EDUNF_GECER_L02,0,E
ECARO:TRANSMONEE(1.0),LV,EDUNF_GECER_L02,_T,_T,_T,_T,2001,44.71901,PCNT,,A,UIS: EDUNF_GECER_L02,0,E
ECARO:TRANSMONEE(1.0),LV,EDUNF_GECER_L02,_T,_T,_T,_T,2002,44.93825,PCNT,,A,UIS: EDUNF_GECER_L02,0,E
ECARO:TRANSMONEE(1.0),LV,EDUNF_GECER_L02,_T,_T,_T,_T,2003,52.48052,PCNT,,A,UIS: EDUNF_GECER_L02,0,E
ECARO:TRANSMONEE(1.0),LV,EDUNF_GECER_L02,_T,_T,_T,_T,2004,53.07858,PCNT,,A,UIS: EDUNF_GECER_L02,0,E
ECARO:TRANSMONEE(1.0),LV,EDUNF_GECER_L02,_T,_T,_T,_T,2005,53.79036,PCNT,,A,UIS: EDUNF_GECER_L02,0,E
ECARO:TRANSMONEE(1.0),LV,EDUNF_GECER_L02,_T,_T,_T,_T,2006,54.51051,PCNT,,A,UIS: EDUNF_GECER_L02,0,E
ECARO:TRANSMONEE(1.0),LV,EDUNF_GECER_L02,_T,_T,_T,_T,2007,55.48689,PCNT,,A,UIS: EDUNF_GECER_L02,0,E
ECARO:TRANSMONEE(1.0),LV,EDUNF_GECER_L02,_T,_T,_T,_T,2008,55.56844,PCNT,,A,UIS: EDUNF_GECER_L02,0,E
ECARO:TRANSMONEE(1.0),LV,EDUNF_GECER_L02,_T,_T,_T,_T,2009,55.89560,PCNT,,A,UIS: EDUNF_GECER_L02,0,E
ECARO:TRANSMONEE(1.0),LV,EDUNF_GECER_L02,_T,_T,_T,_T,2010,54.83047,PCNT,,A,UIS: EDUNF_GECER_L02,0,E
ECARO:TRANSMONEE(1.0),LV,EDUNF_GECER_L02,_T,_T,_T,_T,2011,58.05023,PCNT,,A,UIS: EDUNF_GECER_L02,0,E
ECARO:TRANSMONEE(1.0),LV,EDUNF_GECER_L02,_T,_T,_T,_T,2012,61.52248,PCNT,,A,UIS: EDUNF_GECER_L02,0,E
ECARO:TRANSMONEE(1.0),LV,EDUNF_GECER_L02,_T,_T,_T,_T,2013,64.03629,PCNT,,A,UIS: EDUNF_GECER_L02,0,E
ECARO:TRANSMONEE(1.0),LV,EDUNF_GECER_L02,_T,_T,_T,_T,2014,64.00767,PCNT,,A,UIS: EDUNF_GECER_L02,0,E
ECARO:TRANSMONEE(1.0),LV,EDUNF_GECER_L02,_T,_T,_T,_T,2015,62.45351,PCNT,,A,UIS: EDUNF_GECER_L02,0,E
ECARO:TRANSMONEE(1.0),LV,EDUNF_GECER_L02,_T,_T,_T,_T,2016,61.37278,PCNT,,A,UIS: EDUNF_GECER_L02,0,E
ECARO:TRANSMONEE(1.0),LV,EDUNF_GECER_L02,_T,_T,_T,_T,2017,61.14676,PCNT,,A,UIS: EDUNF_GECER_L02,0,E
ECARO:TRANSMONEE(1.0),MD,EDUNF_GECER_L02,_T,_T,_T,_T,1999,48.41082,PCNT,,A,UIS: EDUNF_GECER_L02,0,E
ECARO:TRANSMONEE(1.0),MD,EDUNF_GECER_L02,_T,_T,_T,_T,2000,42.46619,PCNT,,A,UIS: EDUNF_GECER_L02,0,E
ECARO:TRANSMONEE(1.0),MD,EDUNF_GECER_L02,_T,_T,_T,_T,2001,44.08702,PCNT,,A,UIS: EDUNF_GECER_L02,0,E
ECARO:TRANSMONEE(1.0),MD,EDUNF_GECER_L02,_T,_T,_T,_T,2002,47.63430,PCNT,,A,UIS: EDUNF_GECER_L02,0,E
ECARO:TRANSMONEE(1.0),MD,EDUNF_GECER_L02,_T,_T,_T,_T,2003,57.04886,PCNT,,A,UIS: EDUNF_GECER_L02,0,E
ECARO:TRANSMONEE(1.0),MD,EDUNF_GECER_L02,_T,_T,_T,_T,2004,61.11282,PCNT,,A,UIS: EDUNF_GECER_L02,0,E
ECARO:TRANSMONEE(1.0),MD,EDUNF_GECER_L02,_T,_T,_T,_T,2005,66.05888,PCNT,,A,UIS: EDUNF_GECER_L02,0,E
ECARO:TRANSMONEE(1.0),MD,EDUNF_GECER_L02,_T,_T,_T,_T,2006,70.72472,PCNT,,A,UIS: EDUNF_GECER_L02,0,E
ECARO:TRANSMONEE(1.0),MD,EDUNF_GECER_L02,_T,_T,_T,_T,2007,70.14162,PCNT,,A,UIS: EDUNF_GECER_L02,0,E
ECARO:TRANSMONEE(1.0),MD,EDUNF_GECER_L02,_T,_T,_T,_T,2008,72.62811,PCNT,,A,UIS: EDUNF_GECER_L02,0,E
ECARO:TRANSMONEE(1.0),MD,EDUNF_GECER_L02,_T,_T,_T,_T,2009,74.36624,PCNT,,A,UIS: EDUNF_GECER_L02,0,E
ECARO:TRANSMONEE(1.0),MD,EDUNF_GECER_L02,_T,_T,_T,_T,2010,75.50635,PCNT,,A,UIS: EDUNF_GECER_L02,0,E
ECARO:TRANSMONEE(1.0),MD,EDUNF_GECER_L02,_T,_T,_T,_T,2011,77.14787,PCNT,,A,UIS: EDUNF_GECER_L02,0,E
ECARO:TRANSMONEE(1.0),MD,EDUNF_GECER_L02,_T,_T,_T,_T,2012,79.64987,PCNT,,A,UIS: EDUNF_GECER_L02,0,E
ECARO:TRANSMONEE(1.0),MD,EDUNF_GECER_L02,_T,_T,_T,_T,2013,54.22205,PCNT,,A,UIS: EDUNF_GECER_L02,0,E
ECARO:TRANSMONEE(1.0),MD,EDUNF_GECER_L02,_T,_T,_T,_T,2014,55.85232,PCNT,,A,UIS: EDUNF_GECER_L02,0,E
ECARO:TRANSMONEE(1.0),MD,EDUNF_GECER_L02,_T,_T,_T,_T,2015,56.50290,PCNT,,A,UIS: EDUNF_GECER_L02,0,E
ECARO:TRANSMONEE(1.0),MD,EDUNF_GECER_L02,_T,_T,_T,_T,2016,57.35915,PCNT,,A,UIS: EDUNF_GECER_L02,0,E
ECARO:TRANSMONEE(1.0),MD,EDUNF_GECER_L02,_T,_T,_T,_T,2017,57.82068,PCNT,,A,UIS: EDUNF_GECER_L02,0,E
ECARO:TRANSMONEE(1.0),MD,EDUNF_GECER_L02,_T,_T,_T,_T,2018,58.23961,PCNT,,A,UIS: EDUNF_GECER_L02,0,E
ECARO:TRANSMONEE(1.0),ME,EDUNF_GECER_L02,_T,_T,_T,_T,2001,21.60021,PCNT,,A,UIS: EDUNF_GECER_L02,0,A
ECARO:TRANSMONEE(1.0),ME,EDUNF_GECER_L02,_T,_T,_T,_T,2002,23.23421,PCNT,,A,UIS: EDUNF_GECER_L02,0,A
ECARO:TRANSMONEE(1.0),ME,EDUNF_GECER_L02,_T,_T,_T,_T,2003,22.59931,PCNT,,A,UIS: EDUNF_GECER_L02,0,A
ECARO:TRANSMONEE(1.0),ME,EDUNF_GECER_L02,_T,_T,_T,_T,2004,21.40546,PCNT,,A,UIS: EDUNF_GECER_L02,0,A
ECARO:TRANSMONEE(1.0),ME,EDUNF_GECER_L02,_T,_T,_T,_T,2005,21.01410,PCNT,,A,UIS: EDUNF_GECER_L02,0,A
ECARO:TRANSMONEE(1.0),ME,EDUNF_GECER_L02,_T,_T,_T,_T,2006,20.51930,PCNT,,A,UIS: EDUNF_GECER_L02,0,A
ECARO:TRANSMONEE(1.0),ME,EDUNF_GECER_L02,_T,_T,_T,_T,2007,17.87451,PCNT,,A,UIS: EDUNF_GECER_L02,0,A
ECARO:TRANSMONEE(1.0),ME,EDUNF_GECER_L02,_T,_T,_T,_T,2008,19.00121,PCNT,,A,UIS: EDUNF_GECER_L02,0,A
ECARO:TRANSMONEE(1.0),ME,EDUNF_GECER_L02,_T,_T,_T,_T,2009,20.16917,PCNT,,A,UIS: EDUNF_GECER_L02,0,A
ECARO:TRANSMONEE(1.0),ME,EDUNF_GECER_L02,_T,_T,_T,_T,2010,20.82311,PCNT,,A,UIS: EDUNF_GECER_L02,0,A
ECARO:TRANSMONEE(1.0),ME,EDUNF_GECER_L02,_T,_T,_T,_T,2011,32.38069,PCNT,,A,UIS: EDUNF_GECER_L02,0,A
ECARO:TRANSMONEE(1.0),ME,EDUNF_GECER_L02,_T,_T,_T,_T,2012,35.67109,PCNT,,A,UIS: EDUNF_GECER_L02,0,A
ECARO:TRANSMONEE(1.0),ME,EDUNF_GECER_L02,_T,_T,_T,_T,2015,33.90245,PCNT,,A,UIS: EDUNF_GECER_L02,0,A
ECARO:TRANSMONEE(1.0),ME,EDUNF_GECER_L02,_T,_T,_T,_T,2016,33.99285,PCNT,,A,UIS: EDUNF_GECER_L02,0,A
ECARO:TRANSMONEE(1.0),ME,EDUNF_GECER_L02,_T,_T,_T,_T,2017,38.19953,PCNT,,A,UIS: EDUNF_GECER_L02,0,A
ECARO:TRANSMONEE(1.0),ME,EDUNF_GECER_L02,_T,_T,_T,_T,2018,42.17031,PCNT,,A,UIS: EDUNF_GECER_L02,0,A
ECARO:TRANSMONEE(1.0),MK,EDUNF_GECER_L02,_T,_T,_T,_T,1998,25.23168,PCNT,,A,UIS: EDUNF_GECER_L02,0,A
ECARO:TRANSMONEE(1.0),MK,EDUNF_GECER_L02,_T,_T,_T,_T,1999,18.27218,PCNT,,A,UIS: EDUNF_GECER_L02,0,A
ECARO:TRANSMONEE(1.0),MK,EDUNF_GECER_L02,_T,_T,_T,_T,2000,28.50779,PCNT,,A,UIS: EDUNF_GECER_L02,0,A
ECARO:TRANSMONEE(1.0),MK,EDUNF_GECER_L02,_T,_T,_T,_T,2001,19.98149,PCNT,,A,UIS: EDUNF_GECER_L02,0,A
ECARO:TRANSMONEE(1.0),MK,EDUNF_GECER_L02,_T,_T,_T,_T,2002,19.96073,PCNT,,A,UIS: EDUNF_GECER_L02,0,A
ECARO:TRANSMONEE(1.0),MK,EDUNF_GECER_L02,_T,_T,_T,_T,2003,20.49154,PCNT,,A,UIS: EDUNF_GECER_L02,0,A
ECARO:TRANSMONEE(1.0),MK,EDUNF_GECER_L02,_T,_T,_T,_T,2004,21.01483,PCNT,,A,UIS: EDUNF_GECER_L02,0,A
ECARO:TRANSMONEE(1.0),MK,EDUNF_GECER_L02,_T,_T,_T,_T,2005,32.03544,PCNT,,A,UIS: EDUNF_GECER_L02,0,A
ECARO:TRANSMONEE(1.0),MK,EDUNF_GECER_L02,_T,_T,_T,_T,2006,34.01889,PCNT,,A,UIS: EDUNF_GECER_L02,0,A
ECARO:TRANSMONEE(1.0),MK,EDUNF_GECER_L02,_T,_T,_T,_T,2007,37.21765,PCNT,,A,UIS: EDUNF_GECER_L02,0,A
ECARO:TRANSMONEE(1.0),MK,EDUNF_GECER_L02,_T,_T,_T,_T,2008,21.69717,PCNT,,A,UIS: EDUNF_GECER_L02,0,A
ECARO:TRANSMONEE(1.0),MK,EDUNF_GECER_L02,_T,_T,_T,_T,2009,23.14177,PCNT,,A,UIS: EDUNF_GECER_L02,0,A
ECARO:TRANSMONEE(1.0),MK,EDUNF_GECER_L02,_T,_T,_T,_T,2010,24.20690,PCNT,,A,UIS: EDUNF_GECER_L02,0,A
ECARO:TRANSMONEE(1.0),MK,EDUNF_GECER_L02,_T,_T,_T,_T,2011,25.41684,PCNT,,A,UIS: EDUNF_GECER_L02,0,A
ECARO:TRANSMONEE(1.0),MK,EDUNF_GECER_L02,_T,_T,_T,_T,2012,28.64236,PCNT,,A,UIS: EDUNF_GECER_L02,0,A
ECARO:TRANSMONEE(1.0),MK,EDUNF_GECER_L02,_T,_T,_T,_T,2013,18.76949,PCNT,,A,UIS: EDUNF_GECER_L02,0,A
ECARO:TRANSMONEE(1.0),MK,EDUNF_GECER_L02,_T,_T,_T,_T,2014,20.27117,PCNT,,A,UIS: EDUNF_GECER_L02,0,A
ECARO:TRANSMONEE(1.0),MK,EDUNF_GECER_L02,_T,_T,_T,_T,2015,21.24344,PCNT,,A,UIS: EDUNF_GECER_L02,0,A
ECARO:TRANSMONEE(1.0),MK,EDUNF_GECER_L02,_T,_T,_T,_T,2017,24.06538,PCNT,,A,UIS: EDUNF_GECER_L02,0,A
ECARO:TRANSMONEE(1.0),PL,EDUNF_GECER_L02,_T,_T,_T,_T,1978,56.05380,PCNT,,A,UIS: EDUNF_GECER_L02,0,A
ECARO:TRANSMONEE(1.0),PL,EDUNF_GECER_L02,_T,_T,_T,_T,1988,51.77159,PCNT,,A,UIS: EDUNF_GECER_L02,0,A
ECARO:TRANSMONEE(1.0),PL,EDUNF_GECER_L02,_T,_T,_T,_T,1998,47.50499,PCNT,,A,UIS: EDUNF_GECER_L02,0,A
ECARO:TRANSMONEE(1.0),PL,EDUNF_GECER_L02,_T,_T,_T,_T,1999,47.40397,PCNT,,A,UIS: EDUNF_GECER_L02,0,A
ECARO:TRANSMONEE(1.0),PL,EDUNF_GECER_L02,_T,_T,_T,_T,2000,47.23662,PCNT,,A,UIS: EDUNF_GECER_L02,0,A
ECARO:TRANSMONEE(1.0),PL,EDUNF_GECER_L02,_T,_T,_T,_T,2001,47.36846,PCNT,,A,UIS: EDUNF_GECER_L02,0,A
ECARO:TRANSMONEE(1.0),PL,EDUNF_GECER_L02,_T,_T,_T,_T,2002,47.66103,PCNT,,A,UIS: EDUNF_GECER_L02,0,A
ECARO:TRANSMONEE(1.0),PL,EDUNF_GECER_L02,_T,_T,_T,_T,2003,49.83653,PCNT,,A,UIS: EDUNF_GECER_L02,0,A
ECARO:TRANSMONEE(1.0),PL,EDUNF_GECER_L02,_T,_T,_T,_T,2004,52.09919,PCNT,,A,UIS: EDUNF_GECER_L02,0,A
ECARO:TRANSMONEE(1.0),PL,EDUNF_GECER_L02,_T,_T,_T,_T,2005,54.23524,PCNT,,A,UIS: EDUNF_GECER_L02,0,A
ECARO:TRANSMONEE(1.0),PL,EDUNF_GECER_L02,_T,_T,_T,_T,2006,56.63335,PCNT,,A,UIS: EDUNF_GECER_L02,0,A
ECARO:TRANSMONEE(1.0),PL,EDUNF_GECER_L02,_T,_T,_T,_T,2007,59.53067,PCNT,,A,UIS: EDUNF_GECER_L02,0,A
ECARO:TRANSMONEE(1.0),PL,EDUNF_GECER_L02,_T,_T,_T,_T,2008,60.95602,PCNT,,A,UIS: EDUNF_GECER_L02,0,A
ECARO:TRANSMONEE(1.0),PL,EDUNF_GECER_L02,_T,_T,_T,_T,2009,64.43068,PCNT,,A,UIS: EDUNF_GECER_L02,0,A
ECARO:TRANSMONEE(1.0),PL,EDUNF_GECER_L02,_T,_T,_T,_T,2010,69.07934,PCNT,,A,UIS: EDUNF_GECER_L02,0,A
ECARO:TRANSMONEE(1.0),PL,EDUNF_GECER_L02,_T,_T,_T,_T,2011,72.65591,PCNT,,A,UIS: EDUNF_GECER_L02,0,A
ECARO:TRANSMONEE(1.0),PL,EDUNF_GECER_L02,_T,_T,_T,_T,2012,77.08565,PCNT,,A,UIS: EDUNF_GECER_L02,0,A
ECARO:TRANSMONEE(1.0),PL,EDUNF_GECER_L02,_T,_T,_T,_T,2013,77.66025,PCNT,,A,UIS: EDUNF_GECER_L02,0,A
ECARO:TRANSMONEE(1.0),PL,EDUNF_GECER_L02,_T,_T,_T,_T,2014,79.91196,PCNT,,A,UIS: EDUNF_GECER_L02,0,A
ECARO:TRANSMONEE(1.0),PL,EDUNF_GECER_L02,_T,_T,_T,_T,2017,81.14455,PCNT,,A,UIS: EDUNF_GECER_L02,0,A
ECARO:TRANSMONEE(1.0),RO,EDUNF_GECER_L02,_T,_T,_T,_T,1992,54.08585,PCNT,,A,UIS: EDUNF_GECER_L02,0,A
ECARO:TRANSMONEE(1.0),RO,EDUNF_GECER_L02,_T,_T,_T,_T,1999,66.07527,PCNT,,A,UIS: EDUNF_GECER_L02,0,A
ECARO:TRANSMONEE(1.0),RO,EDUNF_GECER_L02,_T,_T,_T,_T,2000,69.51798,PCNT,,A,UIS: EDUNF_GECER_L02,0,A
ECARO:TRANSMONEE(1.0),RO,EDUNF_GECER_L02,_T,_T,_T,_T,2001,72.82361,PCNT,,A,UIS: EDUNF_GECER_L02,0,A
ECARO:TRANSMONEE(1.0),RO,EDUNF_GECER_L02,_T,_T,_T,_T,2002,73.93804,PCNT,,A,UIS: EDUNF_GECER_L02,0,A
ECARO:TRANSMONEE(1.0),RO,EDUNF_GECER_L02,_T,_T,_T,_T,2003,73.79015,PCNT,,A,UIS: EDUNF_GECER_L02,0,A
ECARO:TRANSMONEE(1.0),RO,EDUNF_GECER_L02,_T,_T,_T,_T,2004,72.22493,PCNT,,A,UIS: EDUNF_GECER_L02,0,A
ECARO:TRANSMONEE(1.0),RO,EDUNF_GECER_L02,_T,_T,_T,_T,2005,74.23299,PCNT,,A,UIS: EDUNF_GECER_L02,0,A
ECARO:TRANSMONEE(1.0),RO,EDUNF_GECER_L02,_T,_T,_T,_T,2006,75.39971,PCNT,,A,UIS: EDUNF_GECER_L02,0,A
ECARO:TRANSMONEE(1.0),RO,EDUNF_GECER_L02,_T,_T,_T,_T,2007,76.35889,PCNT,,A,UIS: EDUNF_GECER_L02,0,A
ECARO:TRANSMONEE(1.0),RO,EDUNF_GECER_L02,_T,_T,_T,_T,2008,77.75591,PCNT,,A,UIS: EDUNF_GECER_L02,0,A
ECARO:TRANSMONEE(1.0),RO,EDUNF_GECER_L02,_T,_T,_T,_T,2009,79.18116,PCNT,,A,UIS: EDUNF_GECER_L02,0,A
ECARO:TRANSMONEE(1.0),RO,EDUNF_GECER_L02,_T,_T,_T,_T,2010,80.29283,PCNT,,A,UIS: EDUNF_GECER_L02,0,A
ECARO:TRANSMONEE(1.0),RO,EDUNF_GECER_L02,_T,_T,_T,_T,2011,80.69497,PCNT,,A,UIS: EDUNF_GECER_L02,0,A
ECARO:TRANSMONEE(1.0),RO,EDUNF_GECER_L02,_T,_T,_T,_T,2012,79.30385,PCNT,,A,UIS: EDUNF_GECER_L02,0,A
ECARO:TRANSMONEE(1.0),RO,EDUNF_GECER_L02,_T,_T,_T,_T,2013,44.18362,PCNT,,A,UIS: EDUNF_GECER_L02,0,A
ECARO:TRANSMONEE(1.0),RO,EDUNF_GECER_L02,_T,_T,_T,_T,2014,44.54840,PCNT,,A,UIS: EDUNF_GECER_L02,0,A
ECARO:TRANSMONEE(1.0),RO,EDUNF_GECER_L02,_T,_T,_T,_T,2015,45.31603,PCNT,,A,UIS: EDUNF_GECER_L02,0,A
ECARO:TRANSMONEE(1.0),RO,EDUNF_GECER_L02,_T,_T,_T,_T,2016,44.47636,PCNT,,A,UIS: EDUNF_GECER_L02,0,A
ECARO:TRANSMONEE(1.0),RO,EDUNF_GECER_L02,_T,_T,_T,_T,2017,45.31178,PCNT,,A,UIS: EDUNF_GECER_L02,0,A
ECARO:TRANSMONEE(1.0),RS,EDUNF_GECER_L02,_T,_T,_T,_T,1999,53.91217,PCNT,,A,UIS: EDUNF_GECER_L02,0,E
ECARO:TRANSMONEE(1.0),RS,EDUNF_GECER_L02,_T,_T,_T,_T,2000,51.42011,PCNT,,A,UIS: EDUNF_GECER_L02,0,E
ECARO:TRANSMONEE(1.0),RS,EDUNF_GECER_L02,_T,_T,_T,_T,2001,53.73101,PCNT,,A,UIS: EDUNF_GECER_L02,0,E
ECARO:TRANSMONEE(1.0),RS,EDUNF_GECER_L02,_T,_T,_T,_T,2002,55.48411,PCNT,,A,UIS: EDUNF_GECER_L02,0,E
ECARO:TRANSMONEE(1.0),RS,EDUNF_GECER_L02,_T,_T,_T,_T,2003,55.63205,PCNT,,A,UIS: EDUNF_GECER_L02,0,E
ECARO:TRANSMONEE(1.0),RS,EDUNF_GECER_L02,_T,_T,_T,_T,2004,56.57381,PCNT,,A,UIS: EDUNF_GECER_L02,0,E
ECARO:TRANSMONEE(1.0),RS,EDUNF_GECER_L02,_T,_T,_T,_T,2005,56.32755,PCNT,,A,UIS: EDUNF_GECER_L02,0,E
ECARO:TRANSMONEE(1.0),RS,EDUNF_GECER_L02,_T,_T,_T,_T,2006,56.84039,PCNT,,A,UIS: EDUNF_GECER_L02,0,E
ECARO:TRANSMONEE(1.0),RS,EDUNF_GECER_L02,_T,_T,_T,_T,2007,49.61991,PCNT,,A,UIS: EDUNF_GECER_L02,0,E
ECARO:TRANSMONEE(1.0),RS,EDUNF_GECER_L02,_T,_T,_T,_T,2008,49.68122,PCNT,,A,UIS: EDUNF_GECER_L02,0,E
ECARO:TRANSMONEE(1.0),RS,EDUNF_GECER_L02,_T,_T,_T,_T,2010,52.70153,PCNT,,A,UIS: EDUNF_GECER_L02,0,E
ECARO:TRANSMONEE(1.0),RS,EDUNF_GECER_L02,_T,_T,_T,_T,2011,55.63595,PCNT,,A,UIS: EDUNF_GECER_L02,0,E
ECARO:TRANSMONEE(1.0),RS,EDUNF_GECER_L02,_T,_T,_T,_T,2012,57.31269,PCNT,,A,UIS: EDUNF_GECER_L02,0,E
ECARO:TRANSMONEE(1.0),RS,EDUNF_GECER_L02,_T,_T,_T,_T,2013,39.19173,PCNT,,A,UIS: EDUNF_GECER_L02,0,E
ECARO:TRANSMONEE(1.0),RS,EDUNF_GECER_L02,_T,_T,_T,_T,2014,39.52591,PCNT,,A,UIS: EDUNF_GECER_L02,0,E
ECARO:TRANSMONEE(1.0),RS,EDUNF_GECER_L02,_T,_T,_T,_T,2015,38.84989,PCNT,,A,UIS: EDUNF_GECER_L02,0,E
ECARO:TRANSMONEE(1.0),RS,EDUNF_GECER_L02,_T,_T,_T,_T,2016,39.36660,PCNT,,A,UIS: EDUNF_GECER_L02,0,E
ECARO:TRANSMONEE(1.0),RS,EDUNF_GECER_L02,_T,_T,_T,_T,2017,40.78459,PCNT,,A,UIS: EDUNF_GECER_L02,0,E
ECARO:TRANSMONEE(1.0),RS,EDUNF_GECER_L02,_T,_T,_T,_T,2018,41.73131,PCNT,,A,UIS: EDUNF_GECER_L02,0,E
ECARO:TRANSMONEE(1.0),RU,EDUNF_GECER_L02,_T,_T,_T,_T,2000,50.15848,PCNT,,A,UIS: EDUNF_GECER_L02,0,A
ECARO:TRANSMONEE(1.0),RU,EDUNF_GECER_L02,_T,_T,_T,_T,2003,53.14689,PCNT,,A,UIS: EDUNF_GECER_L02,0,A
ECARO:TRANSMONEE(1.0),RU,EDUNF_GECER_L02,_T,_T,_T,_T,2004,54.80066,PCNT,,A,UIS: EDUNF_GECER_L02,0,A
ECARO:TRANSMONEE(1.0),RU,EDUNF_GECER_L02,_T,_T,_T,_T,2005,54.66652,PCNT,,A,UIS: EDUNF_GECER_L02,0,A
ECARO:TRANSMONEE(1.0),RU,EDUNF_GECER_L02,_T,_T,_T,_T,2006,55.35679,PCNT,,A,UIS: EDUNF_GECER_L02,0,A
ECARO:TRANSMONEE(1.0),RU,EDUNF_GECER_L02,_T,_T,_T,_T,2007,56.46561,PCNT,,A,UIS: EDUNF_GECER_L02,0,A
ECARO:TRANSMONEE(1.0),RU,EDUNF_GECER_L02,_T,_T,_T,_T,2008,59.25767,PCNT,,A,UIS: EDUNF_GECER_L02,0,A
ECARO:TRANSMONEE(1.0),RU,EDUNF_GECER_L02,_T,_T,_T,_T,2009,59.61230,PCNT,,A,UIS: EDUNF_GECER_L02,0,A
ECARO:TRANSMONEE(1.0),RU,EDUNF_GECER_L02,_T,_T,_T,_T,2011,58.59732,PCNT,,A,UIS: EDUNF_GECER_L02,0,A
ECARO:TRANSMONEE(1.0),RU,EDUNF_GECER_L02,_T,_T,_T,_T,2012,59.90007,PCNT,,A,UIS: EDUNF_GECER_L02,0,A
ECARO:TRANSMONEE(1.0),RU,EDUNF_GECER_L02,_T,_T,_T,_T,2013,62.17015,PCNT,,A,UIS: EDUNF_GECER_L02,0,A
ECARO:TRANSMONEE(1.0),RU,EDUNF_GECER_L02,_T,_T,_T,_T,2014,64.56026,PCNT,,A,UIS: EDUNF_GECER_L02,0,A
ECARO:TRANSMONEE(1.0),RU,EDUNF_GECER_L02,_T,_T,_T,_T,2015,66.97400,PCNT,,A,UIS: EDUNF_GECER_L02,0,A
ECARO:TRANSMONEE(1.0),RU,EDUNF_GECER_L02,_T,_T,_T,_T,2016,68.78000,PCNT,,A,UIS: EDUNF_GECER_L02,0,A
ECARO:TRANSMONEE(1.0),RU,EDUNF_GECER_L02,_T,_T,_T,_T,2017,68.61713,PCNT,,A,UIS: EDUNF_GECER_L02,0,A
ECARO:TRANSMONEE(1.0),SI,EDUNF_GECER_L02,_T,_T,_T,_T,1991,52.54448,PCNT,,A,UIS: EDUNF_GECER_L02,0,A
ECARO:TRANSMONEE(1.0),SI,EDUNF_GECER_L02,_T,_T,_T,_T,1998,38.21086,PCNT,,A,UIS: EDUNF_GECER_L02,0,A
ECARO:TRANSMONEE(1.0),SI,EDUNF_GECER_L02,_T,_T,_T,_T,1999,51.26252,PCNT,,A,UIS: EDUNF_GECER_L02,0,A
ECARO:TRANSMONEE(1.0),SI,EDUNF_GECER_L02,_T,_T,_T,_T,2000,52.07502,PCNT,,A,UIS: EDUNF_GECER_L02,0,A
ECARO:TRANSMONEE(1.0),SI,EDUNF_GECER_L02,_T,_T,_T,_T,2001,50.88986,PCNT,,A,UIS: EDUNF_GECER_L02,0,A
ECARO:TRANSMONEE(1.0),SI,EDUNF_GECER_L02,_T,_T,_T,_T,2002,49.01593,PCNT,,A,UIS: EDUNF_GECER_L02,0,A
ECARO:TRANSMONEE(1.0),SI,EDUNF_GECER_L02,_T,_T,_T,_T,2003,45.14943,PCNT,,A,UIS: EDUNF_GECER_L02,0,A
ECARO:TRANSMONEE(1.0),SI,EDUNF_GECER_L02,_T,_T,_T,_T,2004,47.05682,PCNT,,A,UIS: EDUNF_GECER_L02,0,A
ECARO:TRANSMONEE(1.0),SI,EDUNF_GECER_L02,_T,_T,_T,_T,2005,47.66089,PCNT,,A,UIS: EDUNF_GECER_L02,0,A
ECARO:TRANSMONEE(1.0),SI,EDUNF_GECER_L02,_T,_T,_T,_T,2006,49.48933,PCNT,,A,UIS: EDUNF_GECER_L02,0,A
ECARO:TRANSMONEE(1.0),SI,EDUNF_GECER_L02,_T,_T,_T,_T,2007,49.13499,PCNT,,A,UIS: EDUNF_GECER_L02,0,A
ECARO:TRANSMONEE(1.0),SI,EDUNF_GECER_L02,_T,_T,_T,_T,2008,49.98385,PCNT,,A,UIS: EDUNF_GECER_L02,0,A
ECARO:TRANSMONEE(1.0),SI,EDUNF_GECER_L02,_T,_T,_T,_T,2009,50.02314,PCNT,,A,UIS: EDUNF_GECER_L02,0,A
ECARO:TRANSMONEE(1.0),SI,EDUNF_GECER_L02,_T,_T,_T,_T,2010,51.13361,PCNT,,A,UIS: EDUNF_GECER_L02,0,A
ECARO:TRANSMONEE(1.0),SI,EDUNF_GECER_L02,_T,_T,_T,_T,2011,52.58420,PCNT,,A,UIS: EDUNF_GECER_L02,0,A
ECARO:TRANSMONEE(1.0),SI,EDUNF_GECER_L02,_T,_T,_T,_T,2012,54.07748,PCNT,,A,UIS: EDUNF_GECER_L02,0,A
ECARO:TRANSMONEE(1.0),SI,EDUNF_GECER_L02,_T,_T,_T,_T,2013,54.23120,PCNT,,A,UIS: EDUNF_GECER_L02,0,A
ECARO:TRANSMONEE(1.0),SI,EDUNF_GECER_L02,_T,_T,_T,_T,2014,54.84872,PCNT,,A,UIS: EDUNF_GECER_L02,0,A
ECARO:TRANSMONEE(1.0),SI,EDUNF_GECER_L02,_T,_T,_T,_T,2015,55.16423,PCNT,,A,UIS: EDUNF_GECER_L02,0,A
ECARO:TRANSMONEE(1.0),SI,EDUNF_GECER_L02,_T,_T,_T,_T,2016,55.55009,PCNT,,A,UIS: EDUNF_GECER_L02,0,A
ECARO:TRANSMONEE(1.0),SI,EDUNF_GECER_L02,_T,_T,_T,_T,2017,55.84775,PCNT,,A,UIS: EDUNF_GECER_L02,0,A
ECARO:TRANSMONEE(1.0),SK,EDUNF_GECER_L02,_T,_T,_T,_T,1998,77.72693,PCNT,,A,UIS: EDUNF_GECER_L02,0,A
ECARO:TRANSMONEE(1.0),SK,EDUNF_GECER_L02,_T,_T,_T,_T,1999,80.25974,PCNT,,A,UIS: EDUNF_GECER_L02,0,A
ECARO:TRANSMONEE(1.0),SK,EDUNF_GECER_L02,_T,_T,_T,_T,2000,81.19291,PCNT,,A,UIS: EDUNF_GECER_L02,0,A
ECARO:TRANSMONEE(1.0),SK,EDUNF_GECER_L02,_T,_T,_T,_T,2001,81.05157,PCNT,,A,UIS: EDUNF_GECER_L02,0,A
ECARO:TRANSMONEE(1.0),SK,EDUNF_GECER_L02,_T,_T,_T,_T,2002,83.67798,PCNT,,A,UIS: EDUNF_GECER_L02,0,A
ECARO:TRANSMONEE(1.0),SK,EDUNF_GECER_L02,_T,_T,_T,_T,2003,88.99241,PCNT,,A,UIS: EDUNF_GECER_L02,0,A
ECARO:TRANSMONEE(1.0),SK,EDUNF_GECER_L02,_T,_T,_T,_T,2004,94.35011,PCNT,,A,UIS: EDUNF_GECER_L02,0,A
ECARO:TRANSMONEE(1.0),SK,EDUNF_GECER_L02,_T,_T,_T,_T,2005,96.60732,PCNT,,A,UIS: EDUNF_GECER_L02,0,A
ECARO:TRANSMONEE(1.0),SK,EDUNF_GECER_L02,_T,_T,_T,_T,2006,94.01857,PCNT,,A,UIS: EDUNF_GECER_L02,0,A
ECARO:TRANSMONEE(1.0),SK,EDUNF_GECER_L02,_T,_T,_T,_T,2007,93.72045,PCNT,,A,UIS: EDUNF_GECER_L02,0,A
ECARO:TRANSMONEE(1.0),SK,EDUNF_GECER_L02,_T,_T,_T,_T,2008,92.83021,PCNT,,A,UIS: EDUNF_GECER_L02,0,A
ECARO:TRANSMONEE(1.0),SK,EDUNF_GECER_L02,_T,_T,_T,_T,2009,90.91926,PCNT,,A,UIS: EDUNF_GECER_L02,0,A
ECARO:TRANSMONEE(1.0),SK,EDUNF_GECER_L02,_T,_T,_T,_T,2010,90.92970,PCNT,,A,UIS: EDUNF_GECER_L02,0,A
ECARO:TRANSMONEE(1.0),SK,EDUNF_GECER_L02,_T,_T,_T,_T,2011,90.23371,PCNT,,A,UIS: EDUNF_GECER_L02,0,A
ECARO:TRANSMONEE(1.0),SK,EDUNF_GECER_L02,_T,_T,_T,_T,2012,91.17050,PCNT,,A,UIS: EDUNF_GECER_L02,0,A
ECARO:TRANSMONEE(1.0),SK,EDUNF_GECER_L02,_T,_T,_T,_T,2013,91.91332,PCNT,,A,UIS: EDUNF_GECER_L02,0,A
ECARO:TRANSMONEE(1.0),SK,EDUNF_GECER_L02,_T,_T,_T,_T,2014,91.63394,PCNT,,A,UIS: EDUNF_GECER_L02,0,A
ECARO:TRANSMONEE(1.0),SK,EDUNF_GECER_L02,_T,_T,_T,_T,2015,93.11739,PCNT,,A,UIS: EDUNF_GECER_L02,0,A
ECARO:TRANSMONEE(1.0),SK,EDUNF_GECER_L02,_T,_T,_T,_T,2016,93.70440,PCNT,,A,UIS: EDUNF_GECER_L02,0,A
ECARO:TRANSMONEE(1.0),SK,EDUNF_GECER_L02,_T,_T,_T,_T,2017,95.21526,PCNT,,A,UIS: EDUNF_GECER_L02,0,A
ECARO:TRANSMONEE(1.0),TJ,EDUNF_GECER_L02,_T,_T,_T,_T,1998,8.43141,PCNT,,A,UIS: EDUNF_GECER_L02,0,A
ECARO:TRANSMONEE(1.0),TJ,EDUNF_GECER_L02,_T,_T,_T,_T,1999,7.82472,PCNT,,A,UIS: EDUNF_GECER_L02,0,A
ECARO:TRANSMONEE(1.0),TJ,EDUNF_GECER_L02,_T,_T,_T,_T,2000,7.26798,PCNT,,A,UIS: EDUNF_GECER_L02,0,A
ECARO:TRANSMONEE(1.0),TJ,EDUNF_GECER_L02,_T,_T,_T,_T,2001,7.58062,PCNT,,A,UIS: EDUNF_GECER_L02,0,A
ECARO:TRANSMONEE(1.0),TJ,EDUNF_GECER_L02,_T,_T,_T,_T,2002,8.27276,PCNT,,A,UIS: EDUNF_GECER_L02,0,A
ECARO:TRANSMONEE(1.0),TJ,EDUNF_GECER_L02,_T,_T,_T,_T,2003,8.61480,PCNT,,A,UIS: EDUNF_GECER_L02,0,A
ECARO:TRANSMONEE(1.0),TJ,EDUNF_GECER_L02,_T,_T,_T,_T,2004,9.14591,PCNT,,A,UIS: EDUNF_GECER_L02,0,A
ECARO:TRANSMONEE(1.0),TJ,EDUNF_GECER_L02,_T,_T,_T,_T,2005,9.12689,PCNT,,A,UIS: EDUNF_GECER_L02,0,A
ECARO:TRANSMONEE(1.0),TJ,EDUNF_GECER_L02,_T,_T,_T,_T,2006,9.23882,PCNT,,A,UIS: EDUNF_GECER_L02,0,A
ECARO:TRANSMONEE(1.0),TJ,EDUNF_GECER_L02,_T,_T,_T,_T,2007,9.13054,PCNT,,A,UIS: EDUNF_GECER_L02,0,A
ECARO:TRANSMONEE(1.0),TJ,EDUNF_GECER_L02,_T,_T,_T,_T,2008,9.07379,PCNT,,A,UIS: EDUNF_GECER_L02,0,A
ECARO:TRANSMONEE(1.0),TJ,EDUNF_GECER_L02,_T,_T,_T,_T,2009,8.87025,PCNT,,A,UIS: EDUNF_GECER_L02,0,A
ECARO:TRANSMONEE(1.0),TJ,EDUNF_GECER_L02,_T,_T,_T,_T,2010,8.57615,PCNT,,A,UIS: EDUNF_GECER_L02,0,A
ECARO:TRANSMONEE(1.0),TJ,EDUNF_GECER_L02,_T,_T,_T,_T,2011,9.06831,PCNT,,A,UIS: EDUNF_GECER_L02,0,A
ECARO:TRANSMONEE(1.0),TJ,EDUNF_GECER_L02,_T,_T,_T,_T,2012,9.42666,PCNT,,A,UIS: EDUNF_GECER_L02,0,A
ECARO:TRANSMONEE(1.0),TJ,EDUNF_GECER_L02,_T,_T,_T,_T,2013,9.78752,PCNT,,A,UIS: EDUNF_GECER_L02,0,A
ECARO:TRANSMONEE(1.0),TJ,EDUNF_GECER_L02,_T,_T,_T,_T,2014,9.98855,PCNT,,A,UIS: EDUNF_GECER_L02,0,A
ECARO:TRANSMONEE(1.0),TJ,EDUNF_GECER_L02,_T,_T,_T,_T,2015,10.19669,PCNT,,A,UIS: EDUNF_GECER_L02,0,A
ECARO:TRANSMONEE(1.0),TJ,EDUNF_GECER_L02,_T,_T,_T,_T,2016,10.48075,PCNT,,A,UIS: EDUNF_GECER_L02,0,A
ECARO:TRANSMONEE(1.0),TJ,EDUNF_GECER_L02,_T,_T,_T,_T,2017,9.91370,PCNT,,A,UIS: EDUNF_GECER_L02,0,A
ECARO:TRANSMONEE(1.0),TM,EDUNF_GECER_L02,_T,_T,_T,_T,2014,32.37300,PCNT,,A,UIS: EDUNF_GECER_L02,0,A
ECARO:TRANSMONEE(1.0),TR,EDUNF_GECER_L02,_T,_T,_T,_T,2013,16.54322,PCNT,,A,UIS: EDUNF_GECER_L02,0,A
ECARO:TRANSMONEE(1.0),TR,EDUNF_GECER_L02,_T,_T,_T,_T,2014,16.07305,PCNT,,A,UIS: EDUNF_GECER_L02,0,A
ECARO:TRANSMONEE(1.0),TR,EDUNF_GECER_L02,_T,_T,_T,_T,2015,17.34701,PCNT,,A,UIS: EDUNF_GECER_L02,0,A
ECARO:TRANSMONEE(1.0),TR,EDUNF_GECER_L02,_T,_T,_T,_T,2016,17.97733,PCNT,,A,UIS: EDUNF_GECER_L02,0,A
ECARO:TRANSMONEE(1.0),TR,EDUNF_GECER_L02,_T,_T,_T,_T,2017,19.50113,PCNT,,A,UIS: EDUNF_GECER_L02,0,A
ECARO:TRANSMONEE(1.0),UA,EDUNF_GECER_L02,_T,_T,_T,_T,1998,51.19904,PCNT,,A,UIS: EDUNF_GECER_L02,0,A
ECARO:TRANSMONEE(1.0),UA,EDUNF_GECER_L02,_T,_T,_T,_T,1999,51.31581,PCNT,,A,UIS: EDUNF_GECER_L02,0,A
ECARO:TRANSMONEE(1.0),UA,EDUNF_GECER_L02,_T,_T,_T,_T,2000,52.00383,PCNT,,A,UIS: EDUNF_GECER_L02,0,A
ECARO:TRANSMONEE(1.0),UA,EDUNF_GECER_L02,_T,_T,_T,_T,2001,51.25830,PCNT,,A,UIS: EDUNF_GECER_L02,0,A
ECARO:TRANSMONEE(1.0),UA,EDUNF_GECER_L02,_T,_T,_T,_T,2002,53.02968,PCNT,,A,UIS: EDUNF_GECER_L02,0,A
ECARO:TRANSMONEE(1.0),UA,EDUNF_GECER_L02,_T,_T,_T,_T,2003,75.83826,PCNT,,A,UIS: EDUNF_GECER_L02,0,A
ECARO:TRANSMONEE(1.0),UA,EDUNF_GECER_L02,_T,_T,_T,_T,2004,78.60366,PCNT,,A,UIS: EDUNF_GECER_L02,0,A
ECARO:TRANSMONEE(1.0),UA,EDUNF_GECER_L02,_T,_T,_T,_T,2005,82.70925,PCNT,,A,UIS: EDUNF_GECER_L02,0,A
ECARO:TRANSMONEE(1.0),UA,EDUNF_GECER_L02,_T,_T,_T,_T,2006,87.19781,PCNT,,A,UIS: EDUNF_GECER_L02,0,A
ECARO:TRANSMONEE(1.0),UA,EDUNF_GECER_L02,_T,_T,_T,_T,2007,92.32681,PCNT,,A,UIS: EDUNF_GECER_L02,0,A
ECARO:TRANSMONEE(1.0),UA,EDUNF_GECER_L02,_T,_T,_T,_T,2008,97.00348,PCNT,,A,UIS: EDUNF_GECER_L02,0,A
ECARO:TRANSMONEE(1.0),UA,EDUNF_GECER_L02,_T,_T,_T,_T,2009,100.43392,PCNT,,A,UIS: EDUNF_GECER_L02,0,A
ECARO:TRANSMONEE(1.0),UA,EDUNF_GECER_L02,_T,_T,_T,_T,2010,99.06460,PCNT,,A,UIS: EDUNF_GECER_L02,0,A
ECARO:TRANSMONEE(1.0),UA,EDUNF_GECER_L02,_T,_T,_T,_T,2011,100.38244,PCNT,,A,UIS: EDUNF_GECER_L02,0,A
ECARO:TRANSMONEE(1.0),UA,EDUNF_GECER_L02,_T,_T,_T,_T,2012,100.73222,PCNT,,A,UIS: EDUNF_GECER_L02,0,A
ECARO:TRANSMONEE(1.0),UA,EDUNF_GECER_L02,_T,_T,_T,_T,2013,48.48261,PCNT,,A,UIS: EDUNF_GECER_L02,0,A
ECARO:TRANSMONEE(1.0),UZ,EDUNF_GECER_L02,_T,_T,_T,_T,1998,25.92798,PCNT,,A,UIS: EDUNF_GECER_L02,0,A
ECARO:TRANSMONEE(1.0),UZ,EDUNF_GECER_L02,_T,_T,_T,_T,2009,26.01342,PCNT,,A,UIS: EDUNF_GECER_L02,0,A
ECARO:TRANSMONEE(1.0),UZ,EDUNF_GECER_L02,_T,_T,_T,_T,2010,25.58743,PCNT,,A,UIS: EDUNF_GECER_L02,0,A
ECARO:TRANSMONEE(1.0),UZ,EDUNF_GECER_L02,_T,_T,_T,_T,2011,24.95193,PCNT,,A,UIS: EDUNF_GECER_L02,0,A
ECARO:TRANSMONEE(1.0),UZ,EDUNF_GECER_L02,_T,_T,_T,_T,2012,24.50709,PCNT,,A,UIS: EDUNF_GECER_L02,0,A
ECARO:TRANSMONEE(1.0),UZ,EDUNF_GECER_L02,_T,_T,_T,_T,2013,24.06372,PCNT,,A,UIS: EDUNF_GECER_L02,0,A
ECARO:TRANSMONEE(1.0),UZ,EDUNF_GECER_L02,_T,_T,_T,_T,2014,24.02607,PCNT,,A,UIS: EDUNF_GECER_L02,0,A
ECARO:TRANSMONEE(1.0),UZ,EDUNF_GECER_L02,_T,_T,_T,_T,2015,25.17720,PCNT,,A,UIS: EDUNF_GECER_L02,0,A
ECARO:TRANSMONEE(1.0),UZ,EDUNF_GECER_L02,_T,_T,_T,_T,2016,25.06572,PCNT,,A,UIS: EDUNF_GECER_L02,0,A
ECARO:TRANSMONEE(1.0),UZ,EDUNF_GECER_L02,_T,_T,_T,_T,2017,26.75457,PCNT,,A,UIS: EDUNF_GECER_L02,0,A
ECARO:TRANSMONEE(1.0),UZ,EDUNF_GECER_L02,_T,_T,_T,_T,2018,27.94889,PCNT,,A,UIS: EDUNF_GECER_L02,0,A
